customer_id,customer_name,customer_country,customer_state,customer_segment
20755,Cally Holloway,Puerto Rico,PR,Consumer
19492,Irene Luna,Puerto Rico,PR,Consumer
19491,Gillian Maldonado,USA,CA,Consumer
19490,Tana Tate,USA,CA,Home Office
19489,Orli Hendricks,Puerto Rico,PR,Corporate
19488,Kimberly Flowers,USA,NY,Consumer
19487,Constance Terrell,Puerto Rico,PR,Home Office
19486,Erica Stevens,USA,FL,Corporate
19485,Nichole Olsen,Puerto Rico,PR,Corporate
19484,Oprah Delacruz,USA,CA,Corporate
19483,Germane Short,Puerto Rico,PR,Corporate
19482,Freya Robbins,USA,NY,Consumer
19481,Cassandra Jensen,USA,CA,Corporate
19480,Natalie Mcfadden,Puerto Rico,PR,Corporate
19479,Kimberley Sharpe,USA,MA,Corporate
19478,Sade Lancaster,Puerto Rico,PR,Corporate
19477,Brynne Giles,Puerto Rico,PR,Corporate
19476,Ciara Bird,USA,CA,Corporate
19475,Bo Griffin,Puerto Rico,PR,Consumer
19474,Kim Simon,USA,IL,Consumer
19473,Kellie Farmer,USA,CA,Corporate
19472,Alma Conley,Puerto Rico,PR,Corporate
19471,Yeo Bird,USA,CA,Corporate
19470,Lucy Mcknight,Puerto Rico,PR,Corporate
19469,Simone Vance,USA,MT,Corporate
19468,Roary Wheeler,Puerto Rico,PR,Corporate
19467,Quail Ashley,USA,PA,Consumer
19466,Hannah Velez,Puerto Rico,PR,Corporate
19465,Evelyn Kelly,USA,MI,Corporate
19464,Jael Mcfarland,USA,CA,Consumer
19463,Teagan Romero,Puerto Rico,PR,Consumer
19462,Joan Wilder,USA,IL,Consumer
19461,Basia Watts,Puerto Rico,PR,Consumer
19460,Dominique Rogers,USA,MI,Consumer
19459,Ainsley Mathis,USA,TX,Consumer
19458,Aurora Sharp,Puerto Rico,PR,Corporate
19457,Libby Bray,USA,PA,Corporate
19456,Amy Lindsay,USA,TX,Corporate
19455,Ivory Parks,Puerto Rico,PR,Consumer
19454,Karina Prince,USA,DE,Consumer
19453,Deanna Goff,USA,CA,Consumer
19452,Dacey Walters,Puerto Rico,PR,Home Office
19451,Adele Pennington,USA,GA,Home Office
19450,Sybill Spencer,Puerto Rico,PR,Home Office
19449,Kay Sandoval,USA,CA,Consumer
19448,Stacy Mckinney,Puerto Rico,PR,Corporate
19447,Marah Lara,USA,NY,Corporate
19446,Taylor Wood,USA,TX,Corporate
9083,Mary Frank,Puerto Rico,PR,Home Office
4741,Mary Smith,Puerto Rico,PR,Home Office
639,Elizabeth Pittman,Puerto Rico,PR,Home Office
9702,Katherine Tyler,Puerto Rico,PR,Home Office
9114,Mary Smith,Puerto Rico,PR,Home Office
1362,Dennis Smith,Puerto Rico,PR,Home Office
8011,Mary Hill,Puerto Rico,PR,Home Office
3296,Mary Smith,Puerto Rico,PR,Home Office
3182,Frances Smith,Puerto Rico,PR,Home Office
7864,Alice Smith,Puerto Rico,PR,Home Office
11169,Kyle Thomas,Puerto Rico,PR,Home Office
5197,Brenda Jordan,Puerto Rico,PR,Home Office
1535,Frank Livingston,Puerto Rico,PR,Home Office
6122,Johnny Smith,Puerto Rico,PR,Home Office
9451,Mary Smith,Puerto Rico,PR,Home Office
542,Mary Smith,Puerto Rico,PR,Home Office
11329,Hannah Smith,Puerto Rico,PR,Home Office
3570,Mary Nelson,Puerto Rico,PR,Home Office
650,Austin Sexton,Puerto Rico,PR,Home Office
9353,Michael Scott,Puerto Rico,PR,Home Office
54,Mary Olson,Puerto Rico,PR,Home Office
12151,Vincent Krueger,Puerto Rico,PR,Home Office
10018,Gregory Rodriguez,Puerto Rico,PR,Home Office
4936,Kyle Smith,Puerto Rico,PR,Home Office
8707,Lisa Smith,Puerto Rico,PR,Home Office
1025,Megan Todd,Puerto Rico,PR,Home Office
8831,Mary Smith,Puerto Rico,PR,Home Office
10679,Mary Smith,Puerto Rico,PR,Home Office
5007,Mary Smith,Puerto Rico,PR,Home Office
9854,Mary Smith,Puerto Rico,PR,Home Office
376,Grace Sanchez,Puerto Rico,PR,Home Office
5417,Dennis Meyer,Puerto Rico,PR,Home Office
10759,Douglas Smith,Puerto Rico,PR,Home Office
8541,Mary Smith,Puerto Rico,PR,Home Office
3752,Mary Vega,Puerto Rico,PR,Home Office
4673,Wayne Hodges,Puerto Rico,PR,Home Office
5367,Mary Mccormick,Puerto Rico,PR,Home Office
10485,Mary Smith,Puerto Rico,PR,Home Office
9272,Ronald Blackwell,Puerto Rico,PR,Home Office
647,Mary Rios,Puerto Rico,PR,Consumer
6398,Tammy Smith,Puerto Rico,PR,Consumer
4209,Mary Lara,Puerto Rico,PR,Consumer
8917,Mary Smith,Puerto Rico,PR,Consumer
7784,Mary Smith,Puerto Rico,PR,Consumer
1425,Christina Harvey,Puerto Rico,PR,Consumer
2737,Mary Smith,Puerto Rico,PR,Consumer
6428,Mary Smith,Puerto Rico,PR,Consumer
6543,Alexander Smith,Puerto Rico,PR,Consumer
3990,Sandra Smith,Puerto Rico,PR,Consumer
8524,Ruth Farrell,Puerto Rico,PR,Consumer
9204,Mary Harris,Puerto Rico,PR,Consumer
11761,Lauren Coleman,Puerto Rico,PR,Consumer
9554,Mary Hayes,Puerto Rico,PR,Consumer
5118,Mary Smith,Puerto Rico,PR,Consumer
5506,Gregory Smith,Puerto Rico,PR,Consumer
1423,Mary Day,Puerto Rico,PR,Consumer
138,Mary Dawson,Puerto Rico,PR,Consumer
6360,Mary Phillips,Puerto Rico,PR,Consumer
2053,Ronald Smith,Puerto Rico,PR,Consumer
10344,Mary Smith,Puerto Rico,PR,Consumer
3375,Mary Sanchez,Puerto Rico,PR,Consumer
1339,Melissa Mack,Puerto Rico,PR,Consumer
7247,Mary Smith,Puerto Rico,PR,Consumer
1273,Maria Evans,Puerto Rico,PR,Consumer
6277,Eugene Smith,Puerto Rico,PR,Consumer
7701,James Lawson,Puerto Rico,PR,Consumer
4126,John Stokes,Puerto Rico,PR,Consumer
9528,Mary Flores,Puerto Rico,PR,Consumer
1853,Mary Austin,Puerto Rico,PR,Consumer
11149,Roy Smith,Puerto Rico,PR,Consumer
5828,Katherine Oconnell,Puerto Rico,PR,Consumer
6887,Mary Smith,Puerto Rico,PR,Consumer
4781,Janet Smith,Puerto Rico,PR,Consumer
10668,Mary Smith,Puerto Rico,PR,Consumer
5421,Mary Carlson,Puerto Rico,PR,Consumer
10200,Nicole Smith,Puerto Rico,PR,Consumer
11254,Sharon Smith,Puerto Rico,PR,Consumer
11106,Mary Navarro,Puerto Rico,PR,Consumer
8456,Mary Smith,Puerto Rico,PR,Consumer
6149,Matthew Bush,Puerto Rico,PR,Consumer
1473,Anthony Young,Puerto Rico,PR,Consumer
1840,Jerry Smith,Puerto Rico,PR,Consumer
6757,Mary Freeman,Puerto Rico,PR,Consumer
3972,Laura Bennett,Puerto Rico,PR,Consumer
9316,Megan Sanders,Puerto Rico,PR,Consumer
11213,Mary Black,Puerto Rico,PR,Consumer
3474,Jack Hatfield,Puerto Rico,PR,Consumer
14630,Kirestin Barr,Puerto Rico,PR,Consumer
13256,Nora Downs,Puerto Rico,PR,Consumer
14665,Jennifer Stokes,Puerto Rico,PR,Consumer
13363,Madonna Ingram,Puerto Rico,PR,Consumer
14645,Noelani Hyde,Puerto Rico,PR,Consumer
13163,Sydnee Nolan,Puerto Rico,PR,Consumer
14553,Willa Potter,Puerto Rico,PR,Consumer
14287,Alma Delgado,Puerto Rico,PR,Consumer
13179,Ila Knight,Puerto Rico,PR,Consumer
13035,Belle Booker,Puerto Rico,PR,Consumer
14322,Alyssa Contreras,Puerto Rico,PR,Consumer
13196,Lani Nash,Puerto Rico,PR,Consumer
14604,Demetria Jarvis,Puerto Rico,PR,Consumer
12961,Joan Nixon,Puerto Rico,PR,Consumer
14676,Gay Harper,Puerto Rico,PR,Consumer
14087,Audrey Acosta,Puerto Rico,PR,Consumer
13194,Riley Jones,Puerto Rico,PR,Consumer
14513,Imani Kelly,Puerto Rico,PR,Consumer
13461,Mechelle Parker,Puerto Rico,PR,Consumer
14510,Imani Castaneda,Puerto Rico,PR,Consumer
13190,Whitney Henderson,Puerto Rico,PR,Consumer
14508,Roanna Martin,Puerto Rico,PR,Consumer
14472,Vivian Hays,Puerto Rico,PR,Consumer
14562,Xantha Brock,Puerto Rico,PR,Consumer
13206,Zia Davis,Puerto Rico,PR,Consumer
13080,Mara Duffy,Puerto Rico,PR,Consumer
14633,Sloane Long,Puerto Rico,PR,Consumer
14097,Winifred Alexander,Puerto Rico,PR,Consumer
13024,Giselle Farrell,Puerto Rico,PR,Consumer
778,John Buckley,Puerto Rico,PR,Consumer
7146,Nancy Curry,Puerto Rico,PR,Consumer
6365,Mary Smith,Puerto Rico,PR,Consumer
8422,Wayne Crawford,Puerto Rico,PR,Consumer
3784,Mary Sharp,Puerto Rico,PR,Consumer
10519,Mary Smith,Puerto Rico,PR,Consumer
7132,David Guerra,Puerto Rico,PR,Consumer
3709,Mary Padilla,Puerto Rico,PR,Consumer
1509,Patricia Petersen,USA,NY,Consumer
1636,Julie Petersen,USA,MD,Consumer
2784,Lisa Smith,USA,CA,Consumer
9174,Tyler Smith,USA,NY,Consumer
122,Karen Smith,USA,OH,Consumer
3800,Shawn Smith,USA,MD,Consumer
10029,Mary Silva,USA,TX,Consumer
2805,Willie Smith,USA,TX,Consumer
12253,Mary Chan,USA,PA,Consumer
3528,Nicole Brooks,USA,CA,Consumer
11018,Bruce Smith,USA,HI,Consumer
3222,Mary Williams,USA,NJ,Consumer
6246,Melissa Ramirez,USA,NY,Consumer
8741,Gregory Smith,USA,CA,Consumer
8050,Elizabeth Smith,USA,TX,Consumer
5474,Mary Sanchez,USA,WI,Consumer
474,Mary Patton,USA,PA,Consumer
12255,Mary Davis,USA,CA,Consumer
10288,Mark Smith,USA,FL,Consumer
4717,Mary Sanders,USA,NY,Consumer
4799,Paul Jensen,USA,HI,Consumer
4533,Walter Chavez,USA,CA,Consumer
12383,Joyce Phillips,USA,NY,Consumer
3518,Daniel Smith,USA,CA,Consumer
4674,Mary Lynn,USA,NY,Consumer
8519,Pamela Michael,USA,IL,Consumer
5302,Betty Smith,USA,MA,Consumer
3594,Mary Smith,USA,CA,Consumer
9890,Christian Luna,USA,AZ,Consumer
1410,Mary Smith,USA,CA,Consumer
7521,Mary Ortega,USA,PA,Consumer
2106,Mary Grimes,USA,CO,Consumer
8144,Mary Summers,USA,CA,Consumer
5643,Tiffany Caldwell,USA,MD,Consumer
2041,Paul Garcia,USA,MN,Consumer
7537,Stephen Lee,USA,TX,Consumer
3056,George Middleton,USA,PA,Consumer
7967,Samuel Jones,USA,PA,Consumer
1758,Larry King,USA,NY,Consumer
7884,Peter Smith,USA,NC,Corporate
289,Diana Richards,USA,NJ,Corporate
10081,Mary Castillo,USA,CA,Corporate
1169,Mary Smith,USA,CA,Corporate
1182,Mary Smith,USA,FL,Corporate
717,Mary Camacho,USA,NM,Corporate
20423,Ainsley Leach,USA,TX,Corporate
5801,Theresa Pearson,USA,FL,Corporate
702,Cynthia Smith,USA,OR,Corporate
6951,Mary Williams,USA,NJ,Corporate
6780,Sean Chung,USA,SC,Corporate
6422,Jonathan Richmond,USA,CA,Corporate
5384,Christopher Smith,USA,TX,Corporate
2985,Donald Price,USA,VA,Corporate
18349,Rana Moreno,USA,NY,Corporate
11286,Mary Garcia,USA,CA,Corporate
489,William Smith,USA,OR,Corporate
4510,Rachel Cochran,USA,OH,Corporate
9626,Dorothy Frye,USA,TX,Corporate
9494,Robert Gilmore,USA,TX,Corporate
1718,Mary Smith,USA,NY,Corporate
5295,Mary Williams,USA,UT,Corporate
3984,Brenda Webster,USA,WA,Corporate
5270,Andrea Johnson,USA,IL,Corporate
10966,Martha Pierce,USA,MA,Corporate
1868,Mary Riddle,USA,NY,Corporate
17446,Freya Golden,USA,TX,Corporate
10071,Mary Lawrence,USA,PA,Corporate
1271,Carolyn Shea,USA,CA,Corporate
11930,Mary Gilbert,USA,MI,Corporate
20529,Lynn Sweeney,USA,CA,Corporate
8358,Mary Smith,USA,CA,Corporate
7705,Julia Robinson,USA,IL,Corporate
17392,Patience Ward,USA,CA,Corporate
18276,Cheryl Koch,USA,CA,Corporate
7795,Sandra Smith,USA,HI,Corporate
20655,Whitney Collins,USA,OH,Corporate
2454,Kyle Curtis,USA,CA,Corporate
150,Mary Smith,USA,NJ,Corporate
10671,Timothy Moses,USA,CA,Corporate
11924,Mary Ramos,USA,CA,Corporate
16086,Aimee Terrell,USA,FL,Corporate
4398,Mary Yoder,USA,CA,Consumer
5687,Mary Chapman,USA,FL,Consumer
8534,Mary Rose,USA,TX,Consumer
3372,Virginia Smith,USA,NJ,Consumer
10927,Jessica Lang,USA,NJ,Consumer
3597,Margaret Smith,USA,FL,Consumer
2052,Mary Anthony,USA,OH,Consumer
4399,Richard Smith,USA,VA,Consumer
185,Deborah Smith,USA,KY,Consumer
3441,Emma Russell,USA,NY,Consumer
11947,Mary Smith,USA,IL,Consumer
1555,Adam Smith,USA,NY,Consumer
9399,Mary Bennett,USA,AZ,Consumer
2792,Roy Carey,USA,MA,Consumer
10118,Mary Reynolds,USA,OH,Consumer
8544,Sarah Smith,USA,NY,Consumer
4296,Edward Sanchez,USA,NY,Consumer
4391,Harry Smith,USA,CA,Consumer
2882,Mary Decker,USA,TX,Consumer
3283,Charles Ramos,USA,WV,Consumer
397,Mary Delgado,USA,MD,Consumer
4104,Debra Butler,USA,IL,Consumer
12214,Jennifer Summers,USA,FL,Consumer
10699,Mary Lee,USA,FL,Consumer
2091,Doris Smith,USA,RI,Consumer
10474,Benjamin Case,USA,CA,Consumer
7504,Stephanie Smith,USA,GA,Consumer
7518,Mary Padilla,USA,IL,Consumer
1738,Nicholas Murray,USA,MI,Consumer
1622,Mary Smith,USA,CA,Consumer
1325,Gregory Nelson,USA,CT,Consumer
5505,Joseph Matthews,USA,NY,Consumer
4210,Matthew Roach,USA,AZ,Consumer
11229,Diane Smith,USA,LA,Consumer
9385,Andrew Whitehead,USA,PA,Consumer
900,George Smith,USA,MI,Consumer
6217,Roger Black,USA,PA,Consumer
9466,Mary Smith,USA,TN,Consumer
4596,Mary Burns,USA,WA,Consumer
5206,Mary Palmer,USA,CA,Consumer
2823,Danielle Smith,USA,IL,Consumer
10408,Sandra Smith,USA,CA,Consumer
11011,Mary Mullins,USA,NY,Consumer
40,Mary Smith,USA,CA,Consumer
11636,Patrick Browning,USA,IL,Consumer
7454,Andrew Kim,USA,CA,Corporate
5138,William Rivera,USA,CA,Corporate
8696,Mary Pope,USA,DC,Corporate
2329,Mary Smith,USA,FL,Corporate
12431,Mary Rios,USA,HI,Corporate
10860,Mary Johnson,USA,CA,Corporate
12094,Mary Smith,USA,NY,Corporate
5088,Mary Smith,USA,CA,Corporate
2200,Evelyn Wilson,USA,TX,Corporate
3997,Margaret Walker,USA,NY,Corporate
8746,Charles Stout,USA,OH,Corporate
3687,Mary Morrow,USA,PA,Corporate
9162,Christina Carter,USA,CA,Corporate
8993,Mary Smith,USA,CA,Corporate
5875,Mary Rodgers,USA,PA,Corporate
2502,Mary Smith,USA,CA,Corporate
9563,Pamela Murphy,USA,CA,Corporate
7259,Jerry Ingram,USA,TN,Corporate
3131,Mary Brown,USA,CA,Corporate
4140,Brandon Smith,USA,OH,Corporate
4539,Jacqueline James,USA,TX,Corporate
6071,Mary Wu,USA,NY,Corporate
8730,Mary Smith,USA,CA,Corporate
9634,Mary Weaver,USA,NJ,Corporate
8010,Kathy Smith,USA,WV,Corporate
3484,Rebecca Hunter,USA,NY,Corporate
7307,Brandon Foster,USA,IL,Corporate
1975,Mary Smith,USA,GA,Corporate
629,Matthew Huffman,USA,CA,Corporate
11753,Richard Reid,USA,FL,Corporate
5375,Jeremy Holmes,USA,CA,Corporate
1695,Amanda Marquez,USA,MN,Corporate
9884,Maria Dorsey,USA,NJ,Corporate
8498,Joseph Pennington,USA,TX,Corporate
7534,Mary Smith,USA,CA,Corporate
123,Mary Mann,USA,OR,Corporate
8925,Mary Erickson,USA,FL,Corporate
5981,Ronald Williamson,USA,MN,Corporate
7347,Carolyn Gallegos,USA,NY,Corporate
19445,Felicia Clark,Puerto Rico,PR,Corporate
19444,Wanda Sanford,USA,CA,Corporate
19443,Hayfa Boyle,USA,TX,Corporate
19442,Lavinia Houston,Puerto Rico,PR,Corporate
19441,Yetta Robinson,USA,MA,Corporate
19440,Jennifer Holmes,Puerto Rico,PR,Corporate
19439,Mara Mcneil,USA,CA,Corporate
19438,Cleo Woodward,Puerto Rico,PR,Home Office
19437,Cally Dunn,USA,ND,Corporate
19436,Wynter Gay,Puerto Rico,PR,Home Office
19435,Hyacinth Nolan,USA,MD,Consumer
19434,Emma Mayo,Puerto Rico,PR,Corporate
19433,Xerxes Terrell,USA,ND,Corporate
19432,Noel Wheeler,USA,HI,Corporate
19431,Maryam Grant,USA,GA,Corporate
19430,Naida Small,Puerto Rico,PR,Corporate
19429,Lana Green,USA,VA,Consumer
19428,Patience Woodward,USA,CA,Consumer
19427,Rylee Garrett,USA,CA,Corporate
19426,Dakota Green,USA,NY,Consumer
19425,Fallon Donovan,Puerto Rico,PR,Consumer
19424,Kylynn Zimmerman,USA,UT,Consumer
19423,Inez Fleming,USA,TN,Consumer
19422,Carolyn Davenport,Puerto Rico,PR,Consumer
19421,Miriam Vega,USA,CA,Consumer
19420,Danielle Rush,USA,GA,Home Office
19419,Chloe Pickett,Puerto Rico,PR,Home Office
19418,Beverly Fisher,USA,MI,Consumer
19417,Gillian Camacho,Puerto Rico,PR,Home Office
19416,Madeline Wooten,USA,NY,Home Office
19415,Yoshi Shelton,Puerto Rico,PR,Consumer
19414,Hadley Russell,USA,CO,Corporate
19413,Renee Morales,USA,MI,Corporate
19412,Iola King,Puerto Rico,PR,Corporate
19411,Tamekah Blair,USA,IL,Corporate
19410,Cherokee Huffman,Puerto Rico,PR,Corporate
19409,Odessa Cherry,USA,MI,Corporate
19408,Rose Mack,Puerto Rico,PR,Consumer
19407,Linda Haley,USA,TN,Consumer
19406,May Kennedy,Puerto Rico,PR,Consumer
19405,Lilah Holmes,USA,OH,Corporate
19404,Tana Franklin,Puerto Rico,PR,Consumer
19403,Emi Mitchell,USA,NY,Corporate
19402,Cynthia Albert,Puerto Rico,PR,Corporate
19401,Myra Manning,USA,MO,Corporate
19400,Medge Mcfarland,USA,CA,Corporate
19399,Chloe Nichols,USA,CA,Home Office
19398,Beatrice Holt,Puerto Rico,PR,Home Office
19397,Ria Padilla,USA,MO,Home Office
19396,Charity Sharpe,Puerto Rico,PR,Home Office
19395,Nell Garrison,USA,CA,Home Office
19394,Tamara Larson,USA,CA,Home Office
19393,Phyllis Higgins,Puerto Rico,PR,Home Office
19392,Nelle Shaffer,USA,GA,Home Office
19391,Aimee Daugherty,Puerto Rico,PR,Corporate
19390,Blossom Middleton,USA,MI,Home Office
19389,Breanna Morrison,USA,NY,Corporate
19388,Katelyn Key,Puerto Rico,PR,Corporate
19387,Karly Porter,USA,AZ,Corporate
19386,Olga Stein,Puerto Rico,PR,Corporate
19385,Brenna Wyatt,USA,CA,Corporate
19384,Tatyana Tyson,Puerto Rico,PR,Home Office
19383,Ifeoma Hendricks,USA,NJ,Corporate
19382,Kitra Howard,USA,TN,Corporate
19381,Summer Hester,USA,TN,Consumer
19380,Sopoline Hood,Puerto Rico,PR,Consumer
19379,Emma Suarez,USA,UT,Home Office
19378,Eliana Santos,Puerto Rico,PR,Consumer
19377,Denise Young,USA,CA,Consumer
19376,Hermione Rose,Puerto Rico,PR,Corporate
19375,Lara Kim,USA,CA,Consumer
19374,Hedy Dunn,Puerto Rico,PR,Consumer
19373,Violet Melton,USA,FL,Home Office
19372,Taylor Aguilar,Puerto Rico,PR,Home Office
19371,Clare Jenkins,USA,NY,Home Office
19370,Xerxes Marsh,Puerto Rico,PR,Corporate
19369,Rhonda Bruce,USA,NY,Corporate
19368,Morgan Jimenez,USA,CA,Consumer
19367,Illiana Mcpherson,Puerto Rico,PR,Consumer
19366,Joan Hickman,USA,CA,Consumer
19365,Amity Weber,Puerto Rico,PR,Consumer
19364,Jayme Tyler,USA,NC,Consumer
19363,Geraldine Mcfadden,USA,OH,Consumer
19362,Anika Stokes,USA,OR,Consumer
19361,Dana Hoffman,Puerto Rico,PR,Consumer
19360,Blossom Hill,Puerto Rico,PR,Corporate
19359,Sybil Noel,USA,NY,Corporate
19358,Genevieve Joyce,USA,OH,Corporate
19357,Tara Gordon,Puerto Rico,PR,Corporate
19356,Emma Armstrong,USA,CA,Consumer
19355,Geraldine Barlow,Puerto Rico,PR,Corporate
19354,Lilah Huff,USA,CA,Home Office
19353,Ella Mcmahon,USA,AZ,Consumer
19352,Lilah Glass,Puerto Rico,PR,Home Office
19351,Alyssa Fowler,USA,HI,Home Office
19350,Heather Rocha,Puerto Rico,PR,Consumer
12069,Brittany Gardner,Puerto Rico,PR,Home Office
9597,Lori Perez,Puerto Rico,PR,Home Office
9467,Billy Butler,Puerto Rico,PR,Home Office
2546,Mary Smith,Puerto Rico,PR,Home Office
2240,Edward West,Puerto Rico,PR,Home Office
11650,Mary Smith,Puerto Rico,PR,Home Office
10368,Matthew Key,Puerto Rico,PR,Home Office
6489,Maria Macdonald,Puerto Rico,PR,Home Office
10533,Michael Smith,Puerto Rico,PR,Home Office
11292,William Saunders,Puerto Rico,PR,Home Office
47,Lori Fuller,Puerto Rico,PR,Home Office
6405,Mary Anderson,Puerto Rico,PR,Home Office
2426,Mary Phillips,Puerto Rico,PR,Home Office
8133,Benjamin Riddle,Puerto Rico,PR,Home Office
1429,Pamela Murphy,Puerto Rico,PR,Home Office
9120,Terry Trujillo,Puerto Rico,PR,Home Office
12221,Betty Sanchez,Puerto Rico,PR,Home Office
9415,Mary Joyce,Puerto Rico,PR,Home Office
724,Lawrence Mclaughlin,Puerto Rico,PR,Home Office
8897,Stephen Blackburn,Puerto Rico,PR,Home Office
7112,Mark Harris,Puerto Rico,PR,Home Office
1086,Mary Smith,Puerto Rico,PR,Home Office
2916,Cynthia Nelson,Puerto Rico,PR,Home Office
11339,Mary King,Puerto Rico,PR,Home Office
10166,Aaron Smith,Puerto Rico,PR,Home Office
3091,Carolyn Rodriguez,Puerto Rico,PR,Home Office
1070,Shawn Huffman,Puerto Rico,PR,Home Office
6871,Gregory Bowman,Puerto Rico,PR,Home Office
2339,Mary Smith,Puerto Rico,PR,Home Office
4232,Mary Garza,Puerto Rico,PR,Home Office
8986,Mary Smith,Puerto Rico,PR,Home Office
6491,Bruce Cruz,Puerto Rico,PR,Home Office
5564,Mary Smith,Puerto Rico,PR,Home Office
7955,Mary Rios,Puerto Rico,PR,Home Office
5728,Sarah Montoya,Puerto Rico,PR,Home Office
9704,Mary Mcneil,Puerto Rico,PR,Home Office
8485,Mary Simmons,Puerto Rico,PR,Home Office
11216,Mary Morgan,Puerto Rico,PR,Home Office
12160,Martha Richmond,Puerto Rico,PR,Home Office
6352,Madison Smith,Puerto Rico,PR,Home Office
5870,John Hughes,Puerto Rico,PR,Home Office
11776,Mary Smith,Puerto Rico,PR,Home Office
7060,Virginia Carroll,Puerto Rico,PR,Home Office
3466,Evelyn Smith,Puerto Rico,PR,Home Office
1834,Jane Nichols,Puerto Rico,PR,Home Office
2439,Mary Smith,Puerto Rico,PR,Home Office
6416,Mary Smith,Puerto Rico,PR,Home Office
6310,Jerry Deleon,Puerto Rico,PR,Home Office
9029,Mary Bryan,Puerto Rico,PR,Home Office
295,Julie Tanner,Puerto Rico,PR,Home Office
9011,Mary Smith,Puerto Rico,PR,Home Office
1577,Mary Smith,Puerto Rico,PR,Home Office
1568,Mary Larson,Puerto Rico,PR,Home Office
9047,Jordan Medina,Puerto Rico,PR,Home Office
7603,Kevin Smith,Puerto Rico,PR,Home Office
6746,Anthony Sanchez,Puerto Rico,PR,Home Office
1566,Mary Simon,Puerto Rico,PR,Consumer
2918,Mary Myers,Puerto Rico,PR,Consumer
1491,Joyce Smith,Puerto Rico,PR,Consumer
14915,Octavia French,Puerto Rico,PR,Consumer
9619,Mary Smith,Puerto Rico,PR,Consumer
2363,Mary Frazier,Puerto Rico,PR,Consumer
5898,Emily Jacobs,Puerto Rico,PR,Consumer
1948,Peter Smith,Puerto Rico,PR,Consumer
1820,Mary Hill,Puerto Rico,PR,Consumer
14770,Kelsie Tate,Puerto Rico,PR,Consumer
1962,Marie Smith,Puerto Rico,PR,Consumer
7175,Judy Webb,Puerto Rico,PR,Consumer
1222,Michael Garcia,Puerto Rico,PR,Consumer
487,Kenneth Brown,Puerto Rico,PR,Consumer
2217,Mary Martinez,Puerto Rico,PR,Consumer
14824,Jaime Todd,Puerto Rico,PR,Consumer
2078,Roger Morales,Puerto Rico,PR,Consumer
10497,Justin Pena,Puerto Rico,PR,Consumer
4695,Hannah Guerra,Puerto Rico,PR,Consumer
9857,Lawrence Deleon,Puerto Rico,PR,Consumer
2168,Mary Reynolds,Puerto Rico,PR,Consumer
4078,Mary Gallegos,Puerto Rico,PR,Consumer
11887,Christopher Smith,Puerto Rico,PR,Consumer
6588,Mary Smith,Puerto Rico,PR,Consumer
7167,Harold Medina,Puerto Rico,PR,Consumer
1459,Mary Smith,Puerto Rico,PR,Consumer
548,Ryan Horton,Puerto Rico,PR,Consumer
5224,Jane Green,Puerto Rico,PR,Consumer
2686,Mary Coffey,Puerto Rico,PR,Consumer
468,Mary Stone,Puerto Rico,PR,Consumer
1260,Kelly Calderon,Puerto Rico,PR,Consumer
3050,Mary Smith,Puerto Rico,PR,Consumer
10308,Mary Smith,Puerto Rico,PR,Consumer
387,Mary Levy,Puerto Rico,PR,Consumer
2270,Mary Smith,Puerto Rico,PR,Consumer
482,Megan Moreno,Puerto Rico,PR,Consumer
1956,Mary Clay,Puerto Rico,PR,Consumer
7466,Mary Warren,Puerto Rico,PR,Consumer
8224,Edward Chang,Puerto Rico,PR,Consumer
3490,Mary Smith,Puerto Rico,PR,Consumer
1596,John Hammond,Puerto Rico,PR,Consumer
3969,Carl Smith,Puerto Rico,PR,Consumer
9342,Teresa Grant,Puerto Rico,PR,Consumer
2028,Cynthia Smith,Puerto Rico,PR,Consumer
3940,Mary Smith,Puerto Rico,PR,Consumer
8293,Nathan Mahoney,Puerto Rico,PR,Consumer
9962,Diana Smith,Puerto Rico,PR,Consumer
8098,Mary Smith,Puerto Rico,PR,Consumer
8348,Mary Maddox,Puerto Rico,PR,Consumer
653,Jason Haas,Puerto Rico,PR,Consumer
8645,Andrew Johnston,Puerto Rico,PR,Consumer
1275,Amanda Smith,Puerto Rico,PR,Consumer
11189,Mary Hammond,Puerto Rico,PR,Consumer
5988,Melissa Miller,Puerto Rico,PR,Consumer
9726,Steven Smith,Puerto Rico,PR,Consumer
5113,Judith Osborne,Puerto Rico,PR,Consumer
7202,Beverly Smith,Puerto Rico,PR,Consumer
1173,Mary Silva,Puerto Rico,PR,Consumer
13597,Sara Mejia,Puerto Rico,PR,Consumer
4047,Marilyn Potter,Puerto Rico,PR,Consumer
6594,Rebecca Austin,Puerto Rico,PR,Consumer
1186,Mary Soto,Puerto Rico,PR,Consumer
4279,Jack Meyer,Puerto Rico,PR,Consumer
4151,Mary Smith,Puerto Rico,PR,Consumer
14848,Karina Harper,Puerto Rico,PR,Consumer
4697,Kathryn Singh,Puerto Rico,PR,Consumer
5887,Mary Peters,Puerto Rico,PR,Consumer
3207,Stephen Smith,Puerto Rico,PR,Consumer
12310,Ralph Nielsen,Puerto Rico,PR,Consumer
8397,Amber Smith,Puerto Rico,PR,Consumer
6306,Donna Browning,Puerto Rico,PR,Consumer
8002,Margaret Martinez,Puerto Rico,PR,Consumer
12382,Jennifer Smith,Puerto Rico,PR,Consumer
7844,Scott Smith,Puerto Rico,PR,Consumer
12291,Jennifer Sims,Puerto Rico,PR,Consumer
6523,Mary Smith,Puerto Rico,PR,Consumer
4867,Mary Smith,Puerto Rico,PR,Consumer
5301,Mary Ward,Puerto Rico,PR,Consumer
4784,Mary Williams,Puerto Rico,PR,Consumer
7446,Lisa Williams,Puerto Rico,PR,Consumer
11455,Mary Weaver,Puerto Rico,PR,Consumer
5364,Thomas Colon,Puerto Rico,PR,Consumer
259,Mary Bates,Puerto Rico,PR,Consumer
11290,Catherine Smith,Puerto Rico,PR,Consumer
8517,Debra Smith,Puerto Rico,PR,Consumer
7407,Diane Kim,Puerto Rico,PR,Consumer
5965,Richard Parker,Puerto Rico,PR,Consumer
8677,Cynthia Mccoy,Puerto Rico,PR,Consumer
10093,Michael Lopez,Puerto Rico,PR,Consumer
12119,Barbara Pham,Puerto Rico,PR,Consumer
8274,Mary Mcgrath,Puerto Rico,PR,Consumer
2291,Mary Mcdonald,Puerto Rico,PR,Consumer
11310,Kenneth Williams,Puerto Rico,PR,Consumer
155,Brittany Juarez,Puerto Rico,PR,Consumer
4998,Mary Smith,Puerto Rico,PR,Consumer
7720,Lisa Ramirez,Puerto Rico,PR,Consumer
3099,Brittany Copeland,Puerto Rico,PR,Consumer
5011,William Berg,Puerto Rico,PR,Consumer
2643,David Smith,Puerto Rico,PR,Consumer
9501,Patricia Smith,Puerto Rico,PR,Consumer
9760,Mary Wolf,Puerto Rico,PR,Consumer
11793,Thomas Riley,Puerto Rico,PR,Consumer
7273,Mary Smith,Puerto Rico,PR,Consumer
3329,Joshua Smith,Puerto Rico,PR,Consumer
9429,George Terrell,Puerto Rico,PR,Consumer
437,Cynthia Benjamin,Puerto Rico,PR,Consumer
2538,Kelly Williams,Puerto Rico,PR,Consumer
4280,Mary Mccoy,Puerto Rico,PR,Consumer
2813,Mary Smith,Puerto Rico,PR,Consumer
4249,Mary Butler,Puerto Rico,PR,Consumer
9697,Stephen Williams,Puerto Rico,PR,Consumer
27,Mary Vincent,Puerto Rico,PR,Consumer
5274,Michael Beard,Puerto Rico,PR,Consumer
11273,Mary Ward,Puerto Rico,PR,Consumer
9495,Nicholas Smith,Puerto Rico,PR,Consumer
4841,John Warner,Puerto Rico,PR,Consumer
9803,Mary Brady,Puerto Rico,PR,Consumer
7391,Mary Garrett,Puerto Rico,PR,Consumer
11426,Mary Smith,Puerto Rico,PR,Consumer
11664,Mary Smith,Puerto Rico,PR,Consumer
5339,Mary Moore,Puerto Rico,PR,Consumer
3204,Edward Smith,Puerto Rico,PR,Consumer
4438,Frank Jennings,Puerto Rico,PR,Consumer
5243,Mary Smith,Puerto Rico,PR,Consumer
5089,James Holloway,Puerto Rico,PR,Consumer
6073,Mary Campos,Puerto Rico,PR,Consumer
8992,Maria Summers,Puerto Rico,PR,Consumer
6466,Susan Meyer,Puerto Rico,PR,Consumer
11438,Mary Pugh,Puerto Rico,PR,Consumer
9524,Mary Nelson,Puerto Rico,PR,Consumer
2464,Teresa Warner,Puerto Rico,PR,Consumer
3770,Mary Johnson,Puerto Rico,PR,Consumer
1306,Zachary Taylor,Puerto Rico,PR,Consumer
10811,Joshua Carter,Puerto Rico,PR,Consumer
12033,Aaron Villa,Puerto Rico,PR,Consumer
9248,Mary Luna,Puerto Rico,PR,Consumer
2214,Mary Smith,Puerto Rico,PR,Consumer
6738,Mary Taylor,Puerto Rico,PR,Consumer
5074,Karen Smith,Puerto Rico,PR,Consumer
9148,Robert Gallagher,Puerto Rico,PR,Consumer
3497,Mary Smith,USA,NY,Consumer
10066,Janice Smith,USA,AZ,Consumer
4248,Jonathan Smith,USA,OR,Consumer
6473,Mary Castillo,USA,CA,Consumer
12288,Karen Smith,USA,IL,Consumer
7764,Mary Wilson,USA,IN,Consumer
11720,Mary Smith,USA,CA,Consumer
3935,Harold Hayes,USA,CA,Consumer
8792,Mary Smith,USA,CA,Consumer
10416,Mary Goodwin,USA,MD,Consumer
424,Stephen Douglas,USA,PA,Consumer
10031,Crystal Blake,USA,NY,Consumer
10819,Michelle Koch,USA,CA,Consumer
5418,Mary Roy,USA,GA,Consumer
7272,Benjamin Hurst,USA,NJ,Consumer
5329,Jack Townsend,USA,CA,Consumer
7810,Henry Smith,USA,TN,Consumer
3624,Grace Shah,USA,FL,Consumer
7331,Pamela Strong,USA,IL,Consumer
125,Mary Gallagher,USA,CA,Consumer
9419,Mary Smith,USA,NY,Consumer
1250,Teresa Smith,USA,MA,Consumer
7683,Cynthia Wallace,USA,NY,Consumer
2728,Mary Adams,USA,FL,Consumer
4612,Mary Wilson,USA,PA,Consumer
12019,Mary Walters,USA,CA,Consumer
10549,Mary Atkinson,USA,MD,Consumer
4909,Mary Smith,USA,AZ,Consumer
5854,Mary Smith,USA,CA,Consumer
3066,Mary Smith,USA,MD,Consumer
11431,Willie Sanders,USA,CA,Consumer
9906,Richard Smith,USA,IL,Consumer
2048,Mary Wolf,USA,NC,Consumer
3071,Mary Meadows,USA,CA,Consumer
11065,Aaron Smith,USA,NY,Consumer
394,David Smith,USA,OH,Consumer
5707,Kathy Sampson,USA,OH,Consumer
2682,Cynthia Miller,USA,OR,Consumer
467,James Smith,USA,CA,Consumer
10577,Jennifer Fuentes,USA,NY,Consumer
3471,Mary Franco,USA,MA,Consumer
3535,Betty Rodgers,USA,CA,Consumer
11715,Mary Smith,USA,CA,Consumer
9814,Daniel Smith,USA,NY,Consumer
4848,Jennifer Morgan,USA,CA,Consumer
569,Mary Frye,USA,ID,Consumer
5749,Mary Smith,USA,TX,Consumer
4460,Mary Smith,USA,CA,Consumer
6506,Anna Bailey,USA,NY,Consumer
6050,Rebecca Arnold,USA,NY,Consumer
3246,Lori Burns,USA,CA,Consumer
2364,Thomas Whitney,USA,TX,Consumer
12216,Ann Deleon,USA,CA,Consumer
11388,Mary Rangel,USA,CA,Consumer
1628,Benjamin Smith,USA,AZ,Consumer
7222,Jesse Stein,USA,CA,Consumer
5929,Mary Shepherd,USA,FL,Consumer
6123,Mary Anderson,USA,PA,Consumer
587,Patrick Smith,USA,UT,Consumer
1240,Mary Warner,USA,NC,Consumer
8806,Amber Diaz,USA,VA,Consumer
341,Mary Smith,USA,CA,Consumer
3064,Sandra Smith,USA,CA,Consumer
10614,James Smith,USA,NJ,Consumer
10563,Mary Smith,USA,FL,Consumer
11002,Alexander Smith,USA,IL,Consumer
11486,Mary Smith,USA,IN,Consumer
1759,Mary Barnett,USA,NY,Consumer
10659,Barbara Beck,USA,NJ,Consumer
8899,Cynthia Brown,USA,CA,Consumer
3315,Andrew Butler,USA,VA,Consumer
10051,Kathryn Smith,USA,TX,Consumer
6402,Mary Frazier,USA,NY,Consumer
4021,Catherine Shelton,USA,OH,Consumer
4195,Katherine Lawrence,USA,TX,Consumer
7464,Mary Ramirez,USA,CA,Consumer
11592,Mary Smith,USA,OR,Consumer
10831,Larry Smith,USA,CA,Consumer
7586,Christina Sanchez,USA,CA,Consumer
8551,Harold Dalton,USA,CA,Corporate
7163,Mary Jones,USA,MI,Corporate
9163,Mary Russell,USA,MT,Corporate
20402,Cleo Buchanan,USA,NJ,Corporate
4807,Raymond Rodgers,USA,CA,Corporate
88,Mary Henry,USA,GA,Corporate
7697,Hannah Wilkins,USA,NY,Corporate
18007,Audra Weber,USA,MD,Corporate
8720,Mary Alvarado,USA,OH,Corporate
12100,Richard Bolton,USA,IL,Corporate
11979,Brandon Smith,USA,WI,Corporate
3905,Denise Smith,USA,CA,Corporate
8552,Mary Smith,USA,PA,Corporate
12038,Patricia Smith,USA,FL,Corporate
15995,Cora Cotton,USA,NV,Corporate
10291,Ann Smith,USA,CO,Corporate
1293,Mary Carey,USA,MA,Corporate
6961,James Mitchell,USA,CA,Corporate
16013,Hillary Atkins,USA,IL,Corporate
7931,Mary Mcdaniel,USA,MD,Corporate
20545,Mara Roman,USA,OH,Corporate
4618,Andrea Smith,USA,GA,Corporate
4357,Mary Smith,USA,AZ,Corporate
3029,Bryan Smith,USA,CA,Corporate
9769,Mary Stevenson,USA,CA,Corporate
3567,Thomas Schroeder,USA,HI,Corporate
5582,Gloria Larson,USA,IL,Corporate
6855,Louis Callahan,USA,PA,Corporate
10026,Mary Wilson,USA,TX,Corporate
20400,Wynter Justice,USA,CA,Corporate
6956,Mary Anderson,USA,IL,Corporate
10082,Anna Smith,USA,TX,Corporate
1839,Mary Soto,USA,MD,Corporate
10155,Mary French,USA,RI,Corporate
1098,Mary Cunningham,USA,TN,Corporate
3172,Karen Boyle,USA,CO,Corporate
5536,Mary Smith,USA,CA,Corporate
11372,Mary Clark,USA,CA,Corporate
4005,Virginia Dyer,USA,MA,Corporate
11632,Mary Smith,USA,TX,Corporate
10891,Mary Smith,USA,MA,Corporate
4813,Mary Smith,USA,CA,Corporate
11801,Shirley Smith,USA,IL,Corporate
6156,Mary Hernandez,USA,NY,Corporate
1763,Mary Huffman,USA,OH,Corporate
6721,Mary Poole,USA,CA,Corporate
12205,Roy Smith,USA,IL,Corporate
10790,Stephen Smith,USA,KS,Corporate
11922,Donald Taylor,USA,MD,Corporate
10438,Barbara Johnston,USA,TX,Corporate
17747,Jacqueline Bauer,USA,NY,Corporate
16011,Martina Bridges,USA,FL,Corporate
18004,Delilah Church,USA,IL,Corporate
8,Megan Smith,USA,MA,Corporate
3275,Steven Williams,USA,CA,Corporate
9023,Jonathan Schmidt,USA,OH,Corporate
8643,Mary Valenzuela,USA,CA,Corporate
11797,Kimberly Smith,USA,CA,Corporate
4062,Eugene Smith,USA,CA,Corporate
6897,Mary Howard,USA,GA,Corporate
11892,Diana Hernandez,USA,CA,Corporate
6763,William Salas,USA,CA,Corporate
17459,Tatyana Vasquez,USA,NY,Corporate
8622,Shirley Smith,USA,FL,Corporate
241,Janet Carter,USA,OH,Corporate
17746,Roanna Combs,USA,CA,Corporate
822,Rebecca Smith,USA,CA,Corporate
6376,Crystal Rodriguez,USA,NY,Corporate
9557,Mary Figueroa,USA,CA,Consumer
11397,Mary Mercer,USA,FL,Consumer
6999,Mary Pitts,USA,IL,Consumer
10534,Mary Brooks,USA,OR,Consumer
6815,Patricia Kramer,USA,CA,Consumer
2269,Brittany Garner,USA,CA,Consumer
10708,Diana Smith,USA,NC,Consumer
9119,Mary Smith,USA,WI,Consumer
9500,Mary Vance,USA,MO,Consumer
9910,Justin Ortega,USA,CA,Consumer
5036,Andrew Smith,USA,CA,Consumer
2698,Mary Adams,USA,CA,Consumer
6220,Mary Smith,USA,NY,Consumer
6947,Frances Boyle,USA,CA,Consumer
442,Mary Smith,USA,PA,Consumer
9671,Jennifer Smith,USA,CA,Consumer
5283,Jacob Guerrero,USA,CA,Consumer
3364,Mary Ramos,USA,CA,Consumer
2170,Nicholas Smith,USA,MI,Consumer
11348,Beverly Roberts,USA,IL,Consumer
10224,Betty Lawson,USA,NV,Consumer
7006,George Smith,USA,VA,Consumer
7363,Mary Cole,USA,NY,Consumer
1595,Mary Smith,USA,MI,Consumer
7492,Vincent Smith,USA,CA,Consumer
9821,Deborah Smith,USA,MA,Consumer
5246,Emily Smith,USA,AZ,Consumer
558,Michael Mclaughlin,USA,PA,Consumer
1063,Mary Friedman,USA,TX,Consumer
2610,Virginia Johnson,USA,CA,Consumer
3964,Harry Smith,USA,NY,Consumer
3868,Rachel Smith,USA,AZ,Consumer
3961,Brian Riddle,USA,AZ,Consumer
1261,Victoria Hancock,USA,CA,Consumer
9341,Karen Collins,USA,IL,Consumer
2550,Christian Castillo,USA,IL,Consumer
12045,Jeffrey Ryan,USA,PA,Consumer
2719,Mary Smith,USA,CA,Consumer
7924,Mary Arnold,USA,NY,Consumer
3206,Mary Smith,USA,NY,Consumer
11945,Mary Smith,USA,HI,Consumer
3141,Cynthia Shannon,USA,NY,Consumer
3942,Stephanie Smith,USA,CA,Consumer
8065,Margaret Smith,USA,CA,Consumer
6758,John Chung,USA,CA,Consumer
4842,Rachel Smith,USA,CA,Consumer
581,Mary Lara,USA,NJ,Consumer
4563,Melissa Powell,USA,TX,Consumer
9096,Mary Andrews,USA,CA,Consumer
9813,Mary Roth,USA,CO,Consumer
2492,Mary Fischer,USA,NJ,Consumer
1445,Linda Ortiz,USA,CA,Consumer
7327,Tammy Hood,USA,FL,Consumer
8701,Linda Green,USA,MI,Consumer
7783,Amy Kent,USA,PA,Consumer
5621,Mary Smith,USA,VA,Consumer
5767,John Smith,USA,CA,Consumer
430,Mary Smith,USA,CA,Consumer
10132,Helen Moody,USA,AZ,Consumer
12350,Henry Jacobs,USA,IL,Consumer
2256,Mary Smith,USA,CA,Consumer
1045,Ronald Rivas,USA,NY,Consumer
5939,Shirley Moore,USA,CT,Consumer
9371,Mary Patterson,USA,ID,Consumer
11536,Justin Smith,USA,OR,Consumer
10129,Mary Kidd,USA,PA,Consumer
7905,Cynthia Garcia,USA,TX,Consumer
8674,Mary Rhodes,USA,CA,Consumer
1902,Alice Murphy,USA,OH,Consumer
1408,Mary Diaz,USA,IL,Consumer
9172,John Smith,USA,CA,Consumer
3659,Margaret Meadows,USA,PA,Consumer
10827,Janice Smith,USA,CA,Consumer
9146,Carl Harrison,USA,IL,Consumer
20,Mary Ellis,USA,NJ,Consumer
8391,Robert Smith,USA,TX,Consumer
11510,Ryan Smith,USA,CA,Consumer
10821,Mary Cooper,USA,NJ,Consumer
4727,Amanda Estes,USA,HI,Consumer
10647,Amy Johnson,USA,IL,Consumer
7141,Mary Jackson,USA,CA,Corporate
6172,James Smith,USA,MD,Corporate
2741,Jason Smith,USA,CA,Corporate
1180,Mary Martin,USA,MI,Corporate
6875,Mary Mcdowell,USA,NJ,Corporate
10864,Jason Beck,USA,NY,Corporate
242,Mary Stein,USA,HI,Corporate
9002,Mary Mullins,USA,NY,Corporate
9145,Gary Smith,USA,NY,Corporate
7887,Mary Keller,USA,OH,Corporate
2817,Rachel Choi,USA,IL,Corporate
2013,Mary Fletcher,USA,MN,Corporate
5920,Dorothy Smith,USA,AZ,Corporate
5674,Ethan Cross,USA,HI,Corporate
11012,Mary Smith,USA,WI,Corporate
6508,Philip Smith,USA,OH,Corporate
8995,Mary Smith,USA,PA,Corporate
9507,Mary Mendoza,USA,CA,Corporate
11056,Larry Booker,USA,LA,Corporate
10558,Christine Smith,USA,HI,Corporate
6707,Grace Smith,USA,VA,Corporate
4029,Mary Roman,USA,VA,Corporate
2189,Ronald Smith,USA,IL,Corporate
1865,Mary Romero,USA,MI,Corporate
9345,Mary Branch,USA,CO,Corporate
9356,Nancy Johnson,USA,AZ,Corporate
5821,Jessica Humphrey,USA,MD,Corporate
532,Mark Smith,USA,TX,Corporate
8977,Mary Rivera,USA,OH,Corporate
4117,Matthew Harrison,USA,NC,Corporate
3985,Debra Gates,USA,OH,Corporate
3586,Mary Smith,USA,NJ,Corporate
9001,Mary Smith,USA,CA,Corporate
10678,Martha Prince,USA,TX,Corporate
1664,Mary Arnold,USA,MI,Corporate
11882,Mary Smith,USA,CA,Corporate
4808,Mary Smith,USA,IL,Corporate
10201,Debra Campbell,USA,LA,Corporate
2292,Ashley Smith,USA,TX,Corporate
11675,Mary Smith,USA,CA,Corporate
1144,Roger Jensen,USA,NY,Corporate
640,Jean Smith,USA,DE,Corporate
8612,Emma Smith,USA,PA,Corporate
4402,Heather Smith,USA,HI,Corporate
3815,Mary Sloan,USA,NJ,Corporate
10834,Susan Sullivan,USA,NM,Corporate
3554,Michael Smith,USA,CA,Corporate
10219,Nicholas Smith,USA,CA,Corporate
11730,Mary Perkins,USA,LA,Corporate
4756,Mary Stanley,USA,NY,Corporate
7229,Mary Smith,USA,NY,Corporate
7963,Mary Fisher,USA,NY,Corporate
4464,Mary Johnson,USA,TX,Corporate
5429,Betty Villegas,USA,MI,Corporate
1383,Catherine Smith,USA,LA,Corporate
3153,Mary Smith,USA,TX,Corporate
11357,Mary Smith,USA,NY,Corporate
4700,Mary Campbell,USA,CO,Corporate
6187,Mary Hess,USA,CA,Corporate
4862,Mary Whitaker,USA,IL,Corporate
6180,Mary Smith,USA,TX,Corporate
11977,Michael Williams,USA,CA,Corporate
10126,Mary Lee,USA,CA,Corporate
1880,Sarah Smith,USA,FL,Corporate
8747,Mary Smith,USA,MI,Corporate
11252,Christian Payne,USA,OH,Corporate
5598,Sharon Smith,USA,TX,Corporate
1067,Mary Hansen,USA,CO,Corporate
8681,Cynthia Smith,USA,CO,Corporate
10884,Zachary Smith,USA,CA,Corporate
8850,Crystal Smith,USA,NY,Corporate
5316,Mary Harris,USA,VA,Corporate
1801,Mary Avila,USA,CO,Corporate
4627,Eric Lang,USA,IL,Corporate
19349,Hope Diaz,USA,FL,Home Office
19348,Unity Oneal,USA,TX,Corporate
19347,Kelly Lyons,Puerto Rico,PR,Corporate
19346,Mechelle Hale,USA,IN,Corporate
19345,Blythe Cantu,Puerto Rico,PR,Consumer
19344,Audrey Witt,USA,CT,Consumer
19343,Cara Scott,Puerto Rico,PR,Corporate
19342,Jorden Bailey,USA,CA,Corporate
19341,Heidi Moran,Puerto Rico,PR,Corporate
19340,Lenore Gaines,USA,CA,Corporate
19339,Aiko Johnston,Puerto Rico,PR,Consumer
19338,Whitney Tate,USA,NJ,Corporate
19337,Kylie Owen,Puerto Rico,PR,Corporate
19336,Demetria Huff,USA,VA,Corporate
19335,Orli Christian,USA,CA,Corporate
19334,Moana Shepherd,Puerto Rico,PR,Consumer
19333,Constance Dawson,USA,HI,Consumer
19332,Amber Wilkins,Puerto Rico,PR,Consumer
19331,Imelda Castaneda,USA,DE,Home Office
19330,Mariam Hopkins,USA,NY,Consumer
19329,Rae Wyatt,Puerto Rico,PR,Corporate
19328,Jamalia Randall,USA,CA,Corporate
19327,Reagan Abbott,Puerto Rico,PR,Corporate
19326,Patience Cote,USA,NY,Consumer
19325,Amena Bowman,USA,NY,Consumer
19324,Mercedes Gonzalez,USA,TX,Consumer
19323,Brianna Cohen,Puerto Rico,PR,Consumer
19322,Xyla Hayes,USA,MI,Consumer
19321,Daria Whitehead,USA,NY,Consumer
19320,Ila Massey,Puerto Rico,PR,Consumer
19319,Kelsie Browning,USA,NY,Consumer
19318,Quail Peck,USA,TX,Consumer
19317,Hyacinth Burris,USA,CA,Corporate
19316,Alma Potts,Puerto Rico,PR,Corporate
19315,Yvette Beard,USA,CA,Consumer
19314,Ina Gilbert,USA,CA,Consumer
19313,Fay Gibbs,Puerto Rico,PR,Consumer
19312,Xyla Sanders,USA,PA,Consumer
19311,Destiny Carver,USA,TX,Consumer
19310,Debra Burgess,Puerto Rico,PR,Consumer
19309,Petra Roberts,Puerto Rico,PR,Consumer
19308,Farrah Chambers,USA,LA,Corporate
19307,Clio Moody,Puerto Rico,PR,Consumer
19306,Leigh Mccullough,USA,CA,Consumer
19305,Jacqueline Hancock,USA,HI,Consumer
19304,Cora Bates,Puerto Rico,PR,Home Office
19303,Tallulah Pratt,USA,AZ,Consumer
19302,Kelly Santana,USA,CA,Consumer
19301,Martha Mcfadden,USA,CA,Home Office
19300,Pearl Greene,Puerto Rico,PR,Consumer
19299,Heather Fisher,USA,CA,Corporate
19298,Maya Middleton,Puerto Rico,PR,Corporate
19297,Kiayada Hopkins,USA,OH,Corporate
19296,Shannon Potter,USA,FL,Consumer
19295,Nayda Nichols,USA,CA,Consumer
19294,Felicia Patterson,USA,IL,Consumer
19293,Beatrice Kelly,Puerto Rico,PR,Corporate
19292,Charissa Hart,USA,MI,Corporate
19291,Fatima Fowler,USA,MI,Corporate
19290,Lilah Haley,USA,VA,Corporate
19289,Dacey Thompson,Puerto Rico,PR,Corporate
19288,Kimberly Mccullough,USA,CA,Corporate
19287,Shelley Galloway,Puerto Rico,PR,Consumer
19286,Yoko Berg,USA,NY,Consumer
19285,Olympia Terry,Puerto Rico,PR,Consumer
19284,Jane Burt,USA,NY,Corporate
19283,Nayda Mason,Puerto Rico,PR,Consumer
19282,Raya Lee,USA,OH,Corporate
16774,Quyn Mckinney,USA,CA,Consumer
16773,Hilary Wynn,Puerto Rico,PR,Consumer
16772,Jane Leblanc,USA,CA,Corporate
16771,Karyn Beach,Puerto Rico,PR,Corporate
16770,Germaine Arnold,USA,NC,Consumer
16769,Maile Huffman,USA,OH,Consumer
16768,Vivien Durham,USA,OR,Consumer
16767,Mariam Huff,Puerto Rico,PR,Consumer
16766,Raven Taylor,Puerto Rico,PR,Home Office
16765,Jaime Roman,USA,NY,Home Office
16764,Charlotte Terry,USA,OH,Consumer
16763,Zelda Hudson,Puerto Rico,PR,Corporate
16762,Isabella Cummings,USA,CA,Consumer
16761,Jayme Hobbs,Puerto Rico,PR,Consumer
16760,Sara Parrish,USA,CA,Consumer
16759,Carla Byrd,USA,AZ,Consumer
16758,Aspen Cain,Puerto Rico,PR,Consumer
16757,Carolyn Shepherd,USA,HI,Corporate
16756,Janna King,Puerto Rico,PR,Consumer
16755,Rachel Sears,USA,FL,Consumer
16754,Xena Navarro,USA,TX,Consumer
16753,Ocean Mcneil,Puerto Rico,PR,Home Office
16752,Hedwig Santana,USA,IN,Home Office
16751,Alea Knowles,Puerto Rico,PR,Home Office
16750,Whitney Lindsay,USA,CT,Corporate
16749,Aileen Trevino,Puerto Rico,PR,Corporate
16748,Cameron Henry,USA,CA,Corporate
16747,Cailin Cervantes,Puerto Rico,PR,Corporate
16746,Jeanette Lott,USA,CA,Corporate
16745,Suki Ballard,Puerto Rico,PR,Corporate
16744,Maxine Lynch,USA,NJ,Consumer
16743,Sophia Conley,Puerto Rico,PR,Consumer
16742,Mechelle Lowe,USA,VA,Consumer
16741,Sybil Langley,USA,CA,Consumer
16740,Emma Mejia,Puerto Rico,PR,Consumer
16739,Skyler Walsh,USA,HI,Consumer
16738,Yvonne Sharpe,Puerto Rico,PR,Consumer
16737,Penelope Webster,USA,DE,Consumer
16736,Eliana Francis,USA,NY,Consumer
16735,Tatum Allen,Puerto Rico,PR,Consumer
16734,Sylvia Harding,USA,CA,Corporate
16733,Amela Weeks,Puerto Rico,PR,Corporate
16732,Christine Rose,USA,NY,Corporate
16731,Keiko Nichols,USA,NY,Corporate
16730,Shana Greer,USA,TX,Corporate
16729,Reagan Olsen,Puerto Rico,PR,Consumer
16728,Hillary Clemons,USA,MI,Consumer
16727,Whoopi Good,USA,NY,Consumer
16726,Giselle Matthews,Puerto Rico,PR,Corporate
16725,Mira Sherman,USA,NY,Corporate
16724,Jaden David,USA,TX,Corporate
16723,Pascale Trevino,USA,CA,Consumer
16722,Maris Lancaster,Puerto Rico,PR,Consumer
16721,Cassady Banks,USA,CA,Corporate
16720,Lani Fischer,USA,CA,Corporate
16719,Quynn Farmer,Puerto Rico,PR,Consumer
16718,Sage Campbell,USA,PA,Consumer
16717,Calista Hull,USA,TX,Consumer
16716,Sacha Johnston,Puerto Rico,PR,Consumer
16715,Moana Sweet,Puerto Rico,PR,Consumer
16714,Daryl Huffman,USA,LA,Consumer
16713,Renee Nelson,Puerto Rico,PR,Consumer
16712,Aphrodite Leon,USA,CA,Home Office
16711,Ila Bolton,USA,HI,Corporate
16710,Nell Powell,Puerto Rico,PR,Corporate
16709,Kylynn Blankenship,USA,AZ,Home Office
16708,Hedy Kelley,USA,CA,Corporate
16707,Olivia Cooley,USA,CA,Corporate
16706,Mallory Wolf,Puerto Rico,PR,Consumer
16705,Madeline Bright,USA,CA,Consumer
16704,Veronica Bayes,Puerto Rico,PR,Consumer
16703,Yuri Davenport,USA,OH,Consumer
16702,Tatyana Callahan,USA,FL,Consumer
16701,Demetria Hall,USA,CA,Consumer
16700,Joelle Acosta,USA,IL,Consumer
16699,Joan Beard,Puerto Rico,PR,Corporate
16698,Kylynn Summers,USA,MI,Consumer
16697,Carolyn Horn,USA,MI,Consumer
16696,Hiroko Rutledge,USA,VA,Consumer
16695,Daryl Byrd,Puerto Rico,PR,Consumer
16694,Amela Rowland,USA,CA,Consumer
16693,Petra Kim,Puerto Rico,PR,Consumer
16692,Kameko Hogan,USA,NY,Corporate
16691,Hollee Herring,Puerto Rico,PR,Consumer
16690,Eden Suarez,USA,NY,Corporate
16689,Lydia Fowler,Puerto Rico,PR,Consumer
16688,Patience Mcintosh,USA,OH,Consumer
16687,Azalia Robles,Puerto Rico,PR,Home Office
16686,Wynter Wynn,USA,TX,Consumer
16685,Alika Church,Puerto Rico,PR,Consumer
16684,Dahlia Mcdaniel,USA,OR,Consumer
16683,Jenette Cabrera,USA,CA,Consumer
16682,Paloma Morin,Puerto Rico,PR,Corporate
16681,Dorothy Duncan,USA,TN,Corporate
16680,Xandra Moss,USA,AZ,Home Office
16679,Mariko George,Puerto Rico,PR,Home Office
16678,Darryl Hodge,USA,NJ,Consumer
16677,Fiona Gray,USA,CA,Consumer
16676,Zephr Nieves,Puerto Rico,PR,Consumer
16675,Xerxes Gordon,USA,TX,Consumer
16674,Uta Mccarthy,Puerto Rico,PR,Consumer
16673,Wendy Roberson,USA,OH,Consumer
16672,Sierra Raymond,Puerto Rico,PR,Consumer
16671,Lilah Bond,USA,GA,Corporate
16670,Kelsey Montgomery,USA,GA,Corporate
16669,Alexis Bailey,USA,MD,Home Office
16668,September Jacobs,Puerto Rico,PR,Consumer
16667,McKenzie Pruitt,USA,MN,Consumer
16666,Eleanor Wiley,Puerto Rico,PR,Corporate
16665,Chastity Rosa,USA,NY,Corporate
16664,Victoria Hewitt,USA,MI,Corporate
16663,Cheyenne Morales,Puerto Rico,PR,Corporate
16662,Cassandra Montoya,USA,FL,Home Office
16661,Kimberly Faulkner,USA,CA,Home Office
16660,Cora Oneil,USA,NY,Home Office
16659,Hanna Phelps,Puerto Rico,PR,Home Office
16658,Ciara Park,USA,WI,Home Office
16657,Mona Graves,USA,CA,Consumer
16656,Martha Ayers,Puerto Rico,PR,Consumer
16655,Ruth Maxwell,USA,OH,Consumer
16654,Mari Russo,Puerto Rico,PR,Home Office
16653,Robin Walker,USA,NC,Corporate
16652,Felicia Vargas,USA,TX,Corporate
16651,Fatima Holt,USA,FL,Consumer
16650,Hedwig Finch,Puerto Rico,PR,Corporate
10041,Mary Smith,Puerto Rico,PR,Home Office
6268,Mary Summers,Puerto Rico,PR,Home Office
6636,Mary Smith,Puerto Rico,PR,Home Office
7468,Mary Hebert,Puerto Rico,PR,Home Office
10588,Jessica Newton,Puerto Rico,PR,Home Office
6280,Mary Day,Puerto Rico,PR,Home Office
1989,Richard Leach,Puerto Rico,PR,Home Office
633,Mary Campbell,Puerto Rico,PR,Home Office
146,Amber Mercado,Puerto Rico,PR,Home Office
10013,Jessica Smith,Puerto Rico,PR,Home Office
12223,Brian Baker,Puerto Rico,PR,Home Office
4497,Shirley Smith,Puerto Rico,PR,Home Office
1575,John Greene,Puerto Rico,PR,Home Office
5820,Margaret Smith,Puerto Rico,PR,Home Office
8608,Mary Robertson,Puerto Rico,PR,Home Office
3104,Megan Smith,Puerto Rico,PR,Home Office
6408,Kevin Cooper,Puerto Rico,PR,Home Office
2431,Olivia Moore,Puerto Rico,PR,Home Office
6497,Mary Lee,Puerto Rico,PR,Home Office
716,Louis Bishop,Puerto Rico,PR,Home Office
7393,Mary Smith,Puerto Rico,PR,Home Office
3405,Bruce Paul,Puerto Rico,PR,Home Office
3150,Ruth Smith,Puerto Rico,PR,Home Office
7687,Evelyn Valencia,Puerto Rico,PR,Home Office
2324,Zachary Smith,Puerto Rico,PR,Home Office
4594,Mary Caldwell,Puerto Rico,PR,Home Office
1171,Mary Smith,Puerto Rico,PR,Home Office
2851,Mary Huffman,Puerto Rico,PR,Home Office
223,Ralph Smith,Puerto Rico,PR,Home Office
9189,Richard Smith,Puerto Rico,PR,Home Office
6827,Mary Smith,Puerto Rico,PR,Home Office
6944,Kyle Robertson,Puerto Rico,PR,Home Office
2924,Timothy Kirby,Puerto Rico,PR,Home Office
3546,Mary Cannon,Puerto Rico,PR,Home Office
9082,Diane Terry,Puerto Rico,PR,Home Office
11782,Michelle Dickson,Puerto Rico,PR,Home Office
8511,Mary Smith,Puerto Rico,PR,Home Office
14170,Margaret Foreman,Puerto Rico,PR,Home Office
10366,Samantha Landry,Puerto Rico,PR,Home Office
5576,Alice Meyer,Puerto Rico,PR,Home Office
412,Cynthia Crawford,Puerto Rico,PR,Home Office
8697,Gerald Smith,Puerto Rico,PR,Home Office
12713,Brianna Pena,Puerto Rico,PR,Home Office
13383,Hollee Barnes,Puerto Rico,PR,Home Office
14684,Susan Forbes,Puerto Rico,PR,Home Office
13112,Kyla Blake,Puerto Rico,PR,Home Office
13238,Xaviera Noel,Puerto Rico,PR,Home Office
13236,Sybil Fields,Puerto Rico,PR,Home Office
13394,Jaden White,Puerto Rico,PR,Home Office
14531,Macy Mclaughlin,Puerto Rico,PR,Home Office
13031,Briar Allen,Puerto Rico,PR,Home Office
13264,Athena King,Puerto Rico,PR,Home Office
14299,Jamalia Ortega,Puerto Rico,PR,Home Office
13029,Rachel Stark,Puerto Rico,PR,Home Office
13496,Dorothy Irwin,Puerto Rico,PR,Home Office
13370,Linda Rowe,Puerto Rico,PR,Home Office
13208,Jamalia Benton,Puerto Rico,PR,Home Office
14297,Patience Ellis,Puerto Rico,PR,Home Office
1673,Mary Smith,Puerto Rico,PR,Home Office
450,Kathryn Carter,Puerto Rico,PR,Home Office
3605,Mary Sanders,Puerto Rico,PR,Home Office
6980,Mary Gilbert,Puerto Rico,PR,Home Office
2927,Mary Sanchez,Puerto Rico,PR,Home Office
9876,Mary Smith,Puerto Rico,PR,Home Office
11784,Mary Cunningham,Puerto Rico,PR,Home Office
5447,James Watkins,Puerto Rico,PR,Home Office
8380,Brittany Smith,Puerto Rico,PR,Home Office
5456,Johnny Smith,Puerto Rico,PR,Home Office
13933,Desirae Dillard,Puerto Rico,PR,Home Office
14717,Maia Cruz,Puerto Rico,PR,Home Office
10492,Mary Smith,Puerto Rico,PR,Home Office
13986,Destiny Richmond,Puerto Rico,PR,Home Office
11288,Cynthia Smith,Puerto Rico,PR,Home Office
127,Mary Martin,Puerto Rico,PR,Home Office
5256,Cheryl Smith,Puerto Rico,PR,Home Office
9818,Mary Avila,Puerto Rico,PR,Home Office
4354,Lori Clements,Puerto Rico,PR,Home Office
11848,Karen Smith,Puerto Rico,PR,Home Office
4631,Carol Smith,Puerto Rico,PR,Home Office
12432,Angela Smith,Puerto Rico,PR,Home Office
11327,Mary Smith,Puerto Rico,PR,Home Office
7576,Frances Smith,Puerto Rico,PR,Home Office
9091,Mary Hickman,Puerto Rico,PR,Home Office
4366,Shirley Riley,Puerto Rico,PR,Home Office
5382,Mary Smith,Puerto Rico,PR,Home Office
10057,Mary Steele,Puerto Rico,PR,Home Office
6611,Dennis Smith,Puerto Rico,PR,Home Office
10863,Kimberly Holmes,Puerto Rico,PR,Home Office
10208,Roger Reeves,Puerto Rico,PR,Home Office
19,Stephanie Mitchell,Puerto Rico,PR,Home Office
14748,Carissa Riggs,Puerto Rico,PR,Home Office
6426,Mary Wade,Puerto Rico,PR,Home Office
6411,Lauren Boyd,Puerto Rico,PR,Home Office
10121,Tammy Smith,Puerto Rico,PR,Home Office
13639,Zena Hendricks,Puerto Rico,PR,Home Office
3738,Cheryl Smith,Puerto Rico,PR,Home Office
1294,Elizabeth Smith,Puerto Rico,PR,Home Office
12117,Helen Smith,Puerto Rico,PR,Home Office
823,Catherine Small,Puerto Rico,PR,Home Office
6316,Kyle Smith,Puerto Rico,PR,Home Office
9349,Mary Martinez,Puerto Rico,PR,Home Office
11423,Gary Blair,Puerto Rico,PR,Home Office
11395,Mary Schmidt,Puerto Rico,PR,Home Office
11034,Mary Smith,Puerto Rico,PR,Home Office
4238,Bryan Griffin,Puerto Rico,PR,Home Office
14742,Marah Huffman,Puerto Rico,PR,Home Office
471,Helen Smith,Puerto Rico,PR,Home Office
10992,Barbara Duran,Puerto Rico,PR,Home Office
2881,Phillip Smith,Puerto Rico,PR,Home Office
2379,Angela Smith,Puerto Rico,PR,Home Office
7531,Bobby Crawford,Puerto Rico,PR,Home Office
6233,Mary Elliott,Puerto Rico,PR,Home Office
11153,Brian Green,Puerto Rico,PR,Consumer
5091,Sarah Smith,Puerto Rico,PR,Consumer
6255,Joshua Smith,Puerto Rico,PR,Consumer
1399,Mary Smith,Puerto Rico,PR,Consumer
9251,Christina Green,Puerto Rico,PR,Consumer
12370,Johnny Cruz,Puerto Rico,PR,Consumer
13702,McKenzie Mclaughli,Puerto Rico,PR,Consumer
13990,Deanna Wolfe,Puerto Rico,PR,Consumer
1516,Mary Smith,Puerto Rico,PR,Consumer
7158,Mary Todd,Puerto Rico,PR,Consumer
9556,Ronald Jackson,Puerto Rico,PR,Consumer
275,Robert Smith,Puerto Rico,PR,Consumer
6010,Nancy Casey,Puerto Rico,PR,Consumer
13665,Blair Daugherty,Puerto Rico,PR,Consumer
785,Lauren Gonzalez,Puerto Rico,PR,Consumer
13611,Melodie Meyer,Puerto Rico,PR,Consumer
10603,Mary Hendricks,Puerto Rico,PR,Consumer
870,Linda Delacruz,Puerto Rico,PR,Consumer
609,Kevin Cantu,Puerto Rico,PR,Consumer
951,Mary Young,Puerto Rico,PR,Consumer
7177,Keith Wong,Puerto Rico,PR,Consumer
2574,Martha Ward,Puerto Rico,PR,Consumer
9699,Timothy Paul,Puerto Rico,PR,Consumer
1785,Mary Smith,Puerto Rico,PR,Consumer
4114,Mary Schultz,Puerto Rico,PR,Consumer
11361,Mary Kennedy,Puerto Rico,PR,Consumer
2590,Mary Andrade,Puerto Rico,PR,Consumer
4293,Mary Stanley,Puerto Rico,PR,Consumer
5480,Matthew Jones,Puerto Rico,PR,Consumer
6320,Ryan Smith,Puerto Rico,PR,Consumer
3311,Ryan Shelton,Puerto Rico,PR,Consumer
9265,Margaret Fischer,Puerto Rico,PR,Consumer
9,Mary Perez,Puerto Rico,PR,Consumer
1158,Emily Price,Puerto Rico,PR,Consumer
11604,Mary Santana,Puerto Rico,PR,Consumer
4186,Joseph Smith,Puerto Rico,PR,Consumer
1851,Mary Smith,Puerto Rico,PR,Consumer
11466,Jennifer Ramos,Puerto Rico,PR,Consumer
7357,Mary Smith,Puerto Rico,PR,Consumer
4033,George Simmons,Puerto Rico,PR,Consumer
7367,Joseph Smith,Puerto Rico,PR,Consumer
2123,Mary Ray,Puerto Rico,PR,Consumer
9957,Charles Bennett,Puerto Rico,PR,Consumer
11900,Bryan Ward,Puerto Rico,PR,Consumer
3012,Mary Smith,Puerto Rico,PR,Consumer
6477,Jerry Booker,Puerto Rico,PR,Consumer
4838,Mark Frank,Puerto Rico,PR,Consumer
12415,Joyce Smith,Puerto Rico,PR,Consumer
2152,Marie Rodriguez,Puerto Rico,PR,Consumer
899,Mary Webster,Puerto Rico,PR,Consumer
4337,Brandon Sullivan,Puerto Rico,PR,Consumer
8302,Mary Jenkins,Puerto Rico,PR,Consumer
7003,Harry Patrick,Puerto Rico,PR,Consumer
5120,Mary Smith,Puerto Rico,PR,Consumer
8103,Donna Jones,Puerto Rico,PR,Consumer
328,William Morrison,Puerto Rico,PR,Consumer
11225,Michael Marshall,Puerto Rico,PR,Consumer
9628,James Young,Puerto Rico,PR,Consumer
10928,Sharon Smith,Puerto Rico,PR,Consumer
12610,Iola Cline,Puerto Rico,PR,Consumer
12549,Martina Flowers,Puerto Rico,PR,Consumer
12530,Amena Colon,Puerto Rico,PR,Consumer
12723,Emily Robles,Puerto Rico,PR,Consumer
15070,India Vasquez,Puerto Rico,PR,Consumer
15086,Nadine Moses,Puerto Rico,PR,Consumer
15068,Miranda Cantu,Puerto Rico,PR,Consumer
15026,Piper Ashley,Puerto Rico,PR,Consumer
15024,Charde Ewing,Puerto Rico,PR,Consumer
12838,Aiko Hunt,Puerto Rico,PR,Consumer
12855,Emma Bray,Puerto Rico,PR,Consumer
15003,Dacey Hendricks,Puerto Rico,PR,Consumer
14591,Calista Freeman,Puerto Rico,PR,Consumer
14348,Denise Mosley,Puerto Rico,PR,Consumer
4943,Paul Sosa,Puerto Rico,PR,Consumer
1900,Paul Mercer,Puerto Rico,PR,Consumer
5670,Rachel Bailey,Puerto Rico,PR,Consumer
1464,Amber Dixon,Puerto Rico,PR,Consumer
5292,Mary Torres,Puerto Rico,PR,Consumer
14768,Donna Ramirez,Puerto Rico,PR,Consumer
10327,Laura Sparks,Puerto Rico,PR,Consumer
10070,Timothy Ross,Puerto Rico,PR,Consumer
8760,Mary Smith,Puerto Rico,PR,Consumer
3975,Louis Meadows,Puerto Rico,PR,Consumer
2907,Russell Maddox,Puerto Rico,PR,Consumer
509,Mary Smith,Puerto Rico,PR,Consumer
882,Mary Smith,Puerto Rico,PR,Consumer
13832,Isabelle Huff,Puerto Rico,PR,Consumer
10099,Mary Smith,Puerto Rico,PR,Consumer
1146,Alice Evans,Puerto Rico,PR,Consumer
12005,Mary Burton,Puerto Rico,PR,Consumer
1461,Mary Webb,Puerto Rico,PR,Consumer
11674,Christina Daniel,Puerto Rico,PR,Consumer
11597,Mildred Smith,Puerto Rico,PR,Consumer
1928,Timothy Rojas,Puerto Rico,PR,Consumer
6388,Emma Smith,Puerto Rico,PR,Consumer
9918,Alice Smith,Puerto Rico,PR,Consumer
6517,Amber Sheppard,Puerto Rico,PR,Consumer
8398,Mary Williams,Puerto Rico,PR,Consumer
8360,Jeremy Smith,Puerto Rico,PR,Consumer
3125,Dylan Walker,Puerto Rico,PR,Consumer
4899,Mary Bauer,Puerto Rico,PR,Consumer
5326,Sean Spencer,USA,CA,Consumer
494,Mary Stanton,USA,CO,Consumer
928,Mary Wilson,USA,NY,Consumer
4960,Mary Smith,USA,OR,Consumer
7762,Mary Roberson,USA,NY,Consumer
10316,Martha Phelps,USA,MO,Consumer
4306,Janice Griffin,USA,VA,Consumer
4161,Heather York,USA,IL,Consumer
6034,Cheryl Smith,USA,CA,Consumer
9247,Kathryn Smith,USA,IL,Consumer
960,Michael Mcdonald,USA,MA,Consumer
9989,Patrick Parsons,USA,GA,Consumer
10165,Joan Buckley,USA,CA,Consumer
8245,Thomas Gray,USA,TX,Consumer
7465,Andrew Smith,USA,NM,Consumer
1107,Nicole Miller,USA,HI,Consumer
2284,Mary Shaffer,USA,PA,Consumer
636,Albert Merritt,USA,CA,Consumer
5584,Ruth Smith,USA,NY,Consumer
3340,Linda Fletcher,USA,NC,Consumer
1576,Dorothy Melton,USA,CA,Consumer
9640,Andrea Leonard,USA,MI,Consumer
9663,Mary Williams,USA,MI,Consumer
9867,Mary Andrews,USA,AZ,Consumer
9220,Anthony Marshall,USA,CA,Consumer
3921,Mary Allen,USA,MI,Consumer
1564,Mary Davenport,USA,NY,Consumer
7231,Jack Smith,USA,CT,Consumer
9008,Ann Smith,USA,PA,Consumer
5158,Ashley Smith,USA,NY,Consumer
2465,Mary Smith,USA,CA,Consumer
3138,Barbara Nelson,USA,TX,Consumer
777,Mary Mullins,USA,CA,Consumer
2947,Roy Smith,USA,CA,Consumer
4839,Ashley Smith,USA,WI,Consumer
1443,Denise Cohen,USA,NJ,Consumer
1449,James Smith,USA,GA,Consumer
3914,Mary Acosta,USA,CT,Consumer
134,Donna Gomez,USA,NY,Consumer
4896,Nicholas Smith,USA,CA,Consumer
3444,Karen Olsen,USA,CA,Consumer
6005,Emily Alexander,USA,CA,Consumer
12332,Kelly Jones,USA,VA,Consumer
6049,Patricia Smith,USA,MO,Consumer
12286,Mary Smith,USA,MD,Consumer
4552,Janice Smith,USA,FL,Consumer
4215,Mary Phillips,USA,FL,Consumer
8115,Kevin Melton,USA,CA,Consumer
8853,Richard Ali,USA,CO,Consumer
8196,Kimberly Sheppard,USA,TX,Consumer
11686,Margaret Daniel,USA,CA,Consumer
8712,Emily Stone,USA,CA,Consumer
8470,Anna Horn,USA,CA,Consumer
9608,Jack Lewis,USA,CA,Consumer
11760,Patricia Smith,USA,MO,Consumer
1996,Mary Smith,USA,NY,Consumer
8703,Michael Lozano,USA,PA,Consumer
11078,Donna Hoover,USA,TX,Consumer
7766,Jack Smith,USA,MO,Consumer
2717,Mary Smith,USA,NY,Consumer
9324,Willie Parker,USA,WI,Consumer
8188,Timothy Smith,USA,NV,Consumer
3938,Mary Smith,USA,NM,Consumer
11700,Ruth Smith,USA,SC,Consumer
8148,Daniel Smith,USA,FL,Consumer
4308,William Smith,USA,NJ,Consumer
2553,Hannah Ellison,USA,CA,Consumer
12416,Aaron Cline,USA,NY,Consumer
1733,Margaret Smith,USA,TX,Consumer
245,Deborah Smith,USA,NY,Consumer
7457,Cheryl Smith,USA,CA,Consumer
2861,Mary Williamson,USA,HI,Consumer
6168,Arthur Li,USA,TX,Consumer
3980,Frances Smith,USA,CA,Consumer
8488,Teresa Allen,USA,FL,Consumer
2278,Marie Smith,USA,OH,Consumer
10823,Angela Oconnell,USA,MI,Consumer
11928,Sharon Chambers,USA,IL,Consumer
6248,Ronald Hanson,USA,CA,Consumer
4789,Kathleen Richmond,USA,OH,Consumer
9253,Benjamin Smith,USA,FL,Consumer
10961,Mary Smith,USA,CA,Consumer
188,Mary Smith,USA,CA,Consumer
11741,Mary Smith,USA,MI,Consumer
3971,John Smith,USA,AR,Consumer
2141,Mary Le,USA,CA,Consumer
12280,John Smith,USA,FL,Consumer
4742,Bobby Mcknight,USA,CA,Consumer
3559,Susan Wright,USA,NV,Consumer
638,Michael Johnson,USA,NJ,Consumer
2110,Cynthia Myers,USA,CA,Consumer
11731,Scott Smith,USA,CA,Consumer
5977,Amanda Shaffer,USA,CA,Consumer
9459,Stephen Bond,USA,CA,Consumer
4187,Jesse Mack,USA,GA,Consumer
1015,Jordan Smith,USA,IL,Consumer
9252,Mary Summers,USA,IL,Consumer
2975,Amy Smith,USA,AZ,Consumer
4452,Joyce Lopez,USA,NY,Consumer
6652,Sharon Hammond,USA,CA,Consumer
3365,William Crawford,USA,SC,Consumer
3369,Joseph Clark,USA,NY,Consumer
895,Dorothy Villegas,USA,IL,Consumer
7390,Benjamin Smith,USA,MA,Consumer
2149,Mary Smith,USA,AZ,Consumer
6075,Mary Smith,USA,TX,Consumer
5481,Mary Hall,USA,AZ,Consumer
10731,Mary Smith,USA,CA,Consumer
11654,Michelle Acosta,USA,CA,Consumer
6397,Mary Carr,USA,OR,Consumer
6906,Rebecca Watkins,USA,TX,Consumer
6600,Arthur Smith,USA,CA,Consumer
11073,Mary Smith,USA,NY,Consumer
1191,Mary Fitzpatrick,USA,VA,Consumer
8102,David Smith,USA,TN,Consumer
7051,Russell Smith,USA,IL,Consumer
4044,Stephen Smith,USA,TX,Consumer
235,David Smith,USA,NJ,Consumer
703,Joan Kelly,USA,FL,Consumer
5289,Jacob Russo,USA,ND,Consumer
3916,Mary Hensley,USA,VA,Consumer
9600,Nicholas Sanders,USA,NJ,Consumer
9107,Mark Nunez,USA,CA,Consumer
5979,Mary Kerr,USA,CA,Consumer
3934,Joseph Smith,USA,IL,Consumer
9426,Jack Smith,USA,CO,Consumer
2513,Cynthia Smith,USA,PA,Consumer
10632,Mary Williams,USA,CA,Consumer
9154,Anna Gillespie,USA,MI,Consumer
9897,Marilyn Smith,USA,CA,Consumer
11198,Samuel Smith,USA,GA,Consumer
1753,Sandra Smith,USA,IL,Consumer
2790,Mary Nielsen,USA,CA,Consumer
1756,Jason Dixon,USA,TX,Consumer
10042,Christopher Hatfield,USA,CA,Consumer
9698,Mary Lee,USA,IN,Consumer
1448,Mary Murray,Puerto Rico,PR,Consumer
9072,Mary Smith,Puerto Rico,PR,Consumer
2569,Mary Duncan,Puerto Rico,PR,Consumer
5038,Mary Smith,Puerto Rico,PR,Consumer
2683,Mary Gallegos,Puerto Rico,PR,Consumer
197,Ruth Smith,Puerto Rico,PR,Consumer
7200,Katherine Smith,Puerto Rico,PR,Consumer
12018,Raymond Smith,Puerto Rico,PR,Consumer
12240,Mary Levy,Puerto Rico,PR,Consumer
10311,Joyce Smith,Puerto Rico,PR,Consumer
8203,Nicole Harrison,Puerto Rico,PR,Consumer
3948,George Smith,Puerto Rico,PR,Consumer
10969,Mary Tran,Puerto Rico,PR,Consumer
10461,Jessica Weber,Puerto Rico,PR,Consumer
11344,Mary Sparks,Puerto Rico,PR,Consumer
10852,Mary Haynes,Puerto Rico,PR,Consumer
2095,Brenda Bailey,Puerto Rico,PR,Consumer
6145,Tiffany Wade,Puerto Rico,PR,Consumer
7101,Mary Smith,Puerto Rico,PR,Consumer
10053,Rebecca Smith,Puerto Rico,PR,Consumer
1234,Steven Bond,Puerto Rico,PR,Consumer
6900,Judith Pham,Puerto Rico,PR,Consumer
7614,Paul Martin,Puerto Rico,PR,Consumer
9177,Mary Nelson,Puerto Rico,PR,Consumer
346,Edward Stephens,Puerto Rico,PR,Consumer
10240,Mary Pitts,Puerto Rico,PR,Consumer
3767,Mary Wagner,Puerto Rico,PR,Consumer
3230,Mary Jones,Puerto Rico,PR,Consumer
9531,Mary Cherry,Puerto Rico,PR,Consumer
5361,John Molina,Puerto Rico,PR,Consumer
4565,Marilyn Stone,Puerto Rico,PR,Consumer
3047,Barbara Smith,Puerto Rico,PR,Consumer
12319,Laura Woodward,Puerto Rico,PR,Consumer
1326,Mary Edwards,Puerto Rico,PR,Consumer
4528,Karen Smith,Puerto Rico,PR,Consumer
6706,Carolyn Harmon,Puerto Rico,PR,Consumer
4350,Mary Turner,Puerto Rico,PR,Consumer
5971,Philip Johnson,Puerto Rico,PR,Consumer
9285,Gloria Smith,Puerto Rico,PR,Consumer
7757,Donna Davis,Puerto Rico,PR,Consumer
9604,Nathan Kane,Puerto Rico,PR,Consumer
2402,Mary Smith,Puerto Rico,PR,Consumer
1117,Arthur Maddox,Puerto Rico,PR,Consumer
6165,Mary Gardner,Puerto Rico,PR,Consumer
1916,Jason Robinson,Puerto Rico,PR,Consumer
2796,Mary Matthews,Puerto Rico,PR,Consumer
39,Juan Mckinney,Puerto Rico,PR,Consumer
5533,Mary Harrison,Puerto Rico,PR,Consumer
11129,Danielle Smith,Puerto Rico,PR,Consumer
8845,Robert Deleon,Puerto Rico,PR,Consumer
9304,Janet Smith,Puerto Rico,PR,Consumer
3677,Sandra Edwards,Puerto Rico,PR,Consumer
10517,Mary Smith,Puerto Rico,PR,Consumer
10548,Mary Guerrero,Puerto Rico,PR,Consumer
7270,Mary Smith,Puerto Rico,PR,Consumer
4622,Mary Holder,Puerto Rico,PR,Consumer
1748,Mark Smith,Puerto Rico,PR,Consumer
4775,Walter Wright,Puerto Rico,PR,Consumer
7948,Ethan Allison,Puerto Rico,PR,Consumer
1627,Mary Gonzales,Puerto Rico,PR,Consumer
1243,Joan Rosales,Puerto Rico,PR,Consumer
7635,Mary Bridges,Puerto Rico,PR,Consumer
3142,Brenda Smith,Puerto Rico,PR,Consumer
8024,Christopher Smith,Puerto Rico,PR,Consumer
5023,Mary Smith,Puerto Rico,PR,Consumer
9581,Deborah Smith,Puerto Rico,PR,Consumer
9294,Mary Blackwell,Puerto Rico,PR,Consumer
3797,David Gutierrez,Puerto Rico,PR,Consumer
11999,Johnny Smith,Puerto Rico,PR,Consumer
3715,Debra Burnett,Puerto Rico,PR,Consumer
2922,Madison Russo,Puerto Rico,PR,Consumer
967,Madison Smith,Puerto Rico,PR,Consumer
8481,Mary Smith,Puerto Rico,PR,Consumer
8205,Lawrence Cummings,Puerto Rico,PR,Consumer
11380,Jane Smith,Puerto Rico,PR,Consumer
12052,Mary Burke,Puerto Rico,PR,Consumer
3915,Heather Smith,Puerto Rico,PR,Consumer
8051,Emily Hutchinson,Puerto Rico,PR,Consumer
3249,Mary Mcgrath,Puerto Rico,PR,Consumer
7894,Emma Moore,Puerto Rico,PR,Consumer
9197,Mary Sutton,Puerto Rico,PR,Consumer
5855,Daniel Young,Puerto Rico,PR,Consumer
4611,Dorothy Smith,Puerto Rico,PR,Consumer
1657,Betty Phillips,Puerto Rico,PR,Consumer
9202,Mary Skinner,Puerto Rico,PR,Consumer
9368,Mary Cabrera,Puerto Rico,PR,Consumer
712,Mary Ayala,Puerto Rico,PR,Consumer
12279,Mary Dunn,Puerto Rico,PR,Consumer
8520,Denise Smith,Puerto Rico,PR,Consumer
3373,Mary Willis,Puerto Rico,PR,Consumer
8587,James Roy,Puerto Rico,PR,Consumer
288,Judith Smith,Puerto Rico,PR,Consumer
8004,Mary Smith,Puerto Rico,PR,Consumer
1507,Mary Smith,Puerto Rico,PR,Consumer
228,Jessica Clark,Puerto Rico,PR,Consumer
10753,Gregory Mitchell,Puerto Rico,PR,Consumer
2368,Mary Medina,Puerto Rico,PR,Consumer
9484,Mary Howell,Puerto Rico,PR,Consumer
7005,James Carpenter,Puerto Rico,PR,Consumer
9164,Frances Estrada,Puerto Rico,PR,Consumer
10500,Mary Smith,Puerto Rico,PR,Consumer
3814,Eric Salazar,Puerto Rico,PR,Consumer
4346,James Smith,Puerto Rico,PR,Consumer
2233,Jack Duke,Puerto Rico,PR,Consumer
7045,Helen Smith,Puerto Rico,PR,Consumer
7330,Mary Smith,Puerto Rico,PR,Consumer
2136,Catherine Turner,Puerto Rico,PR,Consumer
12333,Mary Thomas,Puerto Rico,PR,Consumer
2062,Sharon Smith,Puerto Rico,PR,Consumer
2518,Mary Smith,Puerto Rico,PR,Consumer
7007,Mary Mckinney,Puerto Rico,PR,Consumer
11743,Alexander Smith,Puerto Rico,PR,Consumer
5001,Ann Waller,Puerto Rico,PR,Consumer
6162,Wayne Hood,Puerto Rico,PR,Consumer
4045,Mary Neal,Puerto Rico,PR,Consumer
11197,Mary Conrad,Puerto Rico,PR,Consumer
10610,Nancy Bryant,Puerto Rico,PR,Corporate
10046,Mary Smith,Puerto Rico,PR,Corporate
13443,Octavia Davis,Puerto Rico,PR,Corporate
3636,Willie Smith,Puerto Rico,PR,Corporate
1001,Jane Thomas,Puerto Rico,PR,Corporate
5082,Susan Smith,Puerto Rico,PR,Corporate
934,James Santiago,Puerto Rico,PR,Corporate
10735,Albert Valdez,Puerto Rico,PR,Corporate
6346,Mary Cooley,Puerto Rico,PR,Corporate
12128,Jeremy Smith,Puerto Rico,PR,Corporate
14745,Cathleen Jensen,Puerto Rico,PR,Corporate
11507,Mary Stafford,Puerto Rico,PR,Corporate
11365,Mary Wang,Puerto Rico,PR,Corporate
2860,George Smith,Puerto Rico,PR,Corporate
614,Jack Benson,Puerto Rico,PR,Corporate
3433,David James,Puerto Rico,PR,Corporate
8502,Mary Eaton,Puerto Rico,PR,Corporate
9210,Martha Daniels,Puerto Rico,PR,Corporate
13575,Sacha Barnes,Puerto Rico,PR,Corporate
4744,Cynthia Rodriguez,Puerto Rico,PR,Corporate
6735,Barbara Martin,Puerto Rico,PR,Corporate
6524,Megan Brown,USA,NY,Consumer
5209,Mary Smith,USA,MI,Consumer
5518,Patricia Smith,USA,NJ,Consumer
9955,Jeffrey Lara,USA,AZ,Consumer
10672,Mary Smith,USA,CA,Consumer
2129,William Charles,USA,CA,Consumer
1450,Russell Cameron,USA,MN,Consumer
2289,Kathy Smith,USA,OH,Consumer
9555,Sandra Smith,USA,FL,Consumer
323,Joshua Smith,USA,NY,Consumer
3046,Mary Newman,USA,MD,Consumer
10307,Bobby Miller,USA,CA,Consumer
2630,Willie Jones,USA,IL,Consumer
5268,Stephen Blair,USA,NY,Consumer
8802,Mary Donovan,USA,TX,Consumer
3544,Danielle Smith,USA,ND,Consumer
6011,Phillip Smith,USA,GA,Consumer
9662,Diane Smith,USA,CA,Consumer
3370,Mary Reyes,USA,FL,Consumer
12245,Mary Smith,USA,CA,Consumer
1562,Mary Dickerson,USA,FL,Consumer
1508,David Lyons,USA,NY,Consumer
7523,Margaret Villa,USA,TX,Consumer
5671,Jacqueline Lam,USA,PA,Consumer
7748,Christopher Smith,USA,CA,Consumer
4794,Julia Mosley,USA,CA,Consumer
971,Jacqueline Krueger,USA,GA,Consumer
3420,Kenneth Price,USA,MD,Consumer
2742,Jane Warren,USA,NV,Consumer
7803,Elizabeth Smith,USA,CA,Consumer
3939,Jane Kim,USA,NV,Consumer
8118,Nathan Blair,USA,MD,Consumer
4561,Scott Stone,USA,AR,Consumer
12218,Judith Smith,USA,OH,Consumer
3146,Mary Murphy,USA,FL,Consumer
9005,Thomas Martin,USA,IL,Consumer
775,Donna Bautista,USA,TX,Consumer
8860,Jonathan Rocha,USA,MI,Consumer
6948,Mary Smith,USA,TX,Consumer
2497,Wayne Hardy,USA,TX,Consumer
137,Jonathan Perkins,USA,OK,Consumer
2716,Kathleen Wilkinson,USA,CA,Consumer
3226,Shawn Schmidt,USA,TN,Consumer
173,Jose Smith,USA,IL,Consumer
10869,Nicole Gallegos,USA,NY,Consumer
2495,Lauren Lutz,USA,NY,Consumer
4064,Mildred Smith,USA,RI,Consumer
3788,Frances Smith,USA,TN,Consumer
10560,Diana Owens,USA,WA,Consumer
2387,Mary Smith,USA,CA,Consumer
336,Ruth Armstrong,USA,NY,Consumer
6936,Mary Smith,USA,OH,Consumer
5839,David Williams,USA,OR,Consumer
6366,John Stout,USA,CA,Consumer
7052,Mary Faulkner,USA,OR,Consumer
6776,Nancy Mills,USA,CA,Consumer
10385,Jeffrey Smith,USA,CA,Consumer
4648,Ryan Daniel,USA,NJ,Consumer
7288,Mary Lamb,USA,CA,Consumer
5048,Johnny Smith,USA,NY,Consumer
8638,Daniel Wood,USA,CA,Consumer
11658,Mary Wilson,USA,OR,Consumer
4164,Mary Smith,USA,CA,Consumer
7945,Mary Smith,USA,MD,Consumer
7567,Nicole Adams,USA,OR,Consumer
12066,Kevin Smith,USA,NJ,Consumer
7554,Douglas Keith,USA,MD,Consumer
9381,Andrea Smith,USA,OH,Consumer
5606,Teresa White,USA,NY,Consumer
4323,Steven Smith,USA,AZ,Consumer
12000,Mary Mejia,USA,CA,Consumer
5360,Mary Smith,USA,NC,Consumer
2037,Jacob Clark,USA,CA,Consumer
10116,Ashley Smith,USA,TX,Consumer
10043,Mary Smith,USA,OH,Consumer
8340,Danielle Bell,USA,CA,Consumer
2786,Adam Navarro,USA,IL,Consumer
6295,Jessica Parker,USA,NY,Consumer
3749,Frances Mills,USA,CA,Consumer
10079,Daniel Suarez,USA,NC,Consumer
4174,Mary Hester,USA,CA,Consumer
6056,Hannah Flores,USA,VA,Consumer
11212,Thomas Smith,USA,CA,Consumer
7216,Mary Hendrix,USA,CA,Consumer
6064,Mary Smith,USA,CA,Consumer
12235,Jane Smith,USA,CA,Consumer
12072,Mary Stevens,USA,CO,Consumer
3932,Evelyn Smith,USA,NC,Consumer
8294,Mary Smith,USA,NV,Consumer
6143,Deborah Barber,USA,TX,Consumer
874,Shirley Alexander,USA,AZ,Consumer
7612,Mary Brown,USA,NY,Consumer
2133,Rebecca Roberts,USA,NY,Consumer
4079,Timothy Faulkner,USA,NY,Consumer
8854,Carol Smith,USA,VA,Consumer
2398,Mary Smith,USA,MA,Consumer
7439,Mary Flores,USA,PA,Consumer
11641,Mary Simon,USA,RI,Consumer
7326,Susan Smith,USA,IL,Consumer
4908,Ann Mccoy,USA,CA,Consumer
8202,Mary Howard,USA,MA,Consumer
10425,Mary Brooks,USA,NJ,Consumer
1249,Donald Odom,USA,TX,Consumer
4524,Johnny Cooper,USA,MD,Consumer
386,Janet Wallace,USA,TX,Consumer
9585,Frances Smith,USA,TX,Consumer
3758,Scott Smith,USA,UT,Consumer
5408,Rebecca Zamora,USA,CA,Consumer
12095,Michael Jenkins,USA,NC,Consumer
8435,Joshua Smith,USA,CA,Consumer
5402,Crystal Ryan,USA,FL,Consumer
507,Steven Smith,USA,CA,Consumer
11840,Helen Smith,USA,CA,Consumer
9675,Mary Richardson,USA,CA,Consumer
355,Katherine Barker,USA,CA,Consumer
7926,Bobby Castillo,USA,NY,Consumer
8283,Andrew Smith,USA,MD,Consumer
1335,Mary Smith,USA,FL,Consumer
12309,Barbara Pena,USA,IL,Consumer
4543,Russell Smith,USA,GA,Consumer
5625,Thomas Smith,USA,CA,Consumer
5492,Frank Delgado,USA,NY,Consumer
1097,Larry Morris,USA,MD,Consumer
9201,Christian Smith,USA,WV,Consumer
10681,Mary Hatfield,USA,CA,Consumer
7018,Sarah Smith,USA,CA,Consumer
7022,Mary Smith,USA,FL,Corporate
1002,Mary Lowe,USA,CA,Corporate
20722,Holly Parrish,USA,NJ,Corporate
6213,Michael Richardson,USA,SC,Corporate
8290,Benjamin Jennings,USA,CA,Corporate
5222,Evelyn Vincent,USA,MO,Corporate
15955,Gillian Baker,USA,TX,Corporate
18020,Ocean Woodard,USA,CA,Corporate
18002,Ainsley Robertson,USA,TN,Corporate
14,Katherine Smith,USA,CA,Corporate
11706,Mary Smith,USA,CA,Corporate
7437,Mary Morrison,USA,CA,Corporate
3603,Susan Smith,USA,CO,Corporate
1131,Sharon Henderson,USA,MO,Corporate
4657,Mary Shaw,USA,IL,Corporate
3121,Mary Murphy,USA,CA,Corporate
18521,Quyn Copeland,USA,CA,Corporate
1615,Mary Smith,USA,CA,Corporate
17349,Brenna Vasquez,USA,MI,Corporate
18323,Basia Key,USA,CA,Corporate
940,Steven Smith,USA,TX,Corporate
17947,Linda Ellison,USA,CA,Corporate
10087,Mary Myers,USA,CA,Corporate
4435,George Cross,USA,MI,Corporate
167,Stephanie Rodriguez,USA,OH,Corporate
5185,Mary Smith,USA,MD,Corporate
5689,Thomas Ramsey,USA,CA,Corporate
2752,Mary Hardin,USA,AZ,Corporate
3122,Joseph Graves,USA,GA,Corporate
5033,Mary Smith,USA,MI,Corporate
18322,Roanna Leonard,USA,TX,Corporate
15971,Zenaida Eaton,USA,CA,Corporate
5282,Gary Johnson,USA,GA,Corporate
7540,Mary Snow,USA,PA,Corporate
8279,Jose Casey,USA,TX,Corporate
3695,Christopher Bryant,USA,OR,Corporate
9875,Christian Calderon,USA,UT,Corporate
4811,Karen Dunn,USA,CA,Corporate
4226,Katherine Smith,USA,FL,Corporate
3017,Frank Thompson,USA,NJ,Corporate
11447,Steven Smith,USA,WI,Corporate
6557,Margaret Hess,USA,AZ,Corporate
8927,Emily Johnson,USA,CA,Corporate
8478,Mary Sweeney,USA,CA,Corporate
17347,Ifeoma Kramer,USA,CA,Corporate
20664,Hannah Monroe,USA,MN,Corporate
18519,Ramona Noel,USA,TX,Corporate
1849,John Bray,USA,CA,Corporate
9539,Mary Smith,USA,NC,Corporate
6101,Mary Smith,USA,CA,Corporate
20592,Katelyn Salazar,USA,CA,Corporate
345,John Howard,USA,IL,Corporate
1747,Mary Booker,USA,MN,Corporate
17687,Charlotte Savage,USA,PA,Corporate
11693,Mary Garrett,USA,PA,Corporate
5200,Jennifer Little,USA,MD,Corporate
20699,Zorita Mcleod,USA,NY,Corporate
9573,Grace Gould,USA,IL,Corporate
8314,Angela Walsh,USA,MI,Corporate
730,Mary Drake,USA,NY,Corporate
8204,Diana Smith,USA,NY,Corporate
20663,Jocelyn Underwood,USA,PA,Corporate
10148,Robert Huff,USA,NJ,Corporate
9800,Mary Berry,USA,OR,Corporate
18392,Ria Goodman,USA,CO,Corporate
12007,Alan Smith,USA,DC,Corporate
9181,Mary Smith,USA,IL,Corporate
9858,Mary Smith,USA,CA,Corporate
351,John Singh,USA,CA,Corporate
95,Susan Williams,USA,MD,Corporate
11725,Elizabeth Livingston,USA,CA,Corporate
8275,Janice Smith,USA,CA,Corporate
1415,Mary Peterson,USA,CA,Corporate
11462,Debra Byrd,USA,CO,Corporate
4688,Mary Lam,USA,CA,Corporate
4825,Jack Boyle,USA,CA,Corporate
10800,Mary Dunn,USA,TX,Corporate
1244,Mary Smith,USA,WI,Corporate
8676,Mary Nguyen,USA,NV,Corporate
11063,Mary Smith,USA,NC,Corporate
10510,Kevin Knapp,USA,VA,Corporate
12169,Mary Krueger,USA,TX,Corporate
11828,Dorothy Merritt,USA,OH,Corporate
2919,Douglas Burgess,USA,NC,Corporate
7036,Maria Smith,USA,NC,Corporate
8264,Robert Ryan,USA,IL,Corporate
2035,Mary Salas,USA,NY,Corporate
4642,Mary Nunez,USA,NY,Corporate
7675,Brenda Higgins,USA,TX,Corporate
12054,Mary Smith,USA,MI,Corporate
5208,Megan Clarke,USA,NY,Corporate
673,James Smith,USA,CA,Corporate
4758,Mary Mendoza,USA,GA,Corporate
11217,James Smith,USA,NY,Corporate
9902,James Gilmore,USA,CA,Corporate
4157,Sara Brewer,USA,CA,Corporate
222,Frank Ruiz,USA,IL,Corporate
11973,Mary Alvarez,USA,NY,Corporate
8556,Daniel Pruitt,USA,NY,Corporate
1118,Mary Smith,USA,CA,Corporate
8714,Janice Smith,USA,MD,Corporate
8678,Shirley Buchanan,USA,FL,Corporate
5511,Linda Smith,USA,MI,Corporate
7306,Ruth Brooks,USA,IL,Corporate
15539,Zena Roman,USA,NY,Corporate
10172,Mary Pugh,USA,CA,Corporate
15447,Mia Foley,USA,KS,Corporate
6635,Bryan Esparza,USA,CA,Corporate
15500,Justina Sampson,USA,CA,Corporate
15374,Rosalyn Morton,USA,CA,Corporate
15660,Lenore Sears,USA,NV,Corporate
15498,Lani Gonzalez,USA,OH,Corporate
15606,Rinah Wilkins,USA,VA,Corporate
15426,Desirae Barr,USA,CA,Corporate
18659,Briar Snider,USA,NY,Corporate
15497,Remedios Cooke,USA,CA,Corporate
15569,Shay Hale,USA,NY,Corporate
15675,Blythe Best,USA,KS,Corporate
15458,Aubrey Cherry,USA,TX,Corporate
15457,Neve Merrill,USA,NY,Corporate
15367,Lacy Hooper,USA,TX,Corporate
10008,Arthur Garrison,USA,NY,Corporate
15475,Yoshi Best,USA,CA,Corporate
4200,Ralph Campbell,USA,OR,Corporate
15490,Leilani Clarke,USA,CA,Corporate
15364,Tallulah Rush,USA,MN,Corporate
3993,Mary Crawford,USA,FL,Corporate
3148,Mary Barrett,USA,CA,Corporate
15489,Hiroko Welch,USA,WA,Corporate
9514,Mary Bowen,USA,CA,Corporate
18669,Shelby Stevens,USA,AZ,Corporate
296,Mary Mullen,USA,MI,Corporate
18722,Azalia Mckenzie,USA,CA,Corporate
7643,Karen Smith,USA,NY,Corporate
6083,Andrea Scott,USA,CA,Corporate
8772,Amanda Smith,USA,VA,Corporate
10666,Mary Thomas,USA,CA,Corporate
496,Mary Allen,USA,MA,Corporate
4298,Walter Reyes,USA,CA,Corporate
3396,Patrick Smith,USA,CA,Corporate
8996,Maria Mcfarland,USA,GA,Corporate
2383,Anthony Smith,USA,OH,Corporate
4120,Mary Ortiz,USA,TN,Corporate
1394,Amber Smith,USA,NV,Corporate
5934,Mary Summers,USA,NY,Corporate
3352,Gregory Santiago,USA,IL,Corporate
5614,Carolyn Adams,USA,IL,Corporate
5819,Mary Leon,USA,NJ,Corporate
6223,Carolyn Stein,USA,OH,Corporate
9674,Sean Smith,USA,MI,Corporate
11957,Mary Norman,USA,OH,Corporate
2153,Nathan Price,USA,CA,Corporate
6736,Timothy Guzman,USA,CA,Corporate
552,Mary Harper,USA,CA,Corporate
7733,Mary Torres,USA,CA,Corporate
3424,Patricia Leblanc,USA,NJ,Corporate
1263,Emily Gould,USA,CA,Corporate
5271,Mary Hall,USA,CA,Corporate
7707,Anna Smith,USA,NY,Corporate
12055,Emily Richardson,USA,FL,Corporate
10365,Amy Smith,USA,CA,Corporate
1618,Mary Davidson,USA,PA,Corporate
11573,Judy Smith,USA,NY,Corporate
1331,Mary Smith,USA,CA,Corporate
5097,Jennifer Moore,USA,CA,Corporate
7178,Mary Smith,USA,NC,Corporate
8404,Joshua Taylor,USA,NY,Corporate
10518,Jesse Dawson,USA,CA,Corporate
1342,Laura Savage,USA,MO,Corporate
2511,Teresa Grimes,USA,NC,Corporate
248,Christina Walsh,USA,TX,Corporate
5917,Ashley Smith,USA,IL,Corporate
10983,Mary Frank,USA,CA,Corporate
11114,Mary Owens,USA,OH,Corporate
5902,Mary Jones,USA,TX,Corporate
1219,Angela Freeman,USA,MI,Corporate
4269,Mary Calderon,USA,CA,Corporate
6725,Mary Alexander,USA,PA,Corporate
5054,Paul Thomas,USA,NY,Corporate
10648,Mary Smith,USA,CA,Corporate
4986,Katherine Cole,USA,CA,Corporate
6708,Mary Costa,USA,VA,Corporate
6872,Mary Lloyd,USA,CA,Corporate
11170,Mary Newman,USA,PA,Corporate
4707,Victoria Smith,USA,IL,Corporate
3085,Richard Smith,USA,OH,Corporate
2319,Mary Holland,USA,MI,Corporate
3302,Terry Smith,USA,OR,Corporate
10226,Mary Smith,USA,TN,Corporate
2456,Joan Donaldson,USA,PA,Corporate
4477,Jonathan Smith,USA,GA,Corporate
4427,Edward Soto,USA,PA,Corporate
3628,Alice Michael,USA,IL,Corporate
11791,Mary Lee,USA,CA,Corporate
5935,Mary Smith,USA,PA,Corporate
12381,Mary Olsen,USA,TX,Corporate
6227,David Weber,USA,NJ,Corporate
1899,Susan Smith,USA,VA,Corporate
11337,Mary Howell,USA,CT,Corporate
5941,Douglas Smith,USA,OH,Corporate
2871,Sharon Mitchell,USA,GA,Corporate
11586,Nancy Wright,USA,LA,Corporate
4070,Mary Steele,USA,NJ,Corporate
10591,Deborah Humphrey,USA,MA,Corporate
7268,Mary Reed,USA,CA,Corporate
3598,Marilyn Morris,USA,AZ,Corporate
1958,Mary Ward,USA,PA,Corporate
9307,Mary Frederick,USA,GA,Corporate
3995,Kathryn Gallegos,USA,NV,Corporate
3485,Mary Smith,USA,CA,Corporate
5732,Jacob Perry,USA,KY,Corporate
8100,Victoria Smith,USA,CA,Corporate
1475,Mary Smith,USA,CA,Corporate
7113,Mary Shepherd,USA,TX,Corporate
10667,Walter Prince,USA,MA,Corporate
10643,Katherine Delgado,USA,CA,Corporate
2571,Zachary Beasley,USA,MI,Corporate
8650,Patricia Fitzpatrick,USA,NY,Corporate
4429,Sara Graves,USA,TX,Corporate
8037,Mary Mclaughlin,USA,OR,Corporate
9352,Mary Lewis,USA,CA,Corporate
9432,Hannah Smith,USA,TX,Corporate
695,Sara Smith,USA,NM,Corporate
9511,Joshua Brady,USA,IL,Corporate
6492,Bryan Smith,USA,UT,Corporate
9112,Joseph Callahan,USA,NY,Corporate
7532,Mary Liu,USA,PA,Corporate
6950,Nicholas Smith,USA,LA,Corporate
4830,Henry Jones,USA,PA,Corporate
6967,Johnny Rodriguez,USA,CA,Corporate
2891,Victoria Pitts,USA,CA,Corporate
3306,Mary Woods,USA,NY,Corporate
6670,Betty Lopez,USA,PA,Corporate
9723,Rose White,USA,CA,Corporate
1662,George Smith,USA,NY,Corporate
2709,Mary Smith,USA,NY,Corporate
12101,Samantha Smith,USA,CA,Corporate
8078,Janet Thomas,USA,NY,Corporate
2540,Patricia Smith,USA,IN,Corporate
4329,Mary Ayala,USA,NY,Corporate
8841,Mary Smith,USA,CA,Corporate
11822,Christian Smith,USA,CT,Corporate
2386,Carl Mayo,USA,CA,Corporate
2228,Carolyn Woods,USA,CO,Corporate
4911,Mary Smith,USA,NC,Corporate
5214,Mary Poole,USA,NY,Corporate
2504,Mary Smith,USA,PA,Corporate
6741,Mary Rogers,USA,FL,Corporate
8508,Eugene Smith,USA,LA,Corporate
8652,Kenneth Newman,USA,NY,Corporate
7401,Mary Moore,USA,CA,Corporate
5698,Mary Smith,USA,CA,Corporate
4328,Doris Smith,USA,OH,Corporate
12341,Roy Fields,USA,GA,Corporate
8507,Gloria Dickson,USA,CA,Corporate
7882,Mary Smith,USA,TX,Corporate
8281,Willie Smith,USA,CA,Corporate
10930,Gerald Smith,USA,CA,Corporate
603,Austin Smith,USA,CA,Corporate
3884,Mary Smith,USA,NJ,Corporate
4708,Mary Martin,USA,OR,Corporate
11419,Jessica Chaney,USA,PA,Corporate
4668,Mary Schwartz,USA,PA,Corporate
6740,Brian Smith,USA,OH,Corporate
3262,Mary Brewer,USA,IL,Corporate
10957,Jessica Turner,USA,NY,Corporate
11634,Ethan Fleming,USA,CA,Corporate
505,Mary Smith,USA,AZ,Corporate
8026,Mary Wade,USA,OH,Corporate
4991,Mary Krause,USA,NC,Corporate
7830,Christina Carroll,USA,MI,Corporate
12034,Mary Smith,USA,CA,Corporate
619,Matthew Sutton,USA,TX,Corporate
10137,Mary Smith,USA,CA,Corporate
8640,Mary Williams,USA,CA,Corporate
9636,Mary Cruz,USA,CA,Corporate
4316,Kevin Tran,USA,IN,Corporate
791,Mary Smith,USA,MI,Corporate
2772,Patricia Johnson,USA,CA,Corporate
2385,Sharon Smith,USA,CA,Corporate
1891,Mary Mora,USA,OH,Corporate
16649,Stella Hester,USA,CA,Corporate
16648,Camille Ferrell,USA,CA,Consumer
16647,Carly Peterson,Puerto Rico,PR,Consumer
16646,Shana Hopkins,USA,AZ,Consumer
16645,Moana Ryan,Puerto Rico,PR,Consumer
16644,Moana Rose,USA,GA,Consumer
16643,Teegan Dunlap,Puerto Rico,PR,Corporate
16642,Lareina Frank,USA,OH,Corporate
16641,Amanda Brooks,USA,NY,Consumer
16640,Veronica Cabrera,Puerto Rico,PR,Consumer
16639,Kirby Saunders,USA,OR,Home Office
16638,Kevyn Cunningham,USA,MD,Home Office
16637,Stacy Albert,Puerto Rico,PR,Home Office
16636,Alexis Hunt,USA,OR,Corporate
16635,Rose Parks,USA,CA,Home Office
16634,Shelby Horton,USA,CA,Home Office
16633,Lilah Mendoza,Puerto Rico,PR,Home Office
16632,Gisela Watson,USA,WA,Home Office
16631,Danielle White,USA,TX,Consumer
16630,Blair Callahan,Puerto Rico,PR,Home Office
4768,Amanda Hays,Puerto Rico,PR,Home Office
9037,Laura Smith,USA,CA,Consumer
5783,Daniel Smith,USA,IN,Consumer
9532,Ann Smith,USA,TX,Corporate
7279,Emily Smith,USA,OH,Consumer
3851,Mary Orozco,Puerto Rico,PR,Consumer
8372,Jessica Wilkinson,Puerto Rico,PR,Corporate
7580,Joseph Porter,Puerto Rico,PR,Consumer
4376,Scott Smith,Puerto Rico,PR,Home Office
8549,Eric Floyd,USA,FL,Consumer
1921,Larry Smith,USA,CO,Home Office
11208,Mary Morgan,Puerto Rico,PR,Consumer
6247,Mary Smith,Puerto Rico,PR,Consumer
11017,Rachel Prince,Puerto Rico,PR,Home Office
3649,Andrew Nguyen,USA,CA,Corporate
10076,Mary Davis,Puerto Rico,PR,Consumer
2137,Mary Page,USA,CA,Corporate
3686,Jacob Casey,Puerto Rico,PR,Consumer
5186,Jason Robinson,USA,CA,Corporate
6778,Mary Beasley,Puerto Rico,PR,Consumer
263,Margaret Bradley,Puerto Rico,PR,Consumer
1444,Mary Smith,Puerto Rico,PR,Corporate
1092,George Garcia,Puerto Rico,PR,Corporate
7103,Ann Smith,USA,IL,Consumer
6141,Mary Cooley,Puerto Rico,PR,Consumer
577,Mary Smith,Puerto Rico,PR,Consumer
7832,Stephen Nguyen,USA,IL,Corporate
1944,Mary Smith,USA,IL,Home Office
5976,William Estrada,USA,AZ,Home Office
12146,Mary Mitchell,USA,TX,Corporate
1873,Ronald Scott,Puerto Rico,PR,Consumer
1788,Timothy Smith,USA,FL,Consumer
8480,Gary Meza,USA,NY,Consumer
3241,Willie Smith,Puerto Rico,PR,Consumer
10173,Kathleen Smith,USA,PA,Consumer
2247,Alice Werner,USA,TX,Home Office
251,Kelly Adams,USA,MN,Corporate
3754,Mary Sims,USA,GA,Home Office
6370,Andrea Smith,USA,UT,Corporate
6374,Rebecca Briggs,Puerto Rico,PR,Corporate
3438,James Richmond,USA,HI,Consumer
12355,Victoria Smith,USA,IL,Consumer
3045,Lisa Smith,Puerto Rico,PR,Consumer
9727,Mary Cruz,USA,IL,Home Office
3469,Rebecca Harmon,USA,HI,Home Office
2615,Carol Smith,USA,CA,Consumer
415,Mary Allen,USA,CA,Corporate
7621,Jack Smith,USA,TX,Consumer
321,David Smith,USA,MI,Consumer
7269,Adam Hodges,USA,CA,Consumer
10802,Mary Smith,Puerto Rico,PR,Corporate
210,Jonathan Burns,Puerto Rico,PR,Corporate
2588,Mary Smith,Puerto Rico,PR,Consumer
1495,Mary Smith,Puerto Rico,PR,Consumer
11204,Marie Lee,USA,CO,Consumer
11412,Mary Harris,USA,CA,Corporate
8400,Mary Neal,USA,GA,Consumer
3565,Johnny Johnson,Puerto Rico,PR,Corporate
1490,David Gregory,USA,OR,Consumer
10428,Tammy Chavez,Puerto Rico,PR,Consumer
8663,Mary Kim,USA,IL,Consumer
7114,Deborah Smith,USA,OH,Corporate
6450,Mary Smith,USA,CA,Consumer
1153,Mary Sanford,USA,VA,Consumer
10499,Theresa Little,USA,NJ,Corporate
11187,Mary Smith,Puerto Rico,PR,Consumer
9742,Mary Frost,USA,NY,Home Office
10582,Mary Ryan,Puerto Rico,PR,Consumer
10893,Lisa Smith,USA,CA,Corporate
8744,Mary Wells,USA,CA,Consumer
8807,Mary Terrell,Puerto Rico,PR,Consumer
11616,Carol Smith,USA,MI,Home Office
711,Barbara Mccarthy,Puerto Rico,PR,Corporate
6499,Ashley Peterson,USA,CO,Home Office
8572,Victoria Smith,Puerto Rico,PR,Consumer
7994,Ralph Smith,Puerto Rico,PR,Corporate
5845,Daniel Bruce,USA,CA,Home Office
9807,Mary Lopez,USA,CA,Consumer
11757,Mary Boyle,Puerto Rico,PR,Consumer
5785,Mary Frost,Puerto Rico,PR,Home Office
9129,Judy Arnold,Puerto Rico,PR,Corporate
9326,Linda Hess,USA,OR,Consumer
2641,Betty Spears,USA,TX,Consumer
10245,Mary Mclaughlin,USA,TX,Corporate
1168,Elizabeth Mccann,USA,TX,Corporate
12363,Kimberly Meza,Puerto Rico,PR,Consumer
7512,Susan Smith,Puerto Rico,PR,Consumer
11044,Daniel Henson,USA,TN,Consumer
1826,Matthew Smith,Puerto Rico,PR,Corporate
1804,Kathleen Lee,USA,MI,Corporate
11551,Lawrence Harrison,Puerto Rico,PR,Consumer
2353,Mary Smith,USA,TX,Consumer
7735,Mary Luna,Puerto Rico,PR,Consumer
6199,Mary Jacobs,USA,NY,Consumer
6817,Mary Garrett,USA,OH,Consumer
7226,Helen Smith,USA,IN,Home Office
4061,Jeffrey Houston,Puerto Rico,PR,Consumer
12418,Linda Livingston,Puerto Rico,PR,Consumer
12142,Anthony Smith,USA,CA,Consumer
8810,Mary Smith,Puerto Rico,PR,Corporate
10341,Mary Carrillo,USA,CA,Home Office
11338,Paul Smith,USA,WI,Consumer
6301,Mary Weaver,USA,IL,Corporate
1812,Mary Smith,USA,IL,Home Office
9872,Mary Aguilar,Puerto Rico,PR,Corporate
757,Jane Smith,USA,AZ,Consumer
8370,Mary Smith,Puerto Rico,PR,Corporate
2938,Nicole Smith,USA,CA,Consumer
312,Jack Smith,USA,TX,Consumer
2485,Mary Hernandez,Puerto Rico,PR,Consumer
9337,Mary Smith,USA,IL,Consumer
11413,Amanda Sanders,USA,GA,Home Office
11318,Mary Henry,Puerto Rico,PR,Consumer
2097,Mary Smith,USA,GA,Corporate
2583,Michelle Smith,USA,IL,Consumer
9602,Crystal Smith,Puerto Rico,PR,Home Office
12289,Andrea Price,Puerto Rico,PR,Consumer
10154,Madison Diaz,USA,IL,Home Office
7329,Deborah Mendez,USA,NV,Consumer
7365,Mary Gray,USA,NY,Consumer
1393,Ryan Hodge,Puerto Rico,PR,Corporate
1725,Mary Dyer,USA,NY,Corporate
9713,Mary Smith,USA,IL,Home Office
8184,Mary Smith,USA,NY,Corporate
6700,Virginia Walker,USA,TX,Consumer
511,Doris Smith,Puerto Rico,PR,Consumer
10469,Melissa Jackson,USA,CA,Consumer
1152,Maria Smith,USA,NY,Consumer
7481,Lori Lawson,Puerto Rico,PR,Corporate
12232,Mary Moore,USA,NY,Corporate
7377,Katherine Rogers,Puerto Rico,PR,Consumer
3577,Michael Martin,USA,IL,Home Office
7960,Ethan Thomas,Puerto Rico,PR,Corporate
12192,Mary Carlson,USA,CA,Consumer
5415,Mary Smith,USA,AZ,Home Office
4012,Mary Smith,USA,GA,Corporate
51,Jessica Smith,Puerto Rico,PR,Home Office
1906,Raymond Smith,USA,FL,Consumer
1542,Lori Mccarthy,USA,LA,Consumer
8753,William Smith,USA,MD,Consumer
2345,Mary Smith,USA,NY,Consumer
9264,Mary Smith,Puerto Rico,PR,Consumer
9913,Carol Lambert,Puerto Rico,PR,Corporate
11326,Keith Lowe,USA,CA,Consumer
1811,Susan Castillo,USA,MI,Home Office
8928,Mary Huynh,USA,OR,Consumer
8661,James Stafford,USA,NV,Home Office
9502,Matthew Love,USA,TX,Home Office
3282,Mary Smith,USA,TX,Consumer
635,Mary Smith,Puerto Rico,PR,Consumer
8660,Mary Smith,Puerto Rico,PR,Home Office
10125,Ethan Smith,USA,CA,Consumer
6658,Mary Smith,USA,TX,Consumer
5385,Lisa Pope,Puerto Rico,PR,Corporate
1042,Frances Townsend,Puerto Rico,PR,Consumer
8282,Mary Ray,Puerto Rico,PR,Corporate
964,Mary Frazier,USA,NY,Corporate
10862,Mary Smith,USA,CA,Consumer
7423,Christina Smith,USA,OH,Consumer
9603,Mary Moore,USA,CA,Consumer
11917,Matthew Brooks,Puerto Rico,PR,Corporate
7186,Mary Meadows,Puerto Rico,PR,Consumer
8835,Mary Smith,USA,TX,Corporate
4474,Mary Smith,Puerto Rico,PR,Consumer
7881,Kathryn Ware,USA,MO,Corporate
2229,Mary Hunt,Puerto Rico,PR,Corporate
793,Mary Smith,USA,TX,Consumer
913,William Smith,Puerto Rico,PR,Consumer
2608,Madison Dunn,USA,PA,Consumer
217,Mary Hughes,Puerto Rico,PR,Corporate
6766,Mary Smith,USA,MD,Consumer
3503,Kathryn Davis,USA,PA,Corporate
204,Mary Smith,USA,NV,Consumer
7010,Jessica Kelley,Puerto Rico,PR,Home Office
5495,Mary Flores,Puerto Rico,PR,Home Office
6645,Zachary Smith,Puerto Rico,PR,Consumer
9933,Mary Whitney,Puerto Rico,PR,Home Office
2552,Karen Smith,USA,IL,Consumer
2313,Mary Forbes,USA,AZ,Consumer
10334,Gary Smith,USA,OH,Consumer
4564,Mary Smith,USA,NC,Consumer
1553,Raymond Smith,USA,CA,Consumer
102,Gregory Smith,Puerto Rico,PR,Corporate
434,Michael Torres,Puerto Rico,PR,Consumer
2199,Cynthia Smith,Puerto Rico,PR,Corporate
6828,Steven Williams,USA,NJ,Home Office
5943,Mary Sherman,Puerto Rico,PR,Corporate
7651,Gerald Little,USA,CA,Consumer
8862,William Dawson,USA,OH,Consumer
11090,John Shah,USA,OR,Consumer
12178,Mary Mcgee,USA,TX,Consumer
151,Lisa Shaw,USA,TX,Consumer
5543,Patricia Perez,USA,NY,Corporate
6616,Shirley Smith,USA,CA,Corporate
5921,Mary Buchanan,Puerto Rico,PR,Corporate
10808,Mary Taylor,USA,CA,Consumer
809,Hannah Avila,Puerto Rico,PR,Consumer
7913,Randy Edwards,Puerto Rico,PR,Consumer
12183,Kathryn Smith,Puerto Rico,PR,Corporate
11921,Thomas Smith,USA,NJ,Corporate
12102,Johnny Marks,Puerto Rico,PR,Corporate
6576,Emma Smith,Puerto Rico,PR,Consumer
8889,Evelyn Brown,Puerto Rico,PR,Consumer
10797,Mary Smith,USA,UT,Corporate
1950,Mary Boyer,USA,MA,Home Office
12340,Patricia Patel,Puerto Rico,PR,Corporate
2710,Katherine Brown,USA,NM,Consumer
2775,Mary Hayes,Puerto Rico,PR,Consumer
11983,Mary Bell,USA,IL,Consumer
10734,Emily Jones,USA,NY,Corporate
6231,Mary Smith,USA,TX,Home Office
11352,Doris Peterson,Puerto Rico,PR,Consumer
8755,Catherine Lutz,Puerto Rico,PR,Consumer
12366,Mary Smith,USA,MN,Consumer
5805,Raymond Bray,Puerto Rico,PR,Corporate
6486,Mary Smith,USA,CO,Consumer
12209,Jerry Hobbs,USA,NM,Home Office
12267,Mary Smith,USA,TN,Home Office
8484,Edward Gomez,USA,MO,Home Office
1827,Mary Clark,USA,NY,Home Office
5142,Mary Faulkner,USA,MD,Consumer
354,Edward Peterson,Puerto Rico,PR,Home Office
7108,Timothy Smith,USA,IL,Home Office
6194,Robert Holloway,Puerto Rico,PR,Consumer
1056,James Dean,Puerto Rico,PR,Home Office
11306,Gerald Beasley,USA,FL,Corporate
11697,Jessica Thomas,USA,CA,Corporate
582,Kenneth Smith,USA,TX,Corporate
2307,Sharon Smith,USA,GA,Consumer
6560,Melissa Smith,Puerto Rico,PR,Corporate
800,Mary Smith,Puerto Rico,PR,Consumer
10850,Mary Smith,Puerto Rico,PR,Home Office
12352,Sean Smith,Puerto Rico,PR,Consumer
957,Eric Jones,USA,CA,Corporate
2462,Lawrence Kent,USA,CA,Consumer
10719,Andrew Smith,Puerto Rico,PR,Corporate
10890,Doris Moody,Puerto Rico,PR,Consumer
6970,Helen Long,USA,OH,Corporate
9078,Mary Smith,USA,MD,Home Office
11643,Paul Larson,USA,MA,Consumer
58,Michael Edwards,Puerto Rico,PR,Consumer
8763,Pamela Williams,USA,CA,Home Office
9303,Mary Bentley,USA,TX,Consumer
11781,Paul Case,USA,GA,Home Office
6035,Mary Craig,Puerto Rico,PR,Consumer
4623,Jessica Smith,Puerto Rico,PR,Consumer
221,Mary Cox,USA,OH,Consumer
3240,Kelly Golden,USA,UT,Consumer
3259,Mary Gallegos,USA,NY,Consumer
10783,Linda Smith,Puerto Rico,PR,Home Office
4542,Lisa Barr,USA,NJ,Corporate
258,Aaron Kennedy,USA,PA,Corporate
6434,Rebecca Carter,Puerto Rico,PR,Consumer
11307,Mary Smith,Puerto Rico,PR,Corporate
820,Mary Brown,Puerto Rico,PR,Corporate
7715,Mary Bennett,USA,PA,Home Office
2334,Mary Morgan,Puerto Rico,PR,Consumer
17,Mary Robinson,USA,MI,Consumer
6550,Tammy Smith,USA,NY,Consumer
9390,Mary Avila,Puerto Rico,PR,Consumer
5884,Gary Smith,USA,OR,Consumer
10349,Mary Colon,USA,CA,Consumer
3760,Christine Burns,USA,CA,Consumer
4580,Charles Smith,USA,NY,Consumer
11696,Mary Smith,USA,NY,Corporate
7680,Sandra Heath,USA,NY,Consumer
3682,Emily Romero,USA,PA,Consumer
9402,Amber Smith,Puerto Rico,PR,Consumer
6429,Brian Wilson,USA,IL,Consumer
10454,Anthony Leblanc,USA,CA,Home Office
11075,Mary Meyer,USA,MI,Consumer
10794,Mary Fox,USA,NC,Consumer
234,Mary Giles,USA,FL,Consumer
7302,Angela Little,USA,NY,Corporate
3144,Pamela Browning,USA,FL,Home Office
2467,Keith Smith,USA,TX,Consumer
2192,Mary Clay,Puerto Rico,PR,Consumer
4098,Mary Lang,Puerto Rico,PR,Consumer
8922,Jean Smith,USA,IL,Corporate
11667,Mary Brooks,USA,NC,Corporate
4942,David Gill,USA,UT,Corporate
4521,Gerald Smith,Puerto Rico,PR,Home Office
7629,Nancy Pena,Puerto Rico,PR,Home Office
301,Arthur Smith,Puerto Rico,PR,Home Office
4459,Betty Neal,Puerto Rico,PR,Home Office
5455,Emily Simmons,Puerto Rico,PR,Home Office
2088,Frank Rhodes,Puerto Rico,PR,Home Office
3509,Mary Perry,Puerto Rico,PR,Home Office
13592,Gloria Torres,Puerto Rico,PR,Home Office
743,Cynthia Smith,Puerto Rico,PR,Home Office
5516,Marilyn Woods,Puerto Rico,PR,Home Office
5110,Mary Smith,Puerto Rico,PR,Home Office
6275,Jane Smith,Puerto Rico,PR,Home Office
10348,Alice Barnes,Puerto Rico,PR,Home Office
7083,Mary Shannon,Puerto Rico,PR,Home Office
6498,William Smith,Puerto Rico,PR,Home Office
192,Mary Hall,Puerto Rico,PR,Home Office
5450,John Harris,Puerto Rico,PR,Home Office
3235,Lori Baker,Puerto Rico,PR,Home Office
5731,Jennifer Smith,Puerto Rico,PR,Home Office
8836,Barbara Hall,Puerto Rico,PR,Home Office
2000,Mary Vance,Puerto Rico,PR,Home Office
10982,Joan Harris,Puerto Rico,PR,Home Office
11846,Kathryn Smith,Puerto Rico,PR,Home Office
9868,Mark Cohen,Puerto Rico,PR,Home Office
4330,Robert Cantrell,Puerto Rico,PR,Home Office
7988,Mary Rice,Puerto Rico,PR,Home Office
8128,Mary Smith,Puerto Rico,PR,Home Office
2824,Mary Bray,Puerto Rico,PR,Home Office
7104,Mary Rangel,Puerto Rico,PR,Home Office
6348,Mary Henson,Puerto Rico,PR,Home Office
8072,Mary Rogers,Puerto Rico,PR,Home Office
5306,Mary Conley,Puerto Rico,PR,Home Office
7309,Mary Smith,Puerto Rico,PR,Home Office
9562,William Jones,Puerto Rico,PR,Home Office
12203,Mary Miller,Puerto Rico,PR,Home Office
513,Tyler Smith,Puerto Rico,PR,Home Office
1266,Mary Armstrong,Puerto Rico,PR,Home Office
9830,Mary Frey,Puerto Rico,PR,Home Office
12468,Paloma Mitchell,Puerto Rico,PR,Home Office
12555,Carolyn Lang,Puerto Rico,PR,Home Office
12679,Willow Barr,Puerto Rico,PR,Home Office
12445,Nell Mcfarland,Puerto Rico,PR,Home Office
12711,Jolie Reed,Puerto Rico,PR,Home Office
12494,McKenzie Goodman,Puerto Rico,PR,Home Office
12600,Rosalyn Skinner,Puerto Rico,PR,Home Office
12708,Jade Morse,Puerto Rico,PR,Home Office
12563,Gwendolyn Taylor,Puerto Rico,PR,Home Office
15052,Lee Farley,Puerto Rico,PR,Home Office
10067,Diana Williams,Puerto Rico,PR,Home Office
5484,Stephanie Clark,Puerto Rico,PR,Home Office
8559,Mary Rogers,Puerto Rico,PR,Home Office
2958,Mary Oconnell,Puerto Rico,PR,Home Office
5396,Cheryl Smith,Puerto Rico,PR,Home Office
9879,Linda Ibarra,Puerto Rico,PR,Home Office
11522,Roy Smith,Puerto Rico,PR,Home Office
5787,Jordan Medina,Puerto Rico,PR,Home Office
9187,Michael Smith,Puerto Rico,PR,Home Office
9706,Donald Gordon,Puerto Rico,PR,Home Office
10820,Brenda Smith,Puerto Rico,PR,Home Office
7563,Elizabeth Moody,Puerto Rico,PR,Home Office
2244,Mary Smith,Puerto Rico,PR,Home Office
11166,Crystal Brown,Puerto Rico,PR,Home Office
8602,Timothy Gilbert,Puerto Rico,PR,Home Office
11424,Janet Smith,Puerto Rico,PR,Home Office
11332,Denise Smith,Puerto Rico,PR,Home Office
1601,Mark Padilla,Puerto Rico,PR,Home Office
12037,Mary Mccann,Puerto Rico,PR,Home Office
92,Alexander Medina,Puerto Rico,PR,Home Office
9049,Brenda Wright,Puerto Rico,PR,Home Office
4274,Mary Smith,Puerto Rico,PR,Home Office
7633,Emily Smith,Puerto Rico,PR,Home Office
12394,Samantha Sims,Puerto Rico,PR,Home Office
10048,Mary Cooke,Puerto Rico,PR,Home Office
3265,Juan Pena,Puerto Rico,PR,Home Office
9133,Mary Pennington,Puerto Rico,PR,Home Office
6661,Samantha Floyd,Puerto Rico,PR,Home Office
10845,John Smith,Puerto Rico,PR,Home Office
5844,Mary Smith,Puerto Rico,PR,Home Office
6106,Paul Moore,Puerto Rico,PR,Home Office
2706,Jonathan Turner,Puerto Rico,PR,Home Office
4420,Susan Owen,Puerto Rico,PR,Home Office
9070,Mary Smith,Puerto Rico,PR,Home Office
3188,Madison Ray,Puerto Rico,PR,Home Office
4440,James Garrett,Puerto Rico,PR,Home Office
2914,Mary Smith,Puerto Rico,PR,Home Office
4311,Albert Collins,Puerto Rico,PR,Home Office
8957,Bobby Howard,Puerto Rico,PR,Home Office
357,Mary King,Puerto Rico,PR,Home Office
9213,Jennifer Williamson,Puerto Rico,PR,Home Office
6459,Vincent Valenzuela,Puerto Rico,PR,Home Office
342,Jerry Jackson,Puerto Rico,PR,Home Office
2312,Scott Shah,Puerto Rico,PR,Home Office
3414,Ruth Smith,Puerto Rico,PR,Home Office
199,Cynthia Horn,Puerto Rico,PR,Home Office
5425,Mary Aguirre,Puerto Rico,PR,Home Office
8984,Elizabeth Bowen,Puerto Rico,PR,Home Office
5622,Ronald Hall,Puerto Rico,PR,Home Office
6918,David Smith,Puerto Rico,PR,Home Office
1533,Linda Kent,Puerto Rico,PR,Home Office
4144,David Collins,Puerto Rico,PR,Home Office
5352,Emma Richards,Puerto Rico,PR,Home Office
116,John Hill,Puerto Rico,PR,Home Office
6692,Susan Jackson,Puerto Rico,PR,Home Office
1780,Larry Sharp,Puerto Rico,PR,Home Office
2582,David Franklin,Puerto Rico,PR,Home Office
6994,Kathy Frost,Puerto Rico,PR,Home Office
10570,William Moore,Puerto Rico,PR,Home Office
9461,Mary Hoover,Puerto Rico,PR,Home Office
11876,Mary Smith,Puerto Rico,PR,Home Office
9068,Mary Smith,Puerto Rico,PR,Home Office
9270,Mary Moses,Puerto Rico,PR,Home Office
7519,Eric Harrell,Puerto Rico,PR,Home Office
4257,William Smith,Puerto Rico,PR,Home Office
8859,James Koch,Puerto Rico,PR,Home Office
9241,Mary Norris,Puerto Rico,PR,Home Office
7789,Mary Sullivan,Puerto Rico,PR,Home Office
4675,Jessica Smith,Puerto Rico,PR,Home Office
10453,Elizabeth Brewer,Puerto Rico,PR,Home Office
2743,Mary Smith,Puerto Rico,PR,Home Office
9243,Shawn Gross,Puerto Rico,PR,Home Office
5438,Mary Smith,Puerto Rico,PR,Home Office
5128,Angela Franklin,Puerto Rico,PR,Home Office
12056,Jacob Perkins,Puerto Rico,PR,Home Office
11470,Mary Strong,Puerto Rico,PR,Home Office
10262,Mary Smith,Puerto Rico,PR,Home Office
282,Zachary Pugh,Puerto Rico,PR,Home Office
18077,Reagan Daniels,Puerto Rico,PR,Home Office
19106,Amy Guerra,Puerto Rico,PR,Home Office
19206,Celeste Knight,Puerto Rico,PR,Home Office
16469,Hedwig Ellison,Puerto Rico,PR,Home Office
15752,Kimberly Jacobson,Puerto Rico,PR,Home Office
15779,Yvette Jefferson,Puerto Rico,PR,Home Office
1920,Stephanie Archer,Puerto Rico,PR,Home Office
5890,Mary Baldwin,Puerto Rico,PR,Home Office
11500,Mary Martin,Puerto Rico,PR,Home Office
12420,Nathan Adams,Puerto Rico,PR,Home Office
5187,Mary Smith,Puerto Rico,PR,Home Office
174,Mary Perez,Puerto Rico,PR,Home Office
1809,Mary Smith,Puerto Rico,PR,Home Office
18408,Noelle Barron,Puerto Rico,PR,Home Office
2753,Amy Smith,Puerto Rico,PR,Home Office
4560,Mary Smith,Puerto Rico,PR,Home Office
2876,Maria Smith,Puerto Rico,PR,Home Office
9191,Marie Smith,Puerto Rico,PR,Home Office
10372,Amber Martin,Puerto Rico,PR,Home Office
8027,James Smith,Puerto Rico,PR,Home Office
10559,Mary Jones,Puerto Rico,PR,Home Office
2381,Betty Smith,Puerto Rico,PR,Home Office
1824,Julia Tucker,Puerto Rico,PR,Home Office
4670,Sharon Bailey,Puerto Rico,PR,Home Office
6363,Mary Freeman,Puerto Rico,PR,Home Office
3702,Mary Smith,Puerto Rico,PR,Home Office
1027,Betty Evans,Puerto Rico,PR,Home Office
20491,Brynn Moreno,Puerto Rico,PR,Home Office
7866,Juan Smith,Puerto Rico,PR,Home Office
685,Crystal Smith,Puerto Rico,PR,Home Office
18506,Desiree Smith,Puerto Rico,PR,Home Office
10658,Mary Smith,Puerto Rico,PR,Home Office
30,Barbara Smith,Puerto Rico,PR,Home Office
10451,Anthony Soto,Puerto Rico,PR,Home Office
9057,Randy Brown,Puerto Rico,PR,Home Office
10747,Mary Bates,Puerto Rico,PR,Home Office
732,David Cobb,Puerto Rico,PR,Home Office
1558,Mary Smith,Puerto Rico,PR,Home Office
6085,Roger Flores,Puerto Rico,PR,Home Office
20486,Christen Camacho,Puerto Rico,PR,Home Office
2982,Eric Smith,Puerto Rico,PR,Home Office
4415,Samuel Mitchell,Puerto Rico,PR,Home Office
7652,Mary Guerrero,Puerto Rico,PR,Consumer
4160,Amy Ryan,Puerto Rico,PR,Consumer
7927,Mary Dickson,Puerto Rico,PR,Consumer
1786,Teresa Salazar,Puerto Rico,PR,Consumer
8357,Crystal Benjamin,Puerto Rico,PR,Consumer
8932,Mark Thornton,Puerto Rico,PR,Consumer
5125,Mary Miller,Puerto Rico,PR,Consumer
12342,Mary Velez,Puerto Rico,PR,Consumer
4340,Stephen Beck,Puerto Rico,PR,Consumer
12014,Samantha Smith,Puerto Rico,PR,Consumer
5143,Mark Smith,Puerto Rico,PR,Consumer
3010,Walter Hamilton,Puerto Rico,PR,Consumer
1251,Mary Adams,Puerto Rico,PR,Consumer
4851,Kimberly Mcgrath,Puerto Rico,PR,Consumer
8020,Joan Davis,Puerto Rico,PR,Consumer
7749,Amy Gibson,Puerto Rico,PR,Consumer
3202,Emma Wilson,Puerto Rico,PR,Consumer
942,Mary Smith,Puerto Rico,PR,Consumer
5992,Mary Cross,Puerto Rico,PR,Consumer
4490,Elizabeth Smith,Puerto Rico,PR,Consumer
4001,Maria Nixon,Puerto Rico,PR,Consumer
8386,Mary Smith,Puerto Rico,PR,Consumer
2183,Richard Smith,Puerto Rico,PR,Consumer
7765,Mary Costa,Puerto Rico,PR,Consumer
2662,Cynthia Smith,Puerto Rico,PR,Consumer
9995,Billy Smith,Puerto Rico,PR,Consumer
7461,Mary Wood,Puerto Rico,PR,Consumer
11657,Michelle Smith,Puerto Rico,PR,Consumer
4718,Stephanie Wagner,Puerto Rico,PR,Consumer
2412,Edward Soto,Puerto Rico,PR,Consumer
279,Anna Smith,Puerto Rico,PR,Consumer
704,Mary Mccullough,Puerto Rico,PR,Consumer
3395,Mark Matthews,Puerto Rico,PR,Consumer
6421,Mary Smith,Puerto Rico,PR,Consumer
4121,Cynthia Doyle,Puerto Rico,PR,Consumer
11151,Harold Walker,Puerto Rico,PR,Consumer
4875,Edward Peters,Puerto Rico,PR,Consumer
11283,Mary Morgan,Puerto Rico,PR,Consumer
4653,John Brady,Puerto Rico,PR,Consumer
5885,Mary Parker,Puerto Rico,PR,Consumer
846,Mary Powell,Puerto Rico,PR,Consumer
432,Bruce Mcconnell,Puerto Rico,PR,Consumer
4557,David Sutton,Puerto Rico,PR,Consumer
4387,Mary Smith,Puerto Rico,PR,Consumer
7215,Patricia Ruiz,Puerto Rico,PR,Consumer
4755,Betty Smith,Puerto Rico,PR,Consumer
3561,Mary Smith,Puerto Rico,PR,Consumer
4836,Mary Smith,Puerto Rico,PR,Consumer
3951,Michael Smith,Puerto Rico,PR,Consumer
3498,Elizabeth Ramos,Puerto Rico,PR,Consumer
11622,Mary Smith,Puerto Rico,PR,Consumer
9526,Mary Patrick,Puerto Rico,PR,Consumer
5751,Mary Pierce,Puerto Rico,PR,Consumer
8433,Sharon Short,Puerto Rico,PR,Consumer
11726,Gloria Smith,Puerto Rico,PR,Consumer
11991,Sara Smith,Puerto Rico,PR,Consumer
3520,Mary Smith,Puerto Rico,PR,Consumer
7857,Jean Bentley,Puerto Rico,PR,Consumer
2979,Nicole Smith,Puerto Rico,PR,Consumer
10403,Mary Noble,Puerto Rico,PR,Consumer
5913,Cynthia Daniel,Puerto Rico,PR,Consumer
1292,Mildred Stephens,Puerto Rico,PR,Consumer
8233,Mary Hanna,Puerto Rico,PR,Consumer
1629,Mary Smith,Puerto Rico,PR,Consumer
9004,Mary Smith,Puerto Rico,PR,Consumer
7676,Joyce Smith,Puerto Rico,PR,Consumer
6811,Mary Cook,Puerto Rico,PR,Consumer
3134,Mary Smith,Puerto Rico,PR,Consumer
1330,Tiffany Warner,Puerto Rico,PR,Consumer
3055,Mary Smith,Puerto Rico,PR,Consumer
5713,Michael Pope,Puerto Rico,PR,Consumer
5328,William Smith,Puerto Rico,PR,Consumer
5147,Mary Hurst,Puerto Rico,PR,Consumer
8617,Mary Smith,Puerto Rico,PR,Consumer
11112,Jessica Cowan,Puerto Rico,PR,Consumer
2680,Jennifer Ferguson,Puerto Rico,PR,Consumer
7223,Mary Smith,Puerto Rico,PR,Consumer
11534,Mary Kim,Puerto Rico,PR,Consumer
10434,Ann Smith,Puerto Rico,PR,Consumer
7485,Tyler Smith,Puerto Rico,PR,Consumer
5556,Richard Burns,Puerto Rico,PR,Consumer
5626,Frank Morgan,Puerto Rico,PR,Consumer
8769,Mary Cantrell,Puerto Rico,PR,Consumer
7415,Mary Smith,Puerto Rico,PR,Consumer
7424,Mary Parks,Puerto Rico,PR,Consumer
1100,Megan Moyer,Puerto Rico,PR,Consumer
6159,Mary Smith,Puerto Rico,PR,Consumer
2514,Mary Luna,Puerto Rico,PR,Consumer
9283,Mary Smith,Puerto Rico,PR,Consumer
8401,Grace Smith,Puerto Rico,PR,Consumer
11222,Charles Smith,Puerto Rico,PR,Consumer
410,Jack Moore,Puerto Rico,PR,Consumer
4907,Amanda Lopez,Puerto Rico,PR,Consumer
11553,Mary Moore,Puerto Rico,PR,Consumer
1946,Diane Smith,Puerto Rico,PR,Consumer
6625,Randy Smith,Puerto Rico,PR,Consumer
7761,Grace Smith,Puerto Rico,PR,Consumer
1554,Hannah Nelson,Puerto Rico,PR,Consumer
10793,Diane Smith,Puerto Rico,PR,Consumer
5565,Laura Orr,Puerto Rico,PR,Consumer
8625,Mary Smith,Puerto Rico,PR,Consumer
2493,Jeffrey Smith,Puerto Rico,PR,Consumer
9097,Mary Padilla,Puerto Rico,PR,Consumer
2173,Mary Rogers,Puerto Rico,PR,Consumer
305,Mary Lawrence,Puerto Rico,PR,Consumer
11245,Debra Washington,Puerto Rico,PR,Consumer
2166,Rebecca Smith,Puerto Rico,PR,Consumer
1367,Nancy Smith,Puerto Rico,PR,Consumer
3558,Mary Smith,Puerto Rico,PR,Consumer
10397,Henry Kelley,Puerto Rico,PR,Consumer
5865,David Middleton,Puerto Rico,PR,Consumer
18089,Gemma Silva,Puerto Rico,PR,Consumer
18123,Blair Whitney,Puerto Rico,PR,Consumer
16447,Linda Benton,Puerto Rico,PR,Consumer
19266,Bo Patel,Puerto Rico,PR,Consumer
19190,Kendall Odom,Puerto Rico,PR,Consumer
16568,Miranda Jacobs,Puerto Rico,PR,Consumer
16460,Bethany Faulkner,Puerto Rico,PR,Consumer
16582,Callie Sargent,Puerto Rico,PR,Consumer
19270,Mary Shannon,Puerto Rico,PR,Consumer
18810,Ayanna Alford,Puerto Rico,PR,Consumer
15699,Robin Jarvis,Puerto Rico,PR,Consumer
15741,Zoe Dean,Puerto Rico,PR,Consumer
1858,William Greene,Puerto Rico,PR,Consumer
2197,Joseph Smith,Puerto Rico,PR,Consumer
12176,Mary Martin,Puerto Rico,PR,Consumer
6998,Catherine Jimenez,Puerto Rico,PR,Consumer
3127,Jessica Smith,Puerto Rico,PR,Consumer
10903,Mary Smith,Puerto Rico,PR,Consumer
5927,Christopher Cooper,Puerto Rico,PR,Consumer
2265,Mary Smith,Puerto Rico,PR,Consumer
3272,Julie Smith,Puerto Rico,PR,Consumer
1987,Brenda Mccarthy,Puerto Rico,PR,Consumer
8468,Joshua Conner,Puerto Rico,PR,Consumer
7942,Jacob Gonzalez,Puerto Rico,PR,Consumer
16020,Brooke Waller,Puerto Rico,PR,Consumer
18335,Carol Anthony,Puerto Rico,PR,Consumer
17523,Bree Pierce,Puerto Rico,PR,Consumer
10807,Benjamin Wilson,Puerto Rico,PR,Consumer
10386,Theresa Burns,Puerto Rico,PR,Consumer
11884,Evelyn Contreras,Puerto Rico,PR,Consumer
5954,Amy Smith,Puerto Rico,PR,Consumer
17682,Cleo Figueroa,Puerto Rico,PR,Consumer
10529,Barbara Nixon,Puerto Rico,PR,Consumer
6368,Mary Morales,Puerto Rico,PR,Consumer
10788,Kenneth Prince,Puerto Rico,PR,Consumer
17680,Adrienne Rios,Puerto Rico,PR,Consumer
4320,Jordan Taylor,Puerto Rico,PR,Consumer
5537,James Bryan,Puerto Rico,PR,Consumer
9032,Lauren Munoz,Puerto Rico,PR,Consumer
4553,Mary Carter,Puerto Rico,PR,Consumer
676,Robert Smith,Puerto Rico,PR,Consumer
2521,Mary Smith,Puerto Rico,PR,Consumer
3179,Mary Compton,Puerto Rico,PR,Consumer
3223,Thomas White,Puerto Rico,PR,Consumer
12211,David Chambers,Puerto Rico,PR,Consumer
16050,Nomlanga Hinton,Puerto Rico,PR,Consumer
10556,Mary Smith,Puerto Rico,PR,Consumer
2320,Katherine Smith,Puerto Rico,PR,Consumer
2529,Ryan Sampson,Puerto Rico,PR,Consumer
17336,Taylor Brewer,Puerto Rico,PR,Consumer
7356,Andrew Robles,Puerto Rico,PR,Consumer
20706,Belle Sutton,Puerto Rico,PR,Consumer
17317,Ella Barrett,Puerto Rico,PR,Consumer
10417,Kyle Smith,Puerto Rico,PR,Consumer
17442,Sade Griffin,Puerto Rico,PR,Consumer
17334,Xerxes Neal,Puerto Rico,PR,Consumer
287,Andrew Salazar,Puerto Rico,PR,Consumer
20543,Rachel Ortiz,Puerto Rico,PR,Consumer
17710,Maia Whitley,Puerto Rico,PR,Consumer
1210,Jeffrey Gardner,Puerto Rico,PR,Consumer
18396,Joelle Martinez,Puerto Rico,PR,Consumer
17422,Aurora Miles,Puerto Rico,PR,Consumer
20594,Sig Riddle,Puerto Rico,PR,Consumer
17911,Alyssa Carter,Puerto Rico,PR,Consumer
11367,Mary Smith,Puerto Rico,PR,Consumer
12262,Michael Gray,Puerto Rico,PR,Consumer
10935,Ralph Potter,Puerto Rico,PR,Consumer
20719,Amity Mcmillan,Puerto Rico,PR,Consumer
3318,Henry Tate,Puerto Rico,PR,Consumer
10412,Jean Hartman,Puerto Rico,PR,Consumer
12393,Mary Smith,Puerto Rico,PR,Consumer
18881,Olympia Shepard,Puerto Rico,PR,Consumer
17909,Dorothy Casey,Puerto Rico,PR,Consumer
18429,Aspen Sutton,Puerto Rico,PR,Consumer
18285,Hilary Dale,Puerto Rico,PR,Consumer
10990,Alice Wyatt,Puerto Rico,PR,Consumer
20682,Cleo Cain,Puerto Rico,PR,Consumer
5624,Mary Mata,Puerto Rico,PR,Consumer
16023,Bree Glenn,Puerto Rico,PR,Consumer
6617,Mary Barnes,Puerto Rico,PR,Consumer
10721,Mary Smith,Puerto Rico,PR,Consumer
18302,Danielle Lee,Puerto Rico,PR,Consumer
16041,Ainsley Warren,Puerto Rico,PR,Consumer
100,George Barrett,Puerto Rico,PR,Consumer
11526,Dorothy Crawford,Puerto Rico,PR,Consumer
439,Rose Delgado,Puerto Rico,PR,Consumer
11591,Ann Alexander,Puerto Rico,PR,Consumer
12185,Debra Smith,Puerto Rico,PR,Consumer
7274,Linda Allen,Puerto Rico,PR,Consumer
12244,Cynthia Chambers,Puerto Rico,PR,Consumer
6910,Carol Smith,Puerto Rico,PR,Consumer
18697,Cassandra Gonzalez,Puerto Rico,PR,Consumer
6007,Edward Mitchell,Puerto Rico,PR,Consumer
18684,Stela Goff,Puerto Rico,PR,Consumer
18702,McKenzie Doyle,Puerto Rico,PR,Consumer
7473,Mary Smith,Puerto Rico,PR,Consumer
10036,Mary Smith,Puerto Rico,PR,Consumer
2008,Alexander Smith,Puerto Rico,PR,Consumer
1560,Mary Smith,Puerto Rico,PR,Consumer
7802,Mary Acevedo,Puerto Rico,PR,Consumer
981,Christine Schwartz,Puerto Rico,PR,Consumer
8473,Kevin Smith,Puerto Rico,PR,Corporate
5513,Mary Smith,Puerto Rico,PR,Corporate
10096,Laura Case,Puerto Rico,PR,Corporate
2300,Patrick Williamson,Puerto Rico,PR,Corporate
10009,Mary Smith,Puerto Rico,PR,Corporate
2703,Kimberly Smith,Puerto Rico,PR,Corporate
6242,David Smith,Puerto Rico,PR,Corporate
12626,September Camacho,Puerto Rico,PR,Corporate
12659,Wynter Lynch,Puerto Rico,PR,Corporate
12907,Rose Burgess,Puerto Rico,PR,Corporate
11048,Randy Ball,Puerto Rico,PR,Corporate
10546,Mary Taylor,Puerto Rico,PR,Corporate
9232,Robert King,Puerto Rico,PR,Corporate
908,Mary Smith,Puerto Rico,PR,Corporate
9992,Mary Smith,Puerto Rico,PR,Corporate
7779,Margaret Bryan,Puerto Rico,PR,Corporate
4902,Martha Garcia,Puerto Rico,PR,Corporate
7296,Richard Randall,Puerto Rico,PR,Corporate
8910,Mary Smith,Puerto Rico,PR,Corporate
3456,Jeffrey Ramos,Puerto Rico,PR,Corporate
2856,Karen Guzman,Puerto Rico,PR,Corporate
7964,Stephen Smith,Puerto Rico,PR,Corporate
4651,Gerald Wright,Puerto Rico,PR,Corporate
12234,Mary Leblanc,Puerto Rico,PR,Corporate
4422,Mary Schwartz,Puerto Rico,PR,Corporate
5047,Shirley Whitehead,Puerto Rico,PR,Corporate
5134,Mary Smith,Puerto Rico,PR,Corporate
11031,Kyle Williams,Puerto Rico,PR,Corporate
9327,Donna Smith,Puerto Rico,PR,Corporate
1417,Rachel Smith,Puerto Rico,PR,Corporate
10255,Shirley Smith,Puerto Rico,PR,Corporate
5071,Andrew Campos,Puerto Rico,PR,Corporate
8499,Angela Smith,Puerto Rico,PR,Corporate
11014,Heather Smith,Puerto Rico,PR,Corporate
5824,James Smith,Puerto Rico,PR,Corporate
15778,Ina Wolf,Puerto Rico,PR,Corporate
5691,James Brown,Puerto Rico,PR,Corporate
7662,Tiffany Parsons,Puerto Rico,PR,Corporate
7369,Mary Smith,Puerto Rico,PR,Corporate
1525,Ralph Washington,Puerto Rico,PR,Corporate
5182,Thomas Morgan,Puerto Rico,PR,Corporate
1764,Megan Davila,Puerto Rico,PR,Corporate
6634,Mary Smith,Puerto Rico,PR,Corporate
5562,Mary Smith,Puerto Rico,PR,Corporate
12008,Mary Mcguire,Puerto Rico,PR,Corporate
6474,Madison Smith,Puerto Rico,PR,Corporate
8127,Rose Anderson,Puerto Rico,PR,Corporate
6648,Austin Ho,Puerto Rico,PR,Corporate
10933,Barbara Smith,Puerto Rico,PR,Corporate
10651,Anna George,Puerto Rico,PR,Corporate
4406,Mary Smith,Puerto Rico,PR,Corporate
8844,Mary Barnes,Puerto Rico,PR,Corporate
1653,Brian Gates,Puerto Rico,PR,Corporate
6898,Nathan Butler,Puerto Rico,PR,Corporate
7918,Mary Kemp,Puerto Rico,PR,Corporate
9970,Frank Pierce,Puerto Rico,PR,Corporate
238,Charles Turner,Puerto Rico,PR,Corporate
3513,Shirley Boyer,Puerto Rico,PR,Corporate
3817,Gary Garcia,Puerto Rico,PR,Corporate
17829,Karly Cook,Puerto Rico,PR,Corporate
16176,Lacy Hayes,Puerto Rico,PR,Corporate
9442,Mary Gonzales,Puerto Rico,PR,Corporate
3298,Mary Ray,Puerto Rico,PR,Corporate
2768,Adam Smith,Puerto Rico,PR,Corporate
309,Phillip Smith,Puerto Rico,PR,Corporate
11041,Walter Smith,Puerto Rico,PR,Corporate
5600,Helen Smith,Puerto Rico,PR,Corporate
8771,Karen Green,Puerto Rico,PR,Corporate
2636,Christian Smith,Puerto Rico,PR,Corporate
6448,Mary Lawrence,Puerto Rico,PR,Corporate
12044,Mary Smith,Puerto Rico,PR,Corporate
205,Ryan Garcia,Puerto Rico,PR,Corporate
2984,Mary Smith,Puerto Rico,PR,Corporate
8309,Mary Morales,Puerto Rico,PR,Corporate
770,Mary Dudley,Puerto Rico,PR,Corporate
8368,Susan Smith,Puerto Rico,PR,Corporate
9689,Mary Moore,Puerto Rico,PR,Corporate
10764,Janet Mccoy,Puerto Rico,PR,Corporate
6989,Mary Smith,Puerto Rico,PR,Corporate
904,Elizabeth Gonzales,Puerto Rico,PR,Corporate
2854,Lauren Smith,Puerto Rico,PR,Corporate
8539,John Smith,Puerto Rico,PR,Corporate
3625,Mary Smith,Puerto Rico,PR,Corporate
3488,Mary Mueller,Puerto Rico,PR,Corporate
2911,Mary Smith,Puerto Rico,PR,Corporate
9236,Patrick Webb,Puerto Rico,PR,Corporate
5030,Rose Harper,Puerto Rico,PR,Corporate
1212,William Spears,Puerto Rico,PR,Corporate
6102,Henry Hamilton,Puerto Rico,PR,Corporate
983,Michael Richmond,Puerto Rico,PR,Corporate
4726,Mary Smith,Puerto Rico,PR,Corporate
6032,Rose Smith,Puerto Rico,PR,Corporate
443,Barbara Robinson,Puerto Rico,PR,Corporate
6987,Mary Phillips,Puerto Rico,PR,Corporate
6742,David Richardson,Puerto Rico,PR,Corporate
7667,Henry Maldonado,Puerto Rico,PR,Corporate
6384,Roy Smith,Puerto Rico,PR,Corporate
7237,Olivia Gregory,Puerto Rico,PR,Corporate
6125,Jeremy Pennington,Puerto Rico,PR,Corporate
4764,Christopher Smith,Puerto Rico,PR,Corporate
14496,Giselle Hyde,Puerto Rico,PR,Corporate
7731,Kenneth Dominguez,Puerto Rico,PR,Corporate
5098,Janet Allen,Puerto Rico,PR,Corporate
806,Mary Wells,Puerto Rico,PR,Corporate
11346,Steven Smith,Puerto Rico,PR,Corporate
6955,Amber Smith,Puerto Rico,PR,Corporate
6113,Mary Davis,Puerto Rico,PR,Corporate
12536,Quyn Fuentes,Puerto Rico,PR,Corporate
9900,Carl Palmer,Puerto Rico,PR,Corporate
7985,Denise Smith,Puerto Rico,PR,Corporate
12064,Tammy Smith,Puerto Rico,PR,Corporate
5332,Mary Smith,Puerto Rico,PR,Corporate
8668,Emily Riley,Puerto Rico,PR,Corporate
16564,Ruth Vinson,Puerto Rico,PR,Corporate
19239,Libby Branch,Puerto Rico,PR,Corporate
6726,Edward Ryan,Puerto Rico,PR,Corporate
11582,Debra Hull,Puerto Rico,PR,Corporate
7660,Mary Smith,Puerto Rico,PR,Corporate
15332,Heidi Wong,Puerto Rico,PR,Corporate
10080,Jane Smith,Puerto Rico,PR,Corporate
17597,Demetria Velasquez,Puerto Rico,PR,Corporate
20330,Joan Galloway,Puerto Rico,PR,Corporate
16218,Ulla Peck,Puerto Rico,PR,Corporate
5936,Michael Davis,Puerto Rico,PR,Corporate
8087,Sean Smith,Puerto Rico,PR,Corporate
9909,Mary Wong,Puerto Rico,PR,Corporate
12195,Brenda Moyer,Puerto Rico,PR,Corporate
1661,Mary Austin,Puerto Rico,PR,Corporate
5909,Catherine Owens,Puerto Rico,PR,Corporate
1651,Stephanie Smith,Puerto Rico,PR,Corporate
698,Mary Smith,Puerto Rico,PR,Corporate
7739,Kathy Morris,Puerto Rico,PR,Corporate
9278,Sandra Gordon,Puerto Rico,PR,Corporate
792,Evelyn Jordan,Puerto Rico,PR,Corporate
3731,Beverly Smith,Puerto Rico,PR,Corporate
2205,Wayne Rodriguez,Puerto Rico,PR,Corporate
2773,Linda Hale,Puerto Rico,PR,Corporate
8766,Mary Duncan,Puerto Rico,PR,Corporate
10948,Mary Torres,Puerto Rico,PR,Corporate
14303,Amber Acosta,Puerto Rico,PR,Corporate
7816,Emma Stout,Puerto Rico,PR,Corporate
2827,Rachel Weaver,Puerto Rico,PR,Corporate
4356,Anthony Klein,Puerto Rico,PR,Corporate
5815,Mary Proctor,Puerto Rico,PR,Corporate
8654,Mary Glass,Puerto Rico,PR,Corporate
2708,Jennifer Dominguez,Puerto Rico,PR,Corporate
12231,Steven Davis,Puerto Rico,PR,Corporate
1936,Jane Jennings,Puerto Rico,PR,Corporate
11733,Christopher Chan,Puerto Rico,PR,Corporate
10091,Brandon Marsh,Puerto Rico,PR,Corporate
3648,Mary Parker,Puerto Rico,PR,Corporate
13620,Dakota Mccormick,Puerto Rico,PR,Corporate
5066,Mary Jones,Puerto Rico,PR,Corporate
8637,Mary Smith,Puerto Rico,PR,Corporate
14815,Yvette Hyde,Puerto Rico,PR,Corporate
8962,Mary Richardson,Puerto Rico,PR,Corporate
36,Michelle Carey,Puerto Rico,PR,Corporate
13794,Noel Maxwell,Puerto Rico,PR,Corporate
9801,James Smith,Puerto Rico,PR,Corporate
5817,Mary Diaz,Puerto Rico,PR,Corporate
5184,Christopher Villarreal,Puerto Rico,PR,Corporate
5015,Mary Gutierrez,Puerto Rico,PR,Corporate
6788,Mary Allen,USA,CA,Corporate
5333,James Santiago,USA,NY,Corporate
4974,Mary Smith,USA,UT,Corporate
9980,David Hayes,USA,CA,Corporate
5084,Edward Smith,USA,PA,Corporate
7240,Mary Smith,USA,NY,Corporate
11531,Barbara Gordon,USA,CA,Corporate
11954,Mary Smith,USA,CA,Corporate
9039,Amber Wall,USA,FL,Corporate
10689,Mary Smith,USA,NV,Corporate
7668,Mary Smith,USA,NY,Corporate
1806,Roger Smith,USA,TX,Corporate
9610,Frances Smith,USA,CA,Corporate
8642,Heather Freeman,USA,IL,Corporate
6992,Christopher Thompson,USA,CA,Corporate
9375,George Smith,USA,CA,Corporate
6303,Mary Smith,USA,IL,Corporate
10896,Victoria Smith,USA,AZ,Corporate
1782,Robert Smith,USA,TX,Corporate
10345,Elizabeth Mcpherson,USA,TX,Corporate
5267,Mary Smith,USA,NY,Corporate
11223,Gary Tanner,USA,CA,Corporate
3590,Jeffrey Lewis,USA,CO,Corporate
4806,Mary Smith,USA,NY,Corporate
8911,Catherine Arnold,USA,GA,Corporate
12113,Jordan Kelley,USA,MD,Corporate
3755,Eugene Smith,USA,CA,Corporate
514,Mary Johnson,USA,CA,Corporate
12093,Barbara Archer,USA,CA,Corporate
1937,Mary Werner,USA,TX,Corporate
10204,Sean Matthews,USA,CA,Corporate
11133,Mary Smith,USA,CA,Corporate
2157,Danielle Holt,USA,CA,Corporate
11492,Evelyn Allen,USA,KY,Corporate
11321,Linda Mcdowell,USA,CA,Corporate
11806,Mildred Hester,USA,IN,Corporate
2750,George Mason,USA,KY,Corporate
8998,James Nielsen,USA,IL,Corporate
252,Mary Frazier,USA,TX,Corporate
10017,John Smith,USA,MN,Corporate
7063,Mary Smith,USA,TX,Corporate
4370,Mary Smith,USA,CA,Corporate
433,Mary Smith,USA,NV,Corporate
7825,Andrea Baird,USA,CA,Corporate
912,Mary Roy,USA,NV,Corporate
8624,Theresa Welch,USA,FL,Corporate
2653,Mary Smith,USA,GA,Corporate
12265,Mary Miller,USA,CA,Corporate
5648,Joshua Smith,USA,TN,Corporate
10001,Nathan Smith,USA,DC,Corporate
1136,Mary Smith,USA,MO,Corporate
4177,Linda Smith,USA,VA,Corporate
4072,Benjamin Clark,USA,OR,Corporate
5446,Mary Smith,USA,GA,Corporate
9656,Sarah Smith,USA,NY,Corporate
7160,Mary Allen,USA,CA,Corporate
2780,Mary Smith,USA,FL,Corporate
6561,Jane Day,USA,TX,Corporate
4119,Peter Smith,USA,CA,Corporate
615,Mary Smith,USA,TX,Corporate
10583,Ryan Gay,USA,CA,Corporate
10949,Zachary Reyes,USA,NY,Corporate
4686,Mary Smith,USA,OH,Corporate
3391,Rebecca Smith,USA,CA,Corporate
3355,Mary Morales,USA,LA,Corporate
1660,Danielle Price,USA,CA,Corporate
17575,Isabella Patel,USA,TX,Corporate
17573,Hillary Walker,USA,AZ,Corporate
17623,Kirestin Garza,USA,NJ,Corporate
16224,Eden Gonzalez,USA,TN,Corporate
18594,Mariam Maxwell,USA,NV,Corporate
16223,Ayanna Cohen,USA,MO,Corporate
20026,Doris Duran,USA,PA,Corporate
17818,Karina Travis,USA,NV,Corporate
15212,Aphrodite Bass,USA,NV,Corporate
19935,Amela Gould,USA,CA,Corporate
16258,Nell Joyce,USA,UT,Corporate
18946,Lesley Castaneda,USA,VA,Corporate
20025,Alice Kirk,USA,IL,Corporate
17117,Ella Higgins,USA,TX,Corporate
17243,Hillary Barton,USA,NC,Corporate
20024,Tatyana Collier,USA,CA,Corporate
20167,TaShya Carpenter,USA,TX,Corporate
16112,Illana Kirkland,USA,ND,Corporate
20005,Courtney Robbins,USA,SC,Corporate
16256,Cherokee Armstrong,USA,OR,Corporate
16328,Madonna Woodward,USA,IL,Corporate
17061,Cynthia Quinn,USA,CA,Corporate
15155,Ruth Flowers,USA,CA,Corporate
15245,Suki Sandoval,USA,DE,Corporate
16146,Larissa Hartman,USA,MO,Corporate
15262,Isabella Griffith,USA,CA,Corporate
20327,Geraldine Carrillo,USA,TX,Corporate
16362,Fallon Wilder,USA,CA,Corporate
15261,Jayme Pate,USA,MI,Corporate
20236,Juliet Mercado,USA,MI,Corporate
19947,Alyssa Saunders,USA,MA,Corporate
17812,Melyssa Pennington,USA,CA,Corporate
18604,Latifah Kinney,USA,UT,Corporate
16288,Angelica Key,USA,FL,Corporate
20163,Margaret Bradford,USA,CA,Corporate
18955,Leigh Dodson,USA,NY,Corporate
16123,Kirestin Britt,USA,PA,Corporate
15220,Lani Glover,USA,CA,Corporate
17772,Madeline House,USA,NV,Corporate
18953,Susan Berry,USA,NM,Corporate
15147,Carly Hines,USA,NY,Corporate
15201,Demetria Burton,USA,VA,Corporate
18971,Kelsey Reyes,USA,AZ,Corporate
19816,Eve Johnston,USA,CA,Corporate
20014,Martina Zimmerman,USA,NJ,Corporate
17806,Melanie Craft,USA,NV,Corporate
17752,Lee Reid,USA,DE,Corporate
15218,Sage Banks,USA,CA,Corporate
15253,Ocean Kline,USA,IL,Corporate
17212,Rosalyn Sykes,USA,CA,Corporate
20138,Audrey Sears,USA,TX,Corporate
15145,Moana Lara,USA,NY,Corporate
20282,Quail White,USA,NY,Corporate
19813,Montana Nelson,USA,CA,Corporate
17049,Nevada Banks,USA,NY,Corporate
17175,Blythe Knight,USA,AZ,Corporate
18559,Abigail Gray,USA,NY,Corporate
16261,Donna Hoffman,USA,MD,Corporate
20064,Ivy Crosby,USA,CA,Corporate
17174,Blossom Rosa,USA,LA,Corporate
20280,Alma Mccoy,USA,PA,Corporate
19177,Melanie Lan,USA,MA,Corporate
16409,Dorothy Nielsen,USA,CA,Corporate
16450,Amity Christian,USA,TX,Corporate
7345,Ryan Smith,USA,CA,Corporate
10077,Judith Smith,USA,NV,Corporate
71,Charles Smith,USA,PA,Corporate
3706,Ashley Fitzgerald,USA,OH,Corporate
5072,Jacob Smith,USA,NY,Corporate
1012,Mark Watts,USA,MD,Corporate
4691,Phillip Petty,USA,MD,Corporate
5714,Christopher Meza,USA,CA,Corporate
3853,Eugene Smith,USA,NY,Corporate
2297,Joseph Mueller,USA,CA,Corporate
17978,Destiny Head,USA,CA,Corporate
1561,Harold Johnson,USA,TX,Corporate
6029,Donald Smith,USA,NY,Corporate
1484,Mary Hawkins,USA,VA,Corporate
7016,Jack Sloan,USA,MO,Corporate
70,Mary Simmons,USA,CA,Corporate
9231,Mary Smith,USA,CA,Corporate
20617,Lacota Norris,USA,CA,Corporate
9224,Mary Cannon,USA,CA,Corporate
20471,Zenaida Cooper,USA,CA,Corporate
2795,Jack King,USA,CA,Corporate
7663,Mary Smith,USA,CA,Corporate
15991,Brynn Clayton,USA,NY,Corporate
11602,Mary Smith,USA,PA,Corporate
271,Justin White,USA,CA,Corporate
10870,Mary Haas,USA,VA,Corporate
5745,Mary Rodriguez,USA,NY,Corporate
3195,Mary Smith,USA,CA,Corporate
2923,Mary Smith,USA,IL,Corporate
5790,Mary Young,USA,CA,Corporate
1608,Michael Smith,USA,FL,Corporate
7597,Catherine Smith,USA,CA,Corporate
18675,Veronica Bond,USA,CA,Corporate
15602,Alea Herring,USA,FL,Corporate
15526,Doris Barr,USA,CT,Corporate
9932,Wayne Smith,USA,IL,Corporate
15396,Joelle Winters,USA,CT,Corporate
5520,Virginia Smith,USA,CA,Corporate
10484,Gregory Carroll,USA,IL,Corporate
8325,Donald Smith,USA,NY,Corporate
835,Gloria Smith,USA,CA,Corporate
2528,Mary Acevedo,USA,MI,Corporate
8207,Charles Jordan,USA,MN,Corporate
6724,Benjamin Smith,USA,IL,Corporate
10508,Angela Meadows,USA,CA,Corporate
5471,Donald Smith,USA,AZ,Corporate
2484,Sarah Smith,USA,NC,Corporate
6512,Rachel Burke,USA,TX,Corporate
5202,Mary Smith,USA,CA,Corporate
9491,John Smith,USA,CA,Corporate
17136,Jessica Mercado,USA,CO,Corporate
17172,Veronica Holmes,USA,MI,Corporate
15192,Kameko Duffy,USA,CA,Corporate
18620,Dakota Copeland,USA,CO,Corporate
15203,Yuri Watkins,USA,NY,Corporate
15257,Carolyn Robinson,USA,CA,Corporate
17754,Stacey Jimenez,USA,CA,Corporate
18616,Meghan Boyer,USA,NJ,Corporate
20067,Simone Sweeney,USA,GA,Corporate
15216,Sacha Elliott,USA,FL,Corporate
5210,Thomas Kelly,USA,CA,Corporate
12060,Mary Robinson,USA,TX,Corporate
5523,Mary Krueger,USA,NY,Corporate
12206,Mary Jackson,USA,NY,Corporate
11898,Debra Smith,USA,NC,Corporate
3266,Mary Salinas,USA,IL,Corporate
2219,Mary Chung,USA,CA,Corporate
6926,Ashley Powell,USA,TX,Consumer
10865,Albert Contreras,USA,GA,Consumer
11574,Mary Guzman,USA,MO,Consumer
7636,Elizabeth Smith,USA,NY,Consumer
9240,Janice Brown,USA,CA,Consumer
7066,Emma Mcclain,USA,CA,Consumer
9476,Linda Hoffman,USA,IL,Consumer
8177,Janet Parker,USA,AZ,Consumer
12426,Jordan Valdez,USA,NY,Consumer
10278,Mary Farrell,USA,CA,Consumer
11716,Robert Jones,USA,UT,Consumer
5585,Mary Wilson,USA,CA,Consumer
3529,Victoria Weaver,USA,NY,Consumer
6521,Mary Hanson,USA,OH,Consumer
8709,Mary Smith,USA,CA,Consumer
4829,Mary Smith,USA,CA,Consumer
1611,Jennifer Smith,USA,CA,Consumer
4278,Andrew Smith,USA,LA,Consumer
7271,Karen Barber,USA,CT,Consumer
9305,Mary Evans,USA,MO,Consumer
9017,Anna Kelly,USA,NY,Consumer
7712,Hannah Smith,USA,NY,Consumer
7845,Walter Marshall,USA,CA,Consumer
411,Mary Smith,USA,DC,Consumer
5983,Mary Anderson,USA,NY,Consumer
10442,Mary Hall,USA,IL,Consumer
810,Mary Smith,USA,NV,Consumer
5265,Sarah Rogers,USA,CA,Consumer
329,Samantha Higgins,USA,FL,Consumer
8513,Alexander Harris,USA,LA,Consumer
2687,Kelly Smith,USA,NY,Consumer
6006,Mary Smith,USA,PA,Consumer
4840,Mary Marshall,USA,TX,Consumer
3787,Kevin Vang,USA,MO,Consumer
5458,Harold Smith,USA,MO,Consumer
8005,Robert Lambert,USA,NY,Consumer
9383,Charles Smith,USA,FL,Consumer
10462,Carolyn Smith,USA,IN,Consumer
8618,Joan Trujillo,USA,IN,Consumer
10052,Mary Aguilar,USA,MI,Consumer
9942,Lisa Moore,USA,TN,Consumer
8350,Mary Bennett,USA,CA,Consumer
9587,Robert Hawkins,USA,PA,Consumer
5359,Raymond Wu,USA,MD,Consumer
10481,Nicole Baker,USA,NY,Consumer
10592,Ethan Smith,USA,IL,Consumer
4965,Mary Gutierrez,USA,CA,Consumer
1048,Frances Terrell,USA,NY,Consumer
11277,Nicole Gordon,USA,NY,Consumer
10601,Patrick Mayo,USA,CA,Consumer
7432,Betty Smith,USA,OH,Consumer
6500,Joyce Leblanc,USA,TX,Consumer
4094,Judith Smith,USA,NJ,Consumer
11435,Amber Smith,USA,FL,Consumer
7366,William Ellison,USA,SC,Consumer
7442,Brenda Evans,USA,TX,Consumer
4407,Mary Ward,USA,ND,Consumer
1124,Katherine Cain,USA,IL,Consumer
9761,Helen Smith,USA,TX,Consumer
8885,Mary Smith,USA,GA,Consumer
2476,Gerald Smith,USA,LA,Consumer
2600,Deborah Smith,USA,CA,Consumer
11211,Mary Yu,USA,NY,Consumer
2867,Wayne Woods,USA,CA,Consumer
8120,Stephanie Perry,USA,OH,Consumer
8192,Kathryn Marshall,USA,TX,Consumer
7744,Kathleen Kelley,USA,CA,Consumer
7935,Mary Williams,USA,RI,Consumer
9124,Donald Wheeler,USA,CA,Consumer
2811,Thomas Smith,USA,IL,Consumer
5645,Mary Villegas,USA,CA,Consumer
6086,Mary Hutchinson,USA,FL,Consumer
1659,Mary Smith,USA,TX,Consumer
2943,Crystal Edwards,USA,UT,Consumer
6580,Anthony Dorsey,USA,AZ,Consumer
11955,William Smith,USA,MI,Consumer
2611,Nicholas Hood,USA,NY,Consumer
4159,Mary Castillo,USA,TX,Consumer
5829,Mary Smith,USA,TX,Consumer
11575,William Smith,USA,WI,Consumer
4795,Mary Smith,USA,ND,Consumer
719,Mary Hughes,USA,AZ,Consumer
7916,Mary Richardson,USA,PA,Consumer
1436,Sarah Smith,USA,TX,Consumer
1775,Sharon Hernandez,USA,VA,Consumer
2733,David Smith,USA,IL,Consumer
2337,Mary Smith,USA,TX,Consumer
5153,Evelyn Smith,USA,PA,Consumer
799,Danielle Smith,USA,FL,Consumer
6060,Michael Smith,USA,CA,Consumer
7298,Mary Barnes,USA,IL,Consumer
5978,Lauren Smith,USA,MA,Consumer
4221,Robert Smith,USA,CA,Consumer
827,Tyler Smith,USA,NY,Consumer
7758,Joyce Howe,USA,VA,Consumer
3180,Raymond Smith,USA,CA,Consumer
7775,Amy Le,USA,MD,Consumer
5554,Hannah Ferguson,USA,NM,Consumer
2633,Matthew Figueroa,USA,NV,Consumer
5324,Mary Patterson,USA,TX,Consumer
4787,Brian Smith,USA,NJ,Consumer
8424,Robert Smith,USA,AZ,Consumer
6768,Catherine Smith,USA,CA,Consumer
2449,Mary Burke,USA,IL,Consumer
4228,Michael Jennings,USA,MI,Consumer
3404,Billy Thompson,USA,TX,Consumer
10194,Bobby Walker,USA,NY,Consumer
3708,Judy Miller,USA,OH,Consumer
4181,Aaron Hudson,USA,CA,Consumer
10713,Mary Prince,USA,AZ,Consumer
3685,Mary Watson,USA,NC,Consumer
7623,Matthew Smith,USA,TX,Consumer
11453,Mary Smith,USA,NM,Consumer
3201,Kathleen Smith,USA,NY,Consumer
3785,Brian Smith,USA,NV,Consumer
705,Timothy Smith,USA,GA,Consumer
9149,Ronald Whitehead,USA,CA,Consumer
11369,Mary Rodriguez,USA,PA,Consumer
5770,Brandon Johnson,USA,CA,Consumer
455,Jeffrey Smith,USA,CO,Consumer
4600,Roger Barron,USA,IN,Consumer
11505,Michael Schultz,USA,CA,Consumer
3813,Andrew Smith,USA,NY,Consumer
8084,Mary Smith,USA,TX,Consumer
1524,Nathan Walker,USA,CA,Consumer
10122,Mary Watson,USA,CA,Consumer
8003,Diane Zimmerman,USA,TX,Consumer
1407,Olivia White,USA,NY,Consumer
10424,Beverly Smith,USA,PA,Consumer
4624,Kenneth Matthews,USA,OK,Consumer
838,Mary Smith,USA,IL,Consumer
10241,Patricia Kidd,USA,KY,Consumer
10062,Judith Smith,USA,IL,Consumer
2302,Elizabeth Lopez,USA,CA,Consumer
7448,Lauren Smith,USA,NC,Consumer
4931,Arthur Smith,USA,FL,Consumer
1426,Mary Conner,USA,CA,Consumer
11914,William Collins,USA,CO,Consumer
256,David Rodriguez,USA,IL,Consumer
4090,Mary Middleton,USA,NY,Consumer
7852,Mary Greene,USA,CA,Consumer
5300,Joseph Smith,USA,FL,Consumer
7562,Thomas Hayes,USA,CA,Consumer
1543,Mary Smith,USA,NC,Consumer
3873,Stephanie Hunter,USA,NY,Consumer
10739,Doris Nguyen,USA,CO,Consumer
2223,Sharon Hoffman,USA,VA,Consumer
5877,Mary Patel,USA,AZ,Consumer
11585,Mary Smith,USA,IL,Consumer
8588,Ronald Smith,USA,UT,Consumer
3090,Mary Smith,USA,CT,Consumer
1049,Mary Smith,USA,DC,Consumer
7342,Julia Hicks,USA,CO,Consumer
7829,Raymond Smith,USA,CT,Consumer
7123,Carl Smith,USA,ID,Consumer
4592,Mary Sanchez,USA,IL,Consumer
4377,Mary Chang,USA,TN,Consumer
4529,Steven Morgan,USA,NY,Consumer
2758,Kimberly Perez,USA,AZ,Consumer
9819,Crystal Smith,USA,CA,Consumer
6583,Heather Ibarra,USA,IL,Consumer
7544,Barbara Smith,USA,MI,Consumer
5487,Eugene Rogers,USA,IL,Consumer
1528,Anthony Smith,USA,NV,Consumer
11218,Louis Novak,USA,TN,Consumer
4752,Mary Smith,USA,NJ,Consumer
1295,Theresa Lopez,USA,CA,Consumer
9753,Jonathan Johnson,USA,IN,Consumer
4846,Mary Lambert,USA,NY,Consumer
6892,Robert Kramer,USA,CA,Consumer
6470,Douglas Smith,USA,MA,Consumer
12164,Robert Hawkins,USA,CA,Consumer
3543,Matthew Rasmussen,USA,CA,Consumer
2520,Gregory Buck,USA,RI,Consumer
9692,Carolyn Price,USA,TX,Consumer
8047,Gary Smith,USA,CA,Consumer
3710,Ashley Smith,USA,MO,Consumer
7293,Mary Ryan,USA,SC,Consumer
3319,Adam Prince,USA,NY,Consumer
6880,Brenda Smith,USA,VA,Consumer
5989,Kathleen Becker,USA,NY,Consumer
11855,Mary Small,USA,OH,Consumer
10012,Robert Montoya,USA,WA,Consumer
10589,Mary Smith,USA,NY,Consumer
7183,Anna Smith,USA,CA,Consumer
4850,Mary Smith,USA,NJ,Consumer
6325,Victoria Smith,USA,OH,Consumer
1793,Mary Burke,USA,IL,Consumer
5974,Harold Weiss,USA,TX,Consumer
6441,Mary Harris,USA,LA,Consumer
76,Joseph Young,USA,CA,Consumer
9179,Mary Pearson,USA,NY,Consumer
5928,Janice Chavez,USA,CA,Consumer
4548,Ruth Smith,USA,FL,Consumer
2373,Mary Smith,USA,SC,Consumer
10251,Mary Nguyen,USA,DC,Consumer
9928,Mary Smith,USA,IL,Consumer
7951,Amy Salazar,USA,IL,Consumer
12051,Ethan Cox,USA,CA,Consumer
11516,Kevin Smith,USA,IL,Consumer
349,Aaron Berger,USA,MO,Consumer
12368,Alice Smith,USA,CA,Consumer
3525,Joseph Flores,USA,OH,Consumer
871,Deborah Smith,USA,TX,Consumer
8770,Mary Smith,USA,PA,Consumer
7979,Mary Smith,USA,TX,Consumer
11756,Linda Long,USA,CO,Consumer
12299,Randy Smith,USA,IL,Consumer
1670,Keith Callahan,USA,LA,Consumer
11385,Mary Stewart,USA,WV,Consumer
12189,Judith Hicks,USA,MI,Consumer
11459,Mary Smith,USA,CA,Consumer
3947,Mary Blake,USA,KS,Consumer
9559,Austin Smith,USA,TX,Consumer
9454,Mary Carson,USA,CA,Consumer
12362,Mary Smith,USA,AZ,Consumer
7719,Dorothy Smith,USA,CA,Consumer
7902,Mary Smith,USA,TX,Consumer
7787,Robert Christensen,USA,CA,Consumer
10222,Mark Reyes,USA,FL,Consumer
6393,Mary Smith,USA,NC,Consumer
6585,Andrew Turner,USA,CA,Consumer
5227,Madison Mcfarland,USA,DE,Consumer
1511,Julia Stewart,USA,KS,Consumer
10505,Eugene Wu,USA,CA,Consumer
1283,Ashley White,USA,CA,Consumer
4568,Mary Hodge,USA,NY,Consumer
1483,Olivia Smith,USA,GA,Consumer
2675,Michael Reynolds,USA,CA,Consumer
7383,Catherine Washington,USA,IL,Consumer
606,Mary Smith,USA,DE,Consumer
10682,Phillip Smith,USA,OR,Consumer
4292,Sean Smith,USA,MI,Consumer
10023,Victoria Knight,USA,NJ,Consumer
4930,Mary Preston,USA,CA,Consumer
9396,Jacqueline Smith,USA,CA,Consumer
12284,Mary Smith,USA,CT,Consumer
11037,Mary Perry,USA,CA,Consumer
11833,Mary Weaver,USA,OH,Consumer
2939,Kyle Santiago,USA,PA,Consumer
11903,Ann Werner,USA,IL,Consumer
11425,Kathy Norman,USA,MI,Consumer
8171,Benjamin Cole,USA,CA,Consumer
3407,Nancy Myers,USA,CA,Consumer
1620,Stephen Horton,USA,WI,Consumer
10701,Amanda Smith,USA,CA,Consumer
7236,Mary Smith,USA,MO,Consumer
1320,Mary Bishop,USA,CA,Consumer
10279,David Smith,USA,CA,Consumer
6003,Mary Smith,USA,NC,Consumer
4538,Matthew Smith,USA,OH,Consumer
11626,Debra Bradshaw,USA,GA,Consumer
3762,Juan Smith,USA,NJ,Consumer
11656,Mary Wyatt,USA,CO,Consumer
11131,Mary Smith,USA,NY,Consumer
4491,Mary Banks,USA,NY,Consumer
836,Mary Anderson,USA,MI,Consumer
3761,Mary Christian,USA,CA,Consumer
9152,Mary Martinez,USA,UT,Consumer
1381,Doris Sanchez,USA,CA,Consumer
8872,Mary Garcia,USA,OR,Consumer
7382,Dorothy Smith,USA,IL,Consumer
1466,Stephen Cole,USA,NC,Consumer
10268,Amy Washington,USA,TN,Consumer
10466,Mary Smith,USA,CA,Consumer
773,Dylan Horton,USA,MN,Consumer
7379,David Mullins,USA,LA,Consumer
12041,Gary Oneal,USA,MO,Consumer
4572,Crystal Lucero,USA,NY,Consumer
8097,Marie Martin,USA,WI,Consumer
7600,Mary Tucker,USA,CA,Consumer
10239,Doris Smith,USA,CA,Consumer
1155,Virginia Miller,USA,CO,Consumer
1400,Aaron Davis,USA,FL,Consumer
856,Dennis Ramos,USA,CA,Consumer
10364,Mary Simon,USA,CA,Consumer
3678,Alice Castro,USA,NY,Consumer
11275,Kyle Wheeler,USA,NY,Consumer
4876,Harry Smith,USA,VA,Consumer
9849,Mary Smith,USA,TX,Consumer
6516,Angela Smith,USA,NM,Consumer
254,Diana Hale,USA,TX,Consumer
8375,John Smith,USA,PA,Consumer
8448,Deborah Brown,USA,NY,Consumer
2681,Mary Smith,USA,GA,Consumer
6798,Maria Harvey,USA,MD,Consumer
11552,Mary Smith,USA,FL,Consumer
3664,Mary Smith,USA,VA,Consumer
2515,Susan Smith,USA,FL,Consumer
9786,Mary Harrison,USA,UT,Consumer
12403,Richard Ferguson,USA,CA,Consumer
11862,Mary Smith,USA,FL,Consumer
11765,Steven Smith,USA,CA,Consumer
1876,Austin Smith,USA,KS,Consumer
1078,Nancy Smith,USA,CA,Consumer
2696,Ashley Smith,USA,TN,Consumer
9650,Mary Douglas,USA,VA,Consumer
914,Jacob Martinez,USA,NY,Consumer
10760,Mary Lang,USA,OR,Consumer
8250,Emma Smith,USA,NV,Consumer
1689,Thomas Smith,USA,NY,Consumer
755,Mary Mayo,USA,AZ,Consumer
1854,Lauren Mcguire,USA,CA,Consumer
6285,Mary Garcia,USA,NY,Consumer
4937,Mary Rogers,USA,CA,Consumer
9570,William Sampson,USA,TX,Consumer
9823,Mary Camacho,USA,UT,Consumer
1022,Mary Smith,USA,UT,Consumer
4212,Robert Mendez,USA,CA,Consumer
1492,Gerald Patel,USA,CA,Consumer
1091,Mary Smith,USA,AZ,Consumer
8342,Betty Smith,USA,CA,Consumer
5383,Mary Frye,USA,NY,Consumer
11175,Mary Jones,USA,AZ,Consumer
7482,Mary Smith,USA,VA,Consumer
6737,Joyce Smith,USA,CA,Consumer
7947,Mary Andrews,USA,TX,Consumer
6095,Mary Smith,USA,MA,Consumer
2962,Amy Smith,USA,NY,Consumer
2787,Mary Smith,USA,IL,Consumer
327,Mary Smith,USA,TX,Consumer
10310,Virginia Le,USA,TX,Consumer
11544,Diane Perez,USA,AZ,Consumer
7133,Kathy Smith,USA,MN,Consumer
4556,Mary Jackson,USA,MI,Consumer
12296,Anna Smith,USA,FL,Consumer
1174,Douglas Smith,USA,TN,Consumer
6423,Dylan Smith,USA,CA,Consumer
4017,James Goodwin,USA,MO,Consumer
6649,Mary Smith,USA,MI,Consumer
4169,Mary Palmer,USA,IL,Consumer
1565,Denise Smith,USA,CA,Consumer
6279,Gary Lewis,USA,FL,Consumer
10020,Mary Wall,USA,AZ,Consumer
1298,Susan Fuller,USA,CA,Consumer
613,Emma Smith,USA,NY,Consumer
2585,Kyle Rice,USA,NY,Consumer
11778,Mary Smith,USA,CA,Consumer
7180,Mary Walton,USA,CA,Consumer
5242,Cheryl Wang,USA,PA,Consumer
2959,Ronald Smith,USA,IL,Consumer
987,Cheryl Smith,USA,NM,Consumer
7625,Frances Smith,USA,MI,Consumer
11567,Mary Walker,USA,CA,Consumer
8056,John Logan,USA,TX,Consumer
8616,Nicholas Klein,USA,CA,Consumer
7925,William Smith,USA,TX,Consumer
1482,Mary Greene,USA,CA,Consumer
11177,Mary Cowan,USA,NJ,Consumer
4976,Mary Smith,USA,CT,Consumer
12120,Pamela Smith,USA,FL,Consumer
6288,Catherine Johnson,USA,MI,Consumer
1300,Hannah Hawkins,USA,TX,Consumer
733,Alice Sellers,USA,TX,Consumer
2957,Eugene Leach,USA,WA,Consumer
10357,Elizabeth Smith,USA,WI,Consumer
1014,Mary Maxwell,USA,NY,Consumer
6009,Mary Smith,USA,UT,Consumer
11589,Mary Anderson,USA,WA,Consumer
8734,Harry Chambers,USA,NY,Consumer
5297,Mary Smith,USA,CA,Consumer
590,Paul Black,USA,ID,Consumer
8723,John Ryan,USA,DC,Consumer
4147,Karen Gillespie,USA,MA,Consumer
7725,Mary Reid,USA,SC,Consumer
3101,George Reyes,USA,CA,Consumer
12115,Lawrence Smith,USA,TX,Consumer
5403,Mary Smith,USA,OH,Consumer
9126,Philip Anderson,USA,GA,Consumer
10371,Joseph Smith,USA,IL,Consumer
9576,Hannah Pena,USA,CA,Consumer
5196,Mary Smith,USA,CA,Consumer
7713,Mary Cruz,USA,IL,Consumer
2724,Dorothy Smith,USA,CA,Consumer
9687,Mary Mccormick,USA,FL,Consumer
449,Mary Smith,USA,OH,Consumer
1215,Joe Hart,USA,NV,Consumer
3674,Amy Torres,USA,CA,Consumer
691,Mary Terrell,USA,VA,Consumer
6626,Mary Franklin,USA,CA,Consumer
226,Rose Sanders,USA,CA,Consumer
6281,Eugene Calderon,USA,SC,Consumer
3748,Brenda Smith,USA,CA,Consumer
11238,Mary Casey,USA,TN,Consumer
4852,Joshua Smith,USA,MI,Consumer
1499,Mary Smith,USA,FL,Consumer
6,Mary Smith,USA,NJ,Consumer
384,Mildred Cunningham,USA,NV,Consumer
3313,Mary Ortiz,USA,MO,Consumer
9443,Karen Fox,USA,CA,Consumer
1317,Robert Smith,USA,CA,Consumer
11764,Mary Barnes,USA,CA,Consumer
4326,Mary Ferguson,USA,CA,Consumer
2389,Mary Smith,USA,TN,Consumer
7650,Mary Smith,USA,NJ,Consumer
1980,Mary Smith,USA,UT,Consumer
2821,Mary Williams,USA,CA,Consumer
11832,Sara Williams,USA,TN,Consumer
9414,Gloria Smith,USA,MO,Consumer
2794,Patricia Allen,USA,CA,Consumer
6307,Gregory Smith,USA,NY,Consumer
2382,Mary Holloway,USA,NY,Consumer
10312,Evelyn Lowe,USA,TX,Consumer
11789,Mary Smith,USA,NJ,Consumer
11967,Mary Beard,USA,CA,Consumer
8014,Emily Powers,USA,WA,Consumer
117,Mary Smith,USA,WI,Consumer
8060,Sara Logan,USA,IL,Consumer
2617,Mary Smith,USA,CA,Consumer
3537,Ralph Smith,USA,CA,Consumer
2235,David Shields,USA,NM,Consumer
10146,Andrew Smith,USA,CA,Consumer
9244,Mary Smith,USA,CA,Consumer
3163,Mary Carlson,USA,MO,Consumer
687,Ronald Harrison,USA,CA,Consumer
9817,Sean Hall,USA,CA,Consumer
10083,Mary Cooper,USA,CO,Consumer
9263,Joe Smith,USA,TX,Consumer
6417,Helen Gomez,USA,TX,Consumer
11221,Mary Pittman,USA,TN,Consumer
2403,Christopher Hall,USA,PA,Consumer
1428,Mary Clark,USA,KY,Consumer
6356,Mary Smith,USA,MD,Consumer
2064,David Garrison,USA,TX,Consumer
3720,Mary Bowman,USA,CA,Consumer
4750,Mary Smith,USA,WV,Consumer
3802,Timothy Smith,USA,FL,Consumer
5856,Melissa Gomez,USA,MI,Consumer
3331,Diane Martinez,USA,CA,Consumer
11068,Roger Smith,USA,CO,Consumer
11595,Zachary Jones,USA,CA,Consumer
9486,Mary Smith,USA,PA,Consumer
6476,Julie Smith,USA,DC,Consumer
6458,Jonathan Franco,USA,OH,Consumer
358,Megan Lynch,USA,TX,Consumer
11775,Heather Henry,USA,GA,Consumer
11407,Steven Powers,USA,OH,Consumer
2788,Jane Nelson,USA,NV,Consumer
1438,Jason Smith,USA,AZ,Consumer
2960,Megan Rogers,USA,CT,Consumer
11350,Brittany Lynch,USA,MI,Consumer
6146,Mary Rowe,USA,CA,Consumer
3825,Mary Ward,USA,MD,Consumer
12065,Mary Hogan,USA,IL,Consumer
9700,Mary Smith,USA,MO,Consumer
11527,Karen Smith,USA,IL,Consumer
4101,Michelle Collins,USA,NY,Consumer
11060,Robert Smith,USA,CA,Consumer
9401,Mary Fritz,USA,NY,Consumer
11772,Mary Smith,USA,NJ,Consumer
10040,Susan Curry,USA,MD,Consumer
65,Jennifer Smith,USA,NJ,Consumer
6925,Mary Smith,USA,NY,Consumer
3635,Catherine Flowers,USA,CA,Consumer
10756,Mary Carlson,USA,MD,Consumer
5469,Mary Bradley,USA,NY,Consumer
7989,Elizabeth Douglas,USA,GA,Consumer
11835,Tammy Smith,USA,AZ,Consumer
3858,Martha Smith,USA,OH,Consumer
12050,Mary Smith,USA,NY,Consumer
3660,Roger Smith,USA,TX,Consumer
7980,Jennifer Ortiz,USA,LA,Consumer
4621,Doris Smith,USA,MD,Consumer
10690,Michael Gonzalez,USA,NY,Consumer
484,Shirley Richardson,USA,MD,Consumer
1658,Dylan Conner,USA,CA,Consumer
5832,Jennifer Scott,USA,MD,Consumer
3711,Jordan Palmer,USA,TX,Consumer
2628,Madison Myers,USA,CA,Consumer
898,Cheryl Smith,USA,FL,Consumer
2114,Timothy Vega,USA,CA,Consumer
5440,Mary Malone,USA,CA,Consumer
5867,Beverly Jackson,USA,FL,Consumer
11417,Kenneth Whitney,USA,IL,Consumer
1952,Ashley Smith,USA,MD,Consumer
4397,Diana Wright,USA,CA,Consumer
7000,Amber Smith,USA,IN,Consumer
391,Gloria Greene,USA,MI,Consumer
3764,Ethan Smith,USA,CA,Consumer
2458,Mary Smith,USA,HI,Consumer
6140,Willie Smith,USA,NJ,Consumer
4242,Benjamin Arroyo,USA,NJ,Consumer
6846,Joe White,USA,MO,Consumer
6657,Alan Gilbert,USA,CA,Consumer
5490,Mary Richardson,USA,NY,Consumer
9908,Benjamin Smith,USA,TX,Consumer
2362,Samantha Smith,USA,CA,Consumer
771,Patricia Smith,USA,RI,Consumer
12233,Karen Small,USA,IL,Consumer
10039,Mary Butler,USA,AR,Consumer
5105,Mary Smith,USA,CA,Consumer
1790,Kimberly Sherman,USA,NY,Consumer
4790,Mildred Smith,USA,MD,Consumer
12226,Nicholas Smith,USA,NY,Consumer
12330,Mary Roy,USA,CA,Consumer
6727,Mary Velasquez,USA,NY,Corporate
11625,Mary Rios,USA,NY,Corporate
2023,Mary Fox,USA,NY,Corporate
9392,Sean Smith,USA,FL,Corporate
10664,Mary Bush,USA,CA,Corporate
2021,Theresa Smith,USA,UT,Corporate
2649,Robert Smith,USA,OH,Corporate
8208,Edward Wheeler,USA,NC,Corporate
11723,Laura Smith,USA,NJ,Corporate
8570,Mary Cunningham,USA,CA,Corporate
12399,Phillip Carter,USA,FL,Corporate
1846,Andrew Harper,USA,MA,Corporate
5016,James Rangel,USA,CA,Corporate
5549,Kathryn Smith,USA,NY,Corporate
8313,Mary Smith,USA,CA,Corporate
2592,Kyle Edwards,USA,TX,Corporate
1911,Mary Smith,USA,NC,Corporate
6786,Robert Smith,USA,CA,Corporate
5900,James Kaiser,USA,CO,Corporate
6419,Mary Smith,USA,CA,Corporate
7283,Margaret Carpenter,USA,PA,Corporate
9053,William Smith,USA,CA,Corporate
2844,Robert Smith,USA,NC,Corporate
8829,Charles Smith,USA,NY,Corporate
8715,Mary Adams,USA,NC,Corporate
6068,Michael Green,USA,CA,Corporate
7452,Mary Goodman,USA,IL,Corporate
10088,Emma Osborne,USA,OH,Corporate
5525,Kevin Smith,USA,TN,Corporate
4645,Steven Smith,USA,CA,Corporate
4822,Mary Smith,USA,NY,Corporate
10911,Teresa Rodriguez,USA,CA,Corporate
7281,Mary Smith,USA,IL,Corporate
11308,Angela Trevino,USA,CA,Corporate
3832,Mary Carey,USA,IL,Corporate
2093,Justin Jennings,USA,CA,Corporate
5175,Mary Sullivan,USA,CA,Corporate
1378,Mary Brooks,USA,CA,Corporate
10100,Sean Navarro,USA,TX,Corporate
1314,Mary Smith,USA,CA,Corporate
6222,Stephanie Smith,USA,NY,Corporate
7975,Eugene Davila,USA,NJ,Corporate
3645,Martha Guerra,USA,CA,Corporate
7370,Paul Hanna,USA,SC,Corporate
2778,Mary Cooper,USA,IL,Corporate
6873,Steven Smith,USA,NM,Corporate
6232,Janet Webb,USA,CA,Corporate
7710,Katherine Smith,USA,NC,Corporate
8455,Brian Vega,USA,TX,Corporate
445,Mary Smith,USA,MD,Corporate
5083,George Valentine,USA,NY,Corporate
9921,Katherine Smith,USA,PA,Corporate
518,Elizabeth Smith,USA,CA,Corporate
656,Julie Smith,USA,CA,Corporate
3295,Maria Joseph,USA,CA,Corporate
3639,Danielle Edwards,USA,AZ,Corporate
6271,Mary Gutierrez,USA,NY,Corporate
1607,Mary Ortiz,USA,NJ,Corporate
616,Nancy Mcclure,USA,GA,Corporate
6480,Ryan Austin,USA,CA,Corporate
1836,Howard Lee,USA,TX,Corporate
11463,Mary Smith,USA,TN,Corporate
5534,Elizabeth Smith,USA,CA,Corporate
4732,Mary Pierce,USA,AZ,Corporate
1083,Mary Herman,USA,MA,Corporate
7282,Jennifer Clark,USA,CA,Corporate
11405,Mary Smith,USA,NY,Corporate
9678,Scott Smith,USA,UT,Corporate
11409,Mary Hill,USA,GA,Corporate
4470,Mary Smith,USA,NY,Corporate
5017,Joyce Smith,USA,TX,Corporate
618,Mary Davis,USA,NY,Corporate
8545,Emily Bryant,USA,LA,Corporate
8491,Kelly Smith,USA,IL,Corporate
5203,Mary Chandler,USA,IL,Corporate
12010,Melissa Baker,USA,TX,Corporate
6183,Mary Gray,USA,CA,Corporate
3850,Christina Nelson,USA,TX,Corporate
12046,Joyce Smith,USA,AZ,Corporate
11609,Alice Lozano,USA,CA,Corporate
5025,Paul Stevenson,USA,NY,Corporate
4300,Michael Lucas,USA,NY,Corporate
11150,Mary Jones,USA,FL,Corporate
5467,Mary Page,USA,FL,Corporate
649,Mary Smith,USA,CA,Corporate
1523,Daniel Smith,USA,CA,Corporate
1641,Ruth Cox,USA,CO,Corporate
3022,Jose Smith,USA,TX,Corporate
4225,Amy Wright,USA,CA,Corporate
8974,Mary Schultz,USA,CO,Corporate
5599,Mary Galvan,USA,NY,Corporate
6082,Mary Smith,USA,VA,Corporate
9901,Mary Smith,USA,NY,Corporate
4444,Russell Sullivan,USA,IL,Corporate
1616,William Johnson,USA,NY,Corporate
6696,Mary Spencer,USA,GA,Corporate
6299,Richard Robinson,USA,CA,Corporate
10934,Tiffany Walker,USA,NC,Corporate
2473,Mary Smith,USA,IL,Corporate
3428,Madison Joseph,USA,IL,Corporate
11959,Kimberly Clark,USA,TX,Corporate
276,Christina Wright,USA,CA,Corporate
110,David Miranda,USA,OR,Corporate
6304,Justin Parker,USA,CA,Corporate
3457,Mary Weaver,USA,CA,Corporate
6784,Brian Weber,USA,MO,Corporate
8675,Zachary Smith,USA,CA,Corporate
11066,Mary Robinson,USA,AZ,Corporate
7826,Mary Smith,USA,CA,Corporate
10899,William Soto,USA,CA,Corporate
2701,Christine Smith,USA,OH,Corporate
5507,Carl Thomas,USA,PA,Corporate
3137,Elizabeth Smith,USA,CA,Corporate
11931,Elizabeth Howell,USA,PA,Corporate
1700,Ronald Mills,USA,CA,Corporate
9993,Mary Scott,USA,OK,Corporate
10612,Anna Smith,USA,OH,Corporate
10569,Mary Smith,USA,IL,Corporate
8558,Peter Wilson,USA,UT,Corporate
3353,Mary Smith,USA,MA,Corporate
4085,Mary Carr,USA,CA,Corporate
2857,Eric Smith,USA,MO,Corporate
3671,Mary Johnson,USA,OH,Corporate
10602,Mary Smith,USA,TN,Corporate
8906,Mary Hurst,USA,NY,Corporate
6914,Mary Smith,USA,CA,Corporate
11083,Evelyn Morrison,USA,NM,Corporate
3398,James Hardin,USA,TX,Corporate
4729,Robert Kaufman,USA,FL,Corporate
11823,Mary Wilkerson,USA,CO,Corporate
4172,Mary Ochoa,USA,CO,Corporate
5020,Lawrence Weeks,USA,IL,Corporate
2071,Walter Howard,USA,CA,Corporate
7790,Edward Castaneda,USA,CA,Corporate
9971,Mary Smith,USA,MI,Corporate
22,Joseph Smith,USA,NJ,Corporate
10857,John Smith,USA,PA,Corporate
2859,Mary Pope,USA,TX,Corporate
3199,Ashley Hernandez,USA,NY,Corporate
2798,Michelle Petersen,USA,AZ,Corporate
5100,Stephen Smith,USA,CA,Corporate
2027,Jennifer Mills,USA,CA,Corporate
10634,Mary King,USA,CA,Corporate
291,John Smith,USA,CT,Corporate
11236,Mary Smith,USA,ND,Corporate
3028,Ashley Walton,USA,NV,Corporate
5601,Deborah Roberts,USA,CA,Corporate
7340,Charles Taylor,USA,CA,Corporate
5104,Kevin Raymond,USA,NJ,Corporate
4314,Catherine Curry,USA,CT,Corporate
7176,Mary Hudson,USA,PA,Corporate
10068,Mary Gates,USA,CA,Corporate
11972,Henry Smith,USA,NJ,Corporate
11446,Mary Ramos,USA,CA,Corporate
3631,Mary Smith,USA,TX,Corporate
12136,Mary Smith,USA,CA,Corporate
5018,Jerry Gibson,USA,CO,Corporate
1311,Jacob Wheeler,USA,PA,Corporate
9490,Mary Glass,USA,CA,Corporate
11263,Mary Keller,USA,WA,Corporate
4885,Kenneth Smith,USA,IL,Corporate
5263,Benjamin Taylor,USA,CA,Corporate
5673,Jean Dunn,USA,NM,Corporate
3697,Mary Hobbs,USA,MI,Corporate
10313,Mary Ball,USA,MN,Corporate
8954,Mary Hayden,USA,SC,Corporate
5859,Ronald Wilson,USA,TX,Corporate
343,Douglas Joseph,USA,TX,Corporate
3734,Katherine Smith,USA,CA,Corporate
4663,Paul Smith,USA,GA,Corporate
11457,Jonathan Smith,USA,TX,Corporate
4318,Mary Fletcher,USA,TX,Corporate
10164,Mary Parsons,USA,NY,Corporate
7996,Mary Lindsey,USA,MD,Corporate
7602,Brian Mitchell,USA,TX,Corporate
1205,Mary Powell,USA,FL,Corporate
11503,Juan Curry,USA,MI,Corporate
7438,Donald Smith,USA,TX,Corporate
8647,Andrea Shaw,USA,TX,Corporate
6682,Samantha Smith,USA,NC,Corporate
3459,Mary Wright,USA,IL,Corporate
3515,Mary Sims,USA,FL,Corporate
11708,Laura Smith,USA,TX,Corporate
9277,Donald Davis,USA,OR,Corporate
4301,Emily Smith,USA,DE,Corporate
9318,Mary Stanley,USA,VA,Corporate
9773,Mary Smith,USA,CA,Corporate
7278,Mary Liu,USA,AZ,Corporate
2603,Mary Taylor,USA,CA,Corporate
9915,Mary Pollard,USA,MI,Corporate
9157,Nicholas Smith,USA,WA,Corporate
9991,Philip Richardson,USA,CT,Corporate
2161,Mary Mercer,USA,CA,Corporate
5789,Katherine Smith,Puerto Rico,PR,Consumer
1991,Lori Wells,Puerto Rico,PR,Consumer
2360,Denise Smith,USA,TX,Home Office
1209,Mary Webb,USA,TX,Consumer
11032,Mary Welch,USA,CA,Corporate
3421,Kathryn Norris,Puerto Rico,PR,Corporate
11830,Mary Evans,USA,CA,Corporate
34,Mary Smith,Puerto Rico,PR,Corporate
1303,Mary Contreras,USA,TX,Corporate
7648,Samantha Smith,Puerto Rico,PR,Consumer
736,Carol Gill,USA,WA,Consumer
8254,Jesse Esparza,USA,WV,Consumer
7774,Mary Smith,Puerto Rico,PR,Home Office
8412,Tiffany Wagner,USA,CA,Home Office
11837,Stephanie Smith,USA,CA,Consumer
186,Diane Jones,Puerto Rico,PR,Home Office
369,Madison Sheppard,USA,IL,Corporate
5405,Hannah Deleon,USA,IL,Consumer
12163,Mary Smith,Puerto Rico,PR,Consumer
4011,Victoria Gallagher,Puerto Rico,PR,Corporate
5216,Mary Pitts,Puerto Rico,PR,Corporate
7475,Joan Smith,USA,NJ,Corporate
7291,Mary Smith,USA,MI,Corporate
7590,Robert Johnson,USA,CA,Home Office
12373,Mary Herman,USA,IL,Home Office
9792,Judith Bailey,Puerto Rico,PR,Home Office
797,Carl Rodriguez,Puerto Rico,PR,Consumer
11132,Jonathan Washington,Puerto Rico,PR,Home Office
9682,Johnny Smith,Puerto Rico,PR,Corporate
4153,Kathleen Torres,USA,TX,Consumer
7479,Emma Smith,Puerto Rico,PR,Corporate
2069,Alice Ellison,Puerto Rico,PR,Corporate
5715,Kelly Smith,Puerto Rico,PR,Corporate
11699,Mary Atkinson,USA,VA,Consumer
7892,Michael Hayes,USA,TX,Consumer
8042,Mary Smith,USA,NJ,Corporate
11072,Nathan Anthony,USA,IL,Home Office
6800,Christine Ford,USA,CA,Corporate
8124,Peter Smith,USA,AZ,Consumer
9059,Michael Mills,Puerto Rico,PR,Home Office
8451,Janice Novak,USA,TX,Corporate
10960,Danielle Browning,USA,CA,Corporate
6662,Mary Rocha,USA,NY,Consumer
8116,Melissa Smith,USA,TX,Consumer
9925,Mary Miller,USA,WA,Consumer
7129,Mary Wyatt,Puerto Rico,PR,Corporate
6660,Christine Smith,USA,CA,Home Office
8063,Mary Newman,USA,NY,Consumer
3304,Amanda Gibson,USA,IL,Consumer
2948,Mary Brown,USA,CA,Consumer
1970,Mary Smith,Puerto Rico,PR,Corporate
11020,Laura Smith,USA,WA,Consumer
11311,Julie White,USA,IL,Home Office
4106,Angela Fisher,USA,CA,Consumer
1588,Mary Smith,Puerto Rico,PR,Corporate
1976,Jacqueline Salazar,Puerto Rico,PR,Corporate
7352,Debra Smith,USA,CA,Consumer
2263,Mary Smith,USA,MD,Consumer
7315,Mary Smith,USA,IL,Home Office
11444,Kathleen Patrick,USA,CA,Corporate
12293,Mary Smith,USA,NV,Consumer
6922,Mary Smith,USA,KY,Consumer
1602,Stephen Huang,USA,CA,Home Office
11415,George Smith,USA,CA,Corporate
6311,Mary Lloyd,USA,TN,Home Office
7974,Mary Shaw,USA,MD,Consumer
4388,Richard Moore,USA,MI,Consumer
3889,Mary Smith,Puerto Rico,PR,Consumer
5612,Mary Huang,Puerto Rico,PR,Corporate
4863,Elizabeth Smith,Puerto Rico,PR,Corporate
11565,Rose Pena,USA,TX,Consumer
11880,Mary Smith,USA,HI,Consumer
5603,David Smith,USA,NC,Corporate
5763,Mary Smith,USA,CA,Home Office
1603,Mary Smith,USA,TX,Consumer
10436,Eric King,USA,NY,Consumer
3756,Mary Watson,Puerto Rico,PR,Corporate
2575,Mary Carroll,USA,CA,Consumer
10269,Mary Flowers,Puerto Rico,PR,Consumer
277,Roger Hunt,Puerto Rico,PR,Corporate
3979,Mary Wagner,Puerto Rico,PR,Corporate
11390,Mary Williams,Puerto Rico,PR,Corporate
2102,Mary Parks,USA,CA,Corporate
3833,Robert Smith,USA,CO,Consumer
1894,Michael Flores,USA,CA,Home Office
4809,Elizabeth Gonzales,Puerto Rico,PR,Corporate
531,Paul Burns,Puerto Rico,PR,Corporate
12237,Mary Holmes,USA,FL,Consumer
4847,Michael Smith,Puerto Rico,PR,Home Office
8536,Anthony Smith,USA,NJ,Consumer
6586,Mary Bell,Puerto Rico,PR,Consumer
10620,Mary Smith,Puerto Rico,PR,Corporate
9295,Jane Smith,USA,TX,Consumer
7982,Ronald Hall,USA,IL,Corporate
4619,Mary Nelson,USA,TX,Consumer
2188,James Patel,USA,CA,Corporate
6525,Mary Taylor,USA,CA,Consumer
9452,Patricia Brown,USA,NY,Home Office
6568,Mary Wilson,USA,IL,Consumer
8486,Joseph Cain,USA,CA,Consumer
8082,Pamela Smith,Puerto Rico,PR,Consumer
10511,Katherine Smith,Puerto Rico,PR,Corporate
3913,Dennis Smith,Puerto Rico,PR,Consumer
11284,Sarah Sherman,Puerto Rico,PR,Consumer
8384,Robert Hall,USA,FL,Consumer
5154,Teresa Willis,USA,CO,Consumer
10897,Mary Reed,USA,CA,Consumer
8048,Debra Bryant,Puerto Rico,PR,Consumer
6878,Betty Smith,Puerto Rico,PR,Corporate
3377,Ralph Smith,USA,SC,Consumer
2969,Mary Fernandez,USA,IL,Consumer
7751,Mary Smith,USA,CA,Consumer
3926,Ann Allison,USA,CA,Home Office
8705,Patricia Smith,USA,CA,Consumer
8898,Mary Smith,USA,CA,Home Office
10965,Robert Smith,Puerto Rico,PR,Home Office
4531,Gary Shaffer,USA,TX,Consumer
986,Catherine Hawkins,Puerto Rico,PR,Home Office
1496,Frank Davis,USA,NJ,Consumer
12328,Mary Jackson,USA,AZ,Consumer
7491,Sharon Dominguez,Puerto Rico,PR,Consumer
8939,Mary Smith,USA,NY,Corporate
8800,John Smith,Puerto Rico,PR,Consumer
543,Alice Lucero,USA,NC,Home Office
7420,Sharon Moore,Puerto Rico,PR,Consumer
12307,Mary Glover,Puerto Rico,PR,Consumer
8125,Philip Robbins,Puerto Rico,PR,Corporate
5331,Victoria Hines,USA,CA,Consumer
10220,Gerald Mason,Puerto Rico,PR,Consumer
1355,Samuel Johnson,Puerto Rico,PR,Consumer
10333,Mary Dennis,Puerto Rico,PR,Consumer
313,Mary Stark,Puerto Rico,PR,Consumer
2501,Sharon Caldwell,Puerto Rico,PR,Consumer
9822,Peter Goodman,Puerto Rico,PR,Consumer
8187,Mary Fox,Puerto Rico,PR,Home Office
5131,Steven Barr,USA,CA,Home Office
7245,Mary Peters,Puerto Rico,PR,Home Office
12092,Mary Krueger,Puerto Rico,PR,Consumer
10778,Mary Mercado,USA,OH,Consumer
2970,Kenneth Smith,USA,TX,Consumer
11570,Mary Kim,USA,MI,Home Office
10044,Brenda Hall,Puerto Rico,PR,Consumer
10074,Diana Chen,Puerto Rico,PR,Corporate
11673,Donald Smith,USA,MI,Consumer
7462,Carol Bass,USA,AZ,Consumer
4372,Mary Smith,Puerto Rico,PR,Consumer
4479,Billy Mooney,Puerto Rico,PR,Corporate
2740,Robert Williams,Puerto Rico,PR,Corporate
5173,Mary Smith,USA,CA,Home Office
988,Mary Brady,USA,MA,Consumer
4203,Eric Nolan,USA,OR,Consumer
4395,Sandra Gomez,Puerto Rico,PR,Consumer
6607,Joan Cole,Puerto Rico,PR,Home Office
2512,Mary Horne,Puerto Rico,PR,Consumer
10509,Mary Smith,USA,OH,Consumer
5695,Jeffrey Smith,Puerto Rico,PR,Corporate
7835,Michael Gallegos,Puerto Rico,PR,Consumer
2281,Michael Estes,Puerto Rico,PR,Home Office
11475,Mary Garner,USA,TX,Home Office
1837,Mary Vega,Puerto Rico,PR,Home Office
1614,Christine Haley,USA,CA,Corporate
10109,Mary Dodson,Puerto Rico,PR,Consumer
880,Mary Guzman,USA,GA,Consumer
1679,Maria Smith,Puerto Rico,PR,Consumer
9471,Mary Adams,Puerto Rico,PR,Consumer
6695,Lori Washington,USA,NY,Corporate
12246,Anthony Golden,USA,FL,Consumer
11569,Mary Smith,Puerto Rico,PR,Corporate
3547,Rebecca Waller,USA,CA,Consumer
5493,Mary Cochran,USA,NJ,Home Office
52,Mary Lawson,USA,IL,Corporate
9517,Angela Vargas,Puerto Rico,PR,Consumer
6659,John Frederick,Puerto Rico,PR,Corporate
2858,Julie Carter,Puerto Rico,PR,Corporate
4025,Janet Schmidt,USA,CA,Corporate
7262,Laura Lee,USA,NY,Consumer
3458,Henry Smith,Puerto Rico,PR,Corporate
7050,Mary Holloway,USA,CA,Consumer
2634,Mary Smith,Puerto Rico,PR,Corporate
11081,William Smith,Puerto Rico,PR,Corporate
10784,Raymond Reed,USA,OH,Corporate
7013,Amber Smith,USA,TX,Consumer
7670,Anna Smith,USA,TX,Corporate
5656,Marilyn Smith,Puerto Rico,PR,Consumer
6028,Elizabeth Fritz,Puerto Rico,PR,Corporate
4916,Larry Smith,Puerto Rico,PR,Consumer
1852,Thomas Crawford,USA,NY,Consumer
1103,Mary Smith,USA,OH,Corporate
3314,Charles Smith,Puerto Rico,PR,Consumer
3867,Mary Frazier,Puerto Rico,PR,Consumer
11313,Mary Smith,Puerto Rico,PR,Consumer
2250,Amanda Smith,USA,NY,Corporate
1969,Ethan Alexander,USA,WI,Corporate
944,Stephanie Smith,USA,MI,Corporate
10248,Charles Davis,USA,NY,Consumer
8390,Mary Ritter,USA,FL,Consumer
3519,Nicholas Ruiz,USA,TX,Consumer
10954,Mary White,USA,NV,Consumer
2131,Evelyn Green,USA,VA,Consumer
3804,Andrew Le,USA,MD,Consumer
4276,Jacqueline Page,USA,CA,Consumer
6045,Mary Christensen,USA,CA,Consumer
14504,Winter Dejesus,USA,GA,Consumer
13002,Illana Holden,USA,OH,Consumer
13001,Hannah Vaughn,USA,CA,Consumer
12998,Zelda David,USA,CA,Consumer
13339,Cherokee Michael,USA,CA,Consumer
13374,Jolene Holland,USA,WI,Consumer
14192,Beverly Larson,USA,TX,Consumer
13384,Charity Benson,USA,MA,Consumer
229,Mary Garrett,USA,FL,Consumer
10830,Mary Espinoza,USA,CA,Consumer
10720,Judith Gibbs,USA,CA,Consumer
8393,Mary Smith,USA,VA,Consumer
14041,Ursa Solis,USA,AZ,Consumer
6664,Mary Hall,USA,OR,Consumer
5640,Matthew Smith,USA,MD,Consumer
13733,Kylynn Patrick,USA,CA,Consumer
7441,Linda Smith,USA,IL,Consumer
4588,Melissa Rosario,USA,FL,Consumer
11621,Kyle Johns,USA,CA,Consumer
3454,Christopher Bradshaw,USA,NY,Consumer
13601,Camilla Melton,USA,TX,Consumer
2015,Mary Smith,USA,TX,Consumer
11645,Mary Ward,USA,SC,Consumer
8247,Mary Smith,USA,PA,Consumer
2120,Jeremy Smith,USA,NY,Consumer
10987,Stephen Campbell,USA,CA,Consumer
3297,Bryan Lewis,USA,CA,Consumer
3580,Jessica Larson,USA,IL,Consumer
13576,Iris Holcomb,USA,CA,Consumer
3923,Mary King,USA,NM,Consumer
7376,Mary Smith,USA,IL,Consumer
7551,Robert Richardson,USA,TX,Consumer
13935,Sylvia Jackson,USA,FL,Consumer
3403,Evelyn Smith,USA,PA,Consumer
7204,Kathleen Turner,USA,CA,Consumer
10722,Donna Newton,USA,CA,Consumer
4997,Roy Todd,USA,FL,Consumer
1768,Arthur Smith,USA,NV,Consumer
5445,Alexander Pugh,USA,OH,Consumer
9193,Marie Smith,USA,CA,Consumer
10092,Mary Smith,USA,PA,Consumer
1034,Mary Smith,USA,CA,Consumer
6834,Mary Smith,USA,CA,Consumer
440,Mary Skinner,USA,NY,Consumer
4559,Margaret Mcdaniel,USA,AZ,Consumer
3238,Benjamin Hoffman,USA,NY,Consumer
11583,Mary Smith,USA,VA,Consumer
2255,Cheryl Kline,USA,PA,Consumer
4995,Mary Smith,USA,GA,Consumer
10145,Mary Lester,USA,IL,Consumer
12648,Maryam Gregory,USA,NY,Consumer
12697,Bell Ross,USA,CA,Consumer
14986,Ila Salas,USA,IL,Consumer
15019,Chanda Cabrera,USA,IL,Consumer
9403,Mary Peters,USA,CA,Consumer
1176,Julia Smith,USA,CA,Consumer
12419,Jane Smith,USA,PA,Consumer
5503,Tiffany Smith,USA,CA,Consumer
11559,Mary Smith,USA,CA,Consumer
2779,Andrea Randall,USA,OH,Consumer
11358,Shirley Harvey,USA,UT,Consumer
11239,Debra Smith,USA,IN,Consumer
7805,Joe Powers,USA,NC,Consumer
12417,Mary Smith,USA,NY,Consumer
3911,Margaret Melton,USA,TX,Consumer
3840,Mary York,USA,CA,Consumer
8437,Rachel Sweeney,USA,GA,Consumer
1771,Carol Smith,USA,NJ,Consumer
5116,Doris Smith,USA,MA,Consumer
5369,Mary Short,USA,TX,Consumer
4137,Roy Hobbs,USA,AZ,Consumer
8298,Theresa Russell,USA,AZ,Consumer
8427,Cynthia Velez,USA,IL,Consumer
7828,Mary Baldwin,USA,IL,Consumer
3239,Mary Smith,USA,KS,Consumer
6362,Ethan Smith,USA,TX,Consumer
500,Nicholas Smith,USA,IN,Consumer
7090,Mary Smith,USA,CA,Consumer
7700,Mary Smith,USA,GA,Consumer
9705,Patricia Smith,USA,DC,Consumer
2177,Mary Smith,USA,CA,Consumer
4763,Mary Byrd,USA,WV,Consumer
231,Mary Conner,USA,MI,Consumer
7501,Christopher Lawrence,USA,NV,Consumer
5665,Mary Smith,USA,VA,Consumer
6796,Jeremy Smith,USA,NC,Consumer
8708,Jane Stephenson,USA,TX,Consumer
9458,Mary Carlson,USA,NY,Consumer
7173,Mary Glass,USA,OR,Consumer
4706,Mary Neal,USA,MO,Consumer
10229,Madison Smith,USA,MI,Consumer
112,Mary Daniels,USA,OH,Consumer
7642,Mary Briggs,USA,CA,Consumer
523,Christopher Johnson,USA,CA,Consumer
1099,Maria Smith,USA,DC,Consumer
294,Mary Smith,USA,DE,Consumer
6030,Alexander Adams,USA,NY,Consumer
18167,McKenzie Vargas,USA,CA,Consumer
17889,Medge Ross,USA,TX,Consumer
16625,Tara Fulton,USA,CA,Consumer
19084,Kiayada Cooke,USA,TX,Consumer
19165,Jolene Ramirez,USA,GA,Consumer
16540,Sacha Clemons,USA,IL,Consumer
15827,Geraldine Case,USA,CA,Consumer
3704,Mary Smith,USA,AZ,Consumer
5916,Karen Hicks,USA,CA,Consumer
2589,Nathan Taylor,USA,NJ,Consumer
7027,Mary Smith,USA,IL,Consumer
3379,Peter Smith,USA,NJ,Consumer
3539,Richard Smith,USA,DC,Consumer
17717,Emily Stevens,USA,NY,Consumer
20495,Cora Wood,USA,AZ,Consumer
18512,Rhiannon Miller,USA,VA,Consumer
2774,Sandra Smith,USA,IL,Consumer
9314,Olivia Smith,USA,CA,Consumer
9159,Christopher Smith,USA,CA,Consumer
3344,Mary Park,USA,VA,Consumer
17316,Lilah Dean,USA,MD,Consumer
9571,Lori Smith,USA,MD,Consumer
17439,Bo Burgess,USA,IL,Consumer
12197,Daniel Williams,USA,RI,Consumer
15917,Deanna Gilliam,USA,MI,Consumer
10918,James Smith,USA,PA,Consumer
18411,Lesley Montoya,USA,OR,Consumer
4650,Mary Smith,USA,PA,Consumer
8215,David Richardson,USA,TX,Consumer
671,Anthony Reyes,USA,AZ,Consumer
11519,Karen Smith,USA,MI,Consumer
15353,Brenda Byers,USA,CA,Consumer
15582,Patricia Roach,USA,FL,Consumer
4234,Dorothy Spencer,USA,GA,Consumer
7436,Megan Taylor,USA,CA,Consumer
674,Jose Reynolds,USA,PA,Consumer
683,Mary Delgado,USA,TX,Consumer
7954,Danielle Smith,USA,PA,Consumer
4256,Mary Tate,USA,NY,Consumer
4832,Raymond Navarro,USA,CA,Consumer
4514,Carl Nicholson,USA,CA,Consumer
6364,Megan Hudson,USA,CA,Consumer
12187,Mary Smith,USA,NC,Consumer
8273,Theresa Lopez,USA,LA,Consumer
17572,Genevieve Buchanan,USA,TN,Consumer
19955,Ina Bradley,USA,NV,Consumer
17155,Darryl Lowe,USA,OR,Consumer
18982,Mia Aguirre,USA,AZ,Consumer
17077,Candice Mcleod,USA,CA,Consumer
19030,Anika Jennings,USA,TN,Consumer
20360,Charity Stout,USA,TX,Consumer
17181,Regan Aguirre,USA,GA,Consumer
5993,Austin Clayton,USA,CA,Consumer
1255,Richard Goodman,USA,NY,Consumer
10763,Angela Smith,USA,FL,Consumer
515,Helen Poole,USA,GA,Consumer
1517,James Brown,USA,PA,Consumer
11767,Joshua Huynh,USA,CT,Consumer
2596,Mary Stewart,USA,AZ,Consumer
6098,Mary Meadows,USA,MI,Consumer
3717,Mary Smith,USA,OH,Consumer
1368,Donna Wilson,USA,FL,Consumer
7692,Lawrence Smith,USA,FL,Consumer
4892,Mary Nichols,USA,MI,Consumer
4394,Christopher Smith,USA,UT,Consumer
7549,Timothy Ellison,USA,AZ,Consumer
438,Diane Smith,USA,CA,Consumer
7812,Madison Smith,USA,NC,Consumer
10765,Mary Byrd,USA,CT,Consumer
145,Joan Walters,USA,OH,Consumer
1352,William Strickland,USA,MA,Consumer
10179,Samantha Cruz,USA,NJ,Consumer
481,Ann Jackson,USA,CA,Consumer
9580,Mary Robbins,USA,NV,Consumer
9336,Janice Guzman,USA,CA,Consumer
9740,Mary Smith,USA,CA,Consumer
10432,Mary White,USA,CT,Consumer
11186,Betty Le,USA,CA,Consumer
7673,Matthew Delgado,USA,IL,Consumer
11024,Philip Hall,USA,CA,Consumer
12321,Helen Christensen,USA,MD,Consumer
1573,Aaron Norman,USA,AZ,Consumer
2303,Brittany Smith,USA,IL,Consumer
7246,Peter Alvarado,USA,NC,Consumer
9165,Judith Campos,USA,CA,Consumer
6249,Mary Andrade,USA,CT,Consumer
7777,Evelyn Rogers,USA,CA,Consumer
666,Amanda Simpson,USA,FL,Consumer
2081,Mary Williams,USA,NM,Consumer
18393,Avye Cunningham,Puerto Rico,PR,Home Office
9436,Mary Torres,Puerto Rico,PR,Home Office
17944,Emi Gilbert,Puerto Rico,PR,Home Office
20519,Whilemina Michael,Puerto Rico,PR,Home Office
6350,Mary Wilson,Puerto Rico,PR,Home Office
4989,Mary Smith,Puerto Rico,PR,Home Office
4766,Thomas Smith,Puerto Rico,PR,Home Office
5654,Jerry Smith,Puerto Rico,PR,Home Office
4028,Rose Smith,Puerto Rico,PR,Home Office
15368,Lisandra Farmer,Puerto Rico,PR,Home Office
15436,Kelsey Hunter,Puerto Rico,PR,Home Office
662,Michelle Moss,Puerto Rico,PR,Home Office
2261,Mary Smith,Puerto Rico,PR,Home Office
4488,Frances Smith,Puerto Rico,PR,Home Office
738,Mary Wood,Puerto Rico,PR,Home Office
9544,Hannah Long,Puerto Rico,PR,Home Office
2801,Mary Jackson,Puerto Rico,PR,Home Office
10986,Mary Smith,Puerto Rico,PR,Home Office
10733,Mary Smith,Puerto Rico,PR,Home Office
268,Mary Miller,Puerto Rico,PR,Home Office
5762,Crystal Foster,Puerto Rico,PR,Home Office
8179,Julia Terry,Puerto Rico,PR,Home Office
10655,Larry Bass,Puerto Rico,PR,Home Office
5063,Frank Smith,Puerto Rico,PR,Home Office
9079,Mildred Ferguson,Puerto Rico,PR,Home Office
8137,Janet Simmons,Puerto Rico,PR,Home Office
601,Patricia Smith,Puerto Rico,PR,Home Office
17610,Guinevere Floyd,Puerto Rico,PR,Home Office
17616,Ivana Nichols,Puerto Rico,PR,Home Office
17614,Velma Johnston,Puerto Rico,PR,Home Office
20207,Chastity Lynn,Puerto Rico,PR,Home Office
18966,Rhea Randolph,Puerto Rico,PR,Home Office
16134,Heidi Holder,Puerto Rico,PR,Home Office
16097,Demetria Boone,Puerto Rico,PR,Home Office
15249,Aileen Holder,Puerto Rico,PR,Home Office
17836,Xerxes Joyner,Puerto Rico,PR,Home Office
16203,Xaviera Pratt,Puerto Rico,PR,Home Office
19033,Remedios Hess,Puerto Rico,PR,Home Office
18623,Fatima Rodriguez,Puerto Rico,PR,Home Office
19855,Isabella Sears,Puerto Rico,PR,Home Office
15221,Cassady Wilson,Puerto Rico,PR,Home Office
16141,Renee Thompson,Puerto Rico,PR,Home Office
20088,Ria Hickman,Puerto Rico,PR,Home Office
18919,Dora Owens,Puerto Rico,PR,Home Office
16285,Cassandra Wyatt,Puerto Rico,PR,Home Office
20212,Rosalyn Cline,Puerto Rico,PR,Home Office
19977,Lael Green,Puerto Rico,PR,Home Office
16354,Echo Prince,Puerto Rico,PR,Home Office
18598,Kyra Knowles,Puerto Rico,PR,Home Office
16281,Gloria Hester,Puerto Rico,PR,Home Office
19922,May Tran,Puerto Rico,PR,Home Office
17194,Margaret Reese,Puerto Rico,PR,Home Office
4431,Mary Johnson,Puerto Rico,PR,Home Office
5578,Sarah Becker,Puerto Rico,PR,Home Office
4374,Mary Smith,Puerto Rico,PR,Home Office
780,Heather Brennan,Puerto Rico,PR,Home Office
9418,Debra Snow,Puerto Rico,PR,Home Office
10809,Brandon Haney,Puerto Rico,PR,Home Office
10147,Mary Kelley,Puerto Rico,PR,Home Office
6533,Patrick Morse,Puerto Rico,PR,Home Office
1051,Mary Rich,Puerto Rico,PR,Home Office
8112,Mary Smith,Puerto Rico,PR,Home Office
4983,Hannah Snyder,Puerto Rico,PR,Home Office
8514,Mary Lynch,Puerto Rico,PR,Home Office
8605,Johnny Morse,Puerto Rico,PR,Home Office
1247,Robert Montgomery,Puerto Rico,PR,Home Office
5795,Mary Smith,Puerto Rico,PR,Home Office
8015,Mary Blackburn,Puerto Rico,PR,Home Office
1883,Mary Smith,Puerto Rico,PR,Home Office
4905,Mary Hunter,Puerto Rico,PR,Home Office
452,Carl Smith,Puerto Rico,PR,Home Office
2903,Mary Smith,Puerto Rico,PR,Home Office
6055,Carol Smith,Puerto Rico,PR,Home Office
5308,Mary Smith,Puerto Rico,PR,Home Office
4576,Deborah Smith,Puerto Rico,PR,Home Office
66,Mary Booth,Puerto Rico,PR,Home Office
9055,Karen Ross,Puerto Rico,PR,Home Office
6390,Joe Daniel,Puerto Rico,PR,Home Office
3358,Anthony Wright,Puerto Rico,PR,Home Office
2260,Laura Haas,Puerto Rico,PR,Home Office
3305,Sara Smith,Puerto Rico,PR,Home Office
2310,Mary Reeves,Puerto Rico,PR,Home Office
9410,Mary Alvarez,Puerto Rico,PR,Home Office
10868,Helen Smith,Puerto Rico,PR,Home Office
9599,Barbara Smith,Puerto Rico,PR,Home Office
3194,Keith Gutierrez,Puerto Rico,PR,Home Office
3140,Charles Smith,Puerto Rico,PR,Home Office
2164,Ethan Smith,Puerto Rico,PR,Home Office
7265,Eric Smith,Puerto Rico,PR,Home Office
1938,Charles Smith,Puerto Rico,PR,Home Office
1934,Christina James,Puerto Rico,PR,Home Office
3412,Pamela Smith,Puerto Rico,PR,Home Office
1604,Brandon Joseph,Puerto Rico,PR,Home Office
6205,Jason Smith,Puerto Rico,PR,Home Office
1724,Joyce Elliott,Puerto Rico,PR,Home Office
1058,Martha Smith,Puerto Rico,PR,Home Office
9670,Mary Crane,Puerto Rico,PR,Home Office
5766,Mary Melton,Puerto Rico,PR,Home Office
10507,Nancy Martin,Puerto Rico,PR,Home Office
11676,Anna Olsen,Puerto Rico,PR,Home Office
1470,Ann Smith,Puerto Rico,PR,Home Office
11745,George Blake,Puerto Rico,PR,Home Office
11261,Robert Smith,Puerto Rico,PR,Home Office
8782,Barbara Smith,Puerto Rico,PR,Home Office
3437,Mary Massey,Puerto Rico,PR,Home Office
5085,Janet Jones,Puerto Rico,PR,Home Office
9038,Mary Lee,Puerto Rico,PR,Home Office
2111,Joan Smith,Puerto Rico,PR,Home Office
11276,Mary Smith,Puerto Rico,PR,Home Office
12079,Donna Smith,Puerto Rico,PR,Home Office
9393,Mary Strong,Puerto Rico,PR,Home Office
4227,Mary Barnes,Puerto Rico,PR,Home Office
7361,James Long,Puerto Rico,PR,Home Office
7716,David Middleton,Puerto Rico,PR,Home Office
7398,Sarah Franklin,Puerto Rico,PR,Home Office
2287,David Reed,Puerto Rico,PR,Home Office
4141,Mary Wood,Puerto Rico,PR,Home Office
6762,Mary Smith,Puerto Rico,PR,Home Office
4523,Madison Smith,Puerto Rico,PR,Home Office
12434,Mary Mills,Puerto Rico,PR,Home Office
3652,Ann Esparza,Puerto Rico,PR,Home Office
10962,David Austin,Puerto Rico,PR,Home Office
2437,Juan Smith,Puerto Rico,PR,Home Office
11962,Diana Smith,Puerto Rico,PR,Home Office
3382,Donald Baker,Puerto Rico,PR,Home Office
1477,Mary Smith,Puerto Rico,PR,Home Office
644,Mary Smith,Puerto Rico,PR,Home Office
12059,Shawn Clark,Puerto Rico,PR,Home Office
11121,Ronald Oliver,Puerto Rico,PR,Home Office
3894,Benjamin Smith,Puerto Rico,PR,Home Office
9444,Mary Carpenter,Puerto Rico,PR,Home Office
5,Robert Hudson,Puerto Rico,PR,Home Office
1677,Virginia Robles,Puerto Rico,PR,Home Office
6224,Scott Howe,Puerto Rico,PR,Home Office
1432,Nathan Smith,Puerto Rico,PR,Home Office
6169,Mary Smith,Puerto Rico,PR,Home Office
9607,Mary Smith,Puerto Rico,PR,Home Office
8629,Mary Irwin,Puerto Rico,PR,Home Office
6949,Charles Williamson,Puerto Rico,PR,Home Office
9720,Julia Berry,Puerto Rico,PR,Home Office
11796,Mary Wall,Puerto Rico,PR,Home Office
11678,Olivia Smith,Puerto Rico,PR,Home Office
3944,James Smith,Puerto Rico,PR,Home Office
5848,Tammy Sloan,Puerto Rico,PR,Home Office
8967,Donald West,Puerto Rico,PR,Home Office
4223,Betty Rhodes,Puerto Rico,PR,Home Office
3291,Mary Parrish,Puerto Rico,PR,Home Office
8315,Mary Joyce,Puerto Rico,PR,Home Office
2227,Mary Smith,Puerto Rico,PR,Home Office
10202,Mary Wagner,Puerto Rico,PR,Home Office
931,Robert Smith,Puerto Rico,PR,Home Office
11005,Christian Keller,Puerto Rico,PR,Home Office
10595,Mary Smith,Puerto Rico,PR,Home Office
8288,Olivia Herring,Puerto Rico,PR,Consumer
10375,Joan James,Puerto Rico,PR,Consumer
12301,John Smith,Puerto Rico,PR,Consumer
10888,Mary Cline,Puerto Rico,PR,Consumer
113,Patricia Smith,Puerto Rico,PR,Consumer
11124,Mary Bowman,Puerto Rico,PR,Consumer
326,Shirley Stafford,Puerto Rico,PR,Consumer
12090,Mary Smith,Puerto Rico,PR,Consumer
1774,Mary Smith,Puerto Rico,PR,Consumer
10413,Mary Smith,Puerto Rico,PR,Consumer
19811,Darryl Bolton,Puerto Rico,PR,Consumer
20116,Ivana Rocha,Puerto Rico,PR,Consumer
18626,Aphrodite Howe,Puerto Rico,PR,Consumer
19915,Barbara Snider,Puerto Rico,PR,Consumer
15227,Whoopi Velez,Puerto Rico,PR,Consumer
18588,Rhoda Welch,Puerto Rico,PR,Consumer
17239,Lareina Powers,Puerto Rico,PR,Consumer
20219,Jana Clemons,Puerto Rico,PR,Consumer
20055,Minerva Cantrell,Puerto Rico,PR,Consumer
17237,Skyler Joyce,Puerto Rico,PR,Consumer
20072,Jenna Mayer,Puerto Rico,PR,Consumer
18937,Ainsley Obrien,Puerto Rico,PR,Consumer
19799,Kelsie Beard,Puerto Rico,PR,Consumer
20375,Tamekah Oneill,Puerto Rico,PR,Consumer
17787,Inga Phelps,Puerto Rico,PR,Consumer
16119,Farrah Becker,Puerto Rico,PR,Consumer
19831,Raya Nichols,Puerto Rico,PR,Consumer
19939,Quemby Stein,Puerto Rico,PR,Consumer
17803,Abra Carter,Puerto Rico,PR,Consumer
17156,Leigh Cooley,Puerto Rico,PR,Consumer
10119,Sara Parrish,Puerto Rico,PR,Consumer
17309,Blythe Weber,Puerto Rico,PR,Consumer
17504,Azalia Freeman,Puerto Rico,PR,Consumer
3705,Lisa Smith,Puerto Rico,PR,Consumer
56,Mary Kaiser,Puerto Rico,PR,Consumer
20477,Quincy Hubbard,Puerto Rico,PR,Consumer
475,Brittany Gibbs,Puerto Rico,PR,Consumer
16047,Maisie Luna,Puerto Rico,PR,Consumer
10264,Keith Smith,Puerto Rico,PR,Consumer
754,Jacqueline Smith,Puerto Rico,PR,Consumer
10761,David Smith,Puerto Rico,PR,Consumer
17366,Cynthia Higgins,Puerto Rico,PR,Consumer
17311,Kendall Wilkinson,Puerto Rico,PR,Consumer
15347,Rae Bullock,Puerto Rico,PR,Consumer
12191,Michael Torres,Puerto Rico,PR,Consumer
20349,Brenna Le,Puerto Rico,PR,Consumer
7290,Brittany Gray,Puerto Rico,PR,Consumer
2718,Henry Porter,Puerto Rico,PR,Consumer
8193,Mary Smith,Puerto Rico,PR,Consumer
7711,Mary Powell,Puerto Rico,PR,Consumer
2461,Maria Smith,Puerto Rico,PR,Consumer
6529,Aaron Smith,Puerto Rico,PR,Consumer
804,William Dudley,Puerto Rico,PR,Consumer
6733,Dorothy Chung,Puerto Rico,PR,Consumer
7074,Mary Patton,Puerto Rico,PR,Consumer
8053,Mary Dennis,Puerto Rico,PR,Consumer
1113,Mary Smith,Puerto Rico,PR,Consumer
2357,Pamela Mathis,Puerto Rico,PR,Consumer
10880,Mary Petty,Puerto Rico,PR,Consumer
8447,Michael Smith,Puerto Rico,PR,Consumer
8901,Mary Smith,Puerto Rico,PR,Consumer
10700,John Price,Puerto Rico,PR,Consumer
10898,James Knight,Puerto Rico,PR,Consumer
5994,Mary Smith,Puerto Rico,PR,Consumer
6847,Mary Dixon,Puerto Rico,PR,Consumer
7182,Mary Klein,Puerto Rico,PR,Consumer
11504,Mary Smith,Puerto Rico,PR,Consumer
1613,Mary Smith,Puerto Rico,PR,Consumer
11074,Roy Hill,Puerto Rico,PR,Consumer
3476,Kathy Petty,Puerto Rico,PR,Consumer
6294,Thomas Smith,Puerto Rico,PR,Consumer
3879,Melissa Davis,Puerto Rico,PR,Consumer
10027,Robert Foley,Puerto Rico,PR,Consumer
9593,Alexander Camacho,Puerto Rico,PR,Consumer
4597,Linda Smith,Puerto Rico,PR,Consumer
6702,Christina Mckinney,Puerto Rico,PR,Consumer
1282,Mary Smith,Puerto Rico,PR,Consumer
1732,Mary Gray,Puerto Rico,PR,Consumer
978,Nicholas Peters,Puerto Rico,PR,Consumer
11230,Sara Collins,Puerto Rico,PR,Consumer
4322,Mary Rasmussen,Puerto Rico,PR,Consumer
2374,Scott Rosario,Puerto Rico,PR,Consumer
8211,Ronald Mcneil,Puerto Rico,PR,Consumer
4589,Mary Smith,Puerto Rico,PR,Consumer
3378,Mary Torres,Puerto Rico,PR,Consumer
3799,Mary Wade,Puerto Rico,PR,Consumer
3722,Russell Smith,Puerto Rico,PR,Consumer
6590,Mary Henderson,Puerto Rico,PR,Consumer
12413,Amy Smith,Puerto Rico,PR,Consumer
9560,Mary Oneill,Puerto Rico,PR,Consumer
11982,Ethan Johnson,Puerto Rico,PR,Consumer
758,Mary Sanders,Puerto Rico,PR,Consumer
9860,Mary Mckenzie,Puerto Rico,PR,Consumer
5761,Mary Smith,Puerto Rico,PR,Consumer
3200,Mary Barron,Puerto Rico,PR,Consumer
3145,Rose Smith,Puerto Rico,PR,Consumer
6774,Lauren Shaffer,Puerto Rico,PR,Consumer
8555,Mary Jones,Puerto Rico,PR,Consumer
2005,Mary Smith,Puerto Rico,PR,Consumer
5277,James Morgan,Puerto Rico,PR,Consumer
10191,Victoria Gross,Puerto Rico,PR,Consumer
8733,Danielle Smith,Puerto Rico,PR,Consumer
10343,Melissa Humphrey,Puerto Rico,PR,Consumer
3901,Julia Hubbard,Puerto Rico,PR,Consumer
5236,Jessica Roberts,Puerto Rico,PR,Consumer
2838,Mary Carter,Puerto Rico,PR,Consumer
11116,Mary Wu,Puerto Rico,PR,Consumer
9905,Mary Ramsey,Puerto Rico,PR,Consumer
3891,Mary Bowman,Puerto Rico,PR,Consumer
6539,Mary Smith,Puerto Rico,PR,Consumer
6547,Melissa Smith,Puerto Rico,PR,Consumer
8929,David Smith,Puerto Rico,PR,Consumer
2060,Johnny Smith,Puerto Rico,PR,Consumer
1619,Laura Smith,Puerto Rico,PR,Consumer
2277,Ruth Arnold,Puerto Rico,PR,Consumer
1175,Mary Gray,Puerto Rico,PR,Consumer
11319,Ronald Smith,Puerto Rico,PR,Consumer
10866,Mary Smith,Puerto Rico,PR,Consumer
2625,Betty Wyatt,Puerto Rico,PR,Consumer
10321,Shirley Miller,Puerto Rico,PR,Consumer
9073,Thomas Skinner,Puerto Rico,PR,Consumer
6334,Dylan Fleming,Puerto Rico,PR,Consumer
9815,Cheryl Simmons,Puerto Rico,PR,Consumer
5441,Sharon Smith,Puerto Rico,PR,Consumer
12273,Mary Dunn,Puerto Rico,PR,Consumer
4016,Mary Smith,Puerto Rico,PR,Consumer
1488,Mary Hubbard,Puerto Rico,PR,Consumer
4076,Mary Suarez,Puerto Rico,PR,Consumer
10015,Hannah Wolfe,Puerto Rico,PR,Consumer
4132,Thomas Smith,Puerto Rico,PR,Consumer
8191,Barbara Thompson,Puerto Rico,PR,Consumer
2469,Shawn Smith,Puerto Rico,PR,Consumer
11826,Barbara Fritz,Puerto Rico,PR,Consumer
949,Mary Sawyer,Puerto Rico,PR,Consumer
10757,James Pacheco,Puerto Rico,PR,Consumer
3920,Zachary Smith,Puerto Rico,PR,Consumer
4567,Rose Smith,Puerto Rico,PR,Consumer
1807,Mary Curtis,Puerto Rico,PR,Consumer
1907,Mary Davis,Puerto Rico,PR,Consumer
4042,Marilyn Smith,Puerto Rico,PR,Consumer
7811,Mary White,Puerto Rico,PR,Consumer
7538,Mary Baker,Puerto Rico,PR,Consumer
7522,David Smith,Puerto Rico,PR,Consumer
1751,George Smith,Puerto Rico,PR,Consumer
7878,Helen Lewis,Puerto Rico,PR,Consumer
9118,Karen Stevens,Puerto Rico,PR,Consumer
1373,Mary Smith,Puerto Rico,PR,Consumer
3439,Pamela Smith,Puerto Rico,PR,Consumer
6699,Mary Smith,Puerto Rico,PR,Consumer
2457,Carl Mercer,Puerto Rico,PR,Consumer
2771,Mary Smith,Puerto Rico,PR,Consumer
4569,Charles Smith,Puerto Rico,PR,Consumer
2572,Mary Smith,Puerto Rico,PR,Consumer
3987,Alice Allen,Puerto Rico,PR,Consumer
1757,Mary Smith,Puerto Rico,PR,Consumer
9986,Rose Smith,Puerto Rico,PR,Consumer
5777,Mary Terry,Puerto Rico,PR,Consumer
429,Mary Salazar,Puerto Rico,PR,Consumer
9848,Patrick Anderson,Puerto Rico,PR,Consumer
9590,Adam Smith,Puerto Rico,PR,Consumer
3478,Alan Obrien,Puerto Rico,PR,Consumer
7227,Mary Hernandez,Puerto Rico,PR,Consumer
1216,Mary Smith,Puerto Rico,PR,Consumer
2406,Mary Adams,Puerto Rico,PR,Consumer
98,William Smith,Puerto Rico,PR,Consumer
8272,Justin Martinez,Puerto Rico,PR,Consumer
7056,Mary Roman,Puerto Rico,PR,Consumer
3095,Patricia Hayes,Puerto Rico,PR,Consumer
9535,Jesse Peterson,Puerto Rico,PR,Consumer
5893,Mary Young,Puerto Rico,PR,Consumer
10691,Charles Lester,Puerto Rico,PR,Consumer
4579,William Zimmerman,Puerto Rico,PR,Consumer
2016,Jonathan Wilson,Puerto Rico,PR,Consumer
6208,Emma Johnson,Puerto Rico,PR,Consumer
4662,Mary Zimmerman,Puerto Rico,PR,Consumer
9087,Alice Smith,Puerto Rico,PR,Consumer
10538,Evelyn Gomez,Puerto Rico,PR,Consumer
419,James Smith,Puerto Rico,PR,Consumer
1502,Alan Santos,Puerto Rico,PR,Consumer
5238,Frank Smith,Puerto Rico,PR,Consumer
6484,George Jordan,Puerto Rico,PR,Consumer
4511,Mary Smith,Puerto Rico,PR,Consumer
1315,Victoria Edwards,Puerto Rico,PR,Consumer
4436,Janice Smith,Puerto Rico,PR,Consumer
2723,Mary Brady,Puerto Rico,PR,Consumer
2932,Mary Scott,Puerto Rico,PR,Consumer
3102,Ralph Dixon,Puerto Rico,PR,Consumer
3599,Mary Park,Puerto Rico,PR,Consumer
4095,Mary Lewis,Puerto Rico,PR,Consumer
9041,Michael Olson,Puerto Rico,PR,Consumer
4059,Alexander Torres,Puerto Rico,PR,Consumer
119,Mary Rosario,Puerto Rico,PR,Consumer
2660,Mary Schwartz,Puerto Rico,PR,Consumer
12112,Mary Smith,Puerto Rico,PR,Consumer
8902,Roger Walker,Puerto Rico,PR,Consumer
4751,Brandon Rowland,Puerto Rico,PR,Consumer
5232,Zachary Gonzales,Puerto Rico,PR,Consumer
7314,Bruce Mccullough,Puerto Rico,PR,Consumer
6245,Margaret Taylor,Puerto Rico,PR,Consumer
8812,Mary Woodward,Puerto Rico,PR,Consumer
5145,James Smith,Puerto Rico,PR,Consumer
10102,Matthew Smith,Puerto Rico,PR,Consumer
2092,Mary Hunter,Puerto Rico,PR,Consumer
8006,Michael Leon,Puerto Rico,PR,Consumer
10975,Martha Bolton,Puerto Rico,PR,Consumer
8914,Mary Cooper,Puerto Rico,PR,Consumer
1369,Mary Walker,Puerto Rico,PR,Consumer
1468,Robert Smith,Puerto Rico,PR,Consumer
9199,Tammy Smith,Puerto Rico,PR,Consumer
10738,Joshua Smith,Puerto Rico,PR,Consumer
9665,Shawn Smith,Puerto Rico,PR,Consumer
9089,Jessica Smith,Puerto Rico,PR,Consumer
11383,Elizabeth Smith,Puerto Rico,PR,Consumer
6663,Susan Smith,Puerto Rico,PR,Consumer
5169,Tiffany Berger,Puerto Rico,PR,Consumer
5841,Mary Smith,Puerto Rico,PR,Consumer
8497,Mary Simon,Puerto Rico,PR,Consumer
5461,Mary Daniels,Puerto Rico,PR,Consumer
10859,Jean Smith,Puerto Rico,PR,Consumer
9325,Mary Navarro,Puerto Rico,PR,Consumer
6983,Mary Black,Puerto Rico,PR,Consumer
568,Sean Vaughn,Puerto Rico,PR,Consumer
559,Paul Melton,Puerto Rico,PR,Consumer
4246,Mary Cunningham,Puerto Rico,PR,Consumer
4853,Mary Miller,Puerto Rico,PR,Consumer
3341,Carol Smith,Puerto Rico,PR,Consumer
11206,Kevin Montoya,Puerto Rico,PR,Consumer
3983,Mary Smith,Puerto Rico,PR,Corporate
6041,Daniel Woods,Puerto Rico,PR,Corporate
3160,Charles Jensen,Puerto Rico,PR,Corporate
8658,Mary Allen,Puerto Rico,PR,Corporate
7337,Mary Smith,Puerto Rico,PR,Corporate
1346,Mary Gutierrez,Puerto Rico,PR,Corporate
12472,Leila Mcdowell,Puerto Rico,PR,Corporate
3611,Mary Mitchell,Puerto Rico,PR,Corporate
23,Benjamin Duarte,Puerto Rico,PR,Corporate
7568,Justin Proctor,Puerto Rico,PR,Corporate
6345,David Miller,Puerto Rico,PR,Corporate
6413,Michelle Massey,Puerto Rico,PR,Corporate
8268,Joe Gamble,Puerto Rico,PR,Corporate
8388,Kimberly Smith,Puerto Rico,PR,Corporate
11852,Scott Smith,Puerto Rico,PR,Corporate
3169,Lawrence Butler,Puerto Rico,PR,Corporate
12002,Nicholas Davis,Puerto Rico,PR,Corporate
4412,Mary Ellison,Puerto Rico,PR,Corporate
10785,Mary Smith,Puerto Rico,PR,Corporate
2238,Billy Pittman,Puerto Rico,PR,Corporate
2083,Mary Smith,Puerto Rico,PR,Corporate
1802,Cynthia Smith,Puerto Rico,PR,Corporate
4182,Mary Contreras,Puerto Rico,PR,Corporate
8032,Karen Lopez,Puerto Rico,PR,Corporate
693,Mary King,Puerto Rico,PR,Corporate
6840,Mary Smith,Puerto Rico,PR,Corporate
9085,Mary Anderson,Puerto Rico,PR,Corporate
232,Gloria Bean,Puerto Rico,PR,Corporate
16,Tiffany Smith,Puerto Rico,PR,Corporate
1108,Walter Rollins,Puerto Rico,PR,Corporate
1257,Dylan Perry,Puerto Rico,PR,Corporate
9659,Paul Smith,Puerto Rico,PR,Corporate
4819,Mary Porter,Puerto Rico,PR,Corporate
12430,Hannah Brown,Puerto Rico,PR,Corporate
8997,Mary Smith,Puerto Rico,PR,Corporate
4270,Charles Smith,Puerto Rico,PR,Corporate
19268,Zenaida Atkins,Puerto Rico,PR,Corporate
19058,Xandra Sykes,Puerto Rico,PR,Corporate
19054,Octavia Austin,Puerto Rico,PR,Corporate
18786,Alea Davenport,Puerto Rico,PR,Corporate
1715,Mary Henson,Puerto Rico,PR,Corporate
8565,Mary Smith,Puerto Rico,PR,Corporate
2994,Mary Lawson,Puerto Rico,PR,Corporate
158,Mary Smith,Puerto Rico,PR,Corporate
5371,Emma Robinson,Puerto Rico,PR,Corporate
10490,Brenda Ramirez,Puerto Rico,PR,Corporate
20473,Rossy Cline,Puerto Rico,PR,Corporate
17950,Amity Morales,Puerto Rico,PR,Corporate
1184,Mary Moran,Puerto Rico,PR,Corporate
20395,Maryam Richmond,Puerto Rico,PR,Corporate
11354,Lauren Hartman,Puerto Rico,PR,Corporate
180,Juan Smith,Puerto Rico,PR,Corporate
10521,Mary Wood,Puerto Rico,PR,Corporate
1988,Mary Smith,Puerto Rico,PR,Corporate
4759,Charles Lowe,Puerto Rico,PR,Corporate
15491,Rhoda Burgess,Puerto Rico,PR,Corporate
15432,Regan Cabrera,Puerto Rico,PR,Corporate
9212,Mary Smith,Puerto Rico,PR,Corporate
6958,Michael Pham,Puerto Rico,PR,Corporate
2384,Mary Mays,Puerto Rico,PR,Corporate
5799,Keith Singleton,Puerto Rico,PR,Corporate
20297,Constance Patton,Puerto Rico,PR,Corporate
16349,Charly Sandoval,Puerto Rico,PR,Corporate
16325,Iona Donovan,Puerto Rico,PR,Corporate
17805,Ignacia Hartman,Puerto Rico,PR,Corporate
10527,Billy Sparks,Puerto Rico,PR,Corporate
5838,Mary Smith,Puerto Rico,PR,Corporate
4994,Anthony Brooks,Puerto Rico,PR,Corporate
7655,Mary Smith,Puerto Rico,PR,Corporate
5180,Raymond Gordon,Puerto Rico,PR,Corporate
2830,Maria Baker,Puerto Rico,PR,Corporate
32,Alice Smith,Puerto Rico,PR,Corporate
7319,Samuel Parks,Puerto Rico,PR,Corporate
6935,Debra Preston,Puerto Rico,PR,Corporate
3425,Andrea Smith,Puerto Rico,PR,Corporate
8842,Mary Gomez,Puerto Rico,PR,Corporate
4667,Cheryl Gonzalez,Puerto Rico,PR,Corporate
7260,Nathan Gilmore,Puerto Rico,PR,Corporate
1064,Aaron Cordova,Puerto Rico,PR,Corporate
5955,Mildred Burke,Puerto Rico,PR,Corporate
11958,Barbara Smith,Puerto Rico,PR,Corporate
5918,Jeffrey Wright,Puerto Rico,PR,Corporate
10089,Mary Roach,Puerto Rico,PR,Corporate
1867,Cheryl Smith,Puerto Rico,PR,Corporate
8009,Steven Dickson,Puerto Rico,PR,Corporate
10377,Anna Smith,Puerto Rico,PR,Corporate
11923,Harry Smith,Puerto Rico,PR,Corporate
4924,Mary Castillo,Puerto Rico,PR,Corporate
497,Amanda Odonnell,Puerto Rico,PR,Corporate
3553,Mary Lloyd,Puerto Rico,PR,Corporate
9967,Linda Herman,Puerto Rico,PR,Corporate
10457,Elizabeth Watkins,Puerto Rico,PR,Corporate
11984,Richard Smith,Puerto Rico,PR,Corporate
10134,Mary Stuart,Puerto Rico,PR,Corporate
9506,Madison Smith,Puerto Rico,PR,Corporate
3736,Brian Munoz,Puerto Rico,PR,Corporate
11398,Brian Smith,Puerto Rico,PR,Corporate
11430,Mary Miller,Puerto Rico,PR,Corporate
11624,Rachel Smith,Puerto Rico,PR,Corporate
7179,Olivia Matthews,Puerto Rico,PR,Corporate
10877,Mary Smith,Puerto Rico,PR,Corporate
8915,James Grant,Puerto Rico,PR,Corporate
5317,Mary Bender,Puerto Rico,PR,Corporate
3849,Carol Thomas,Puerto Rico,PR,Corporate
11576,Richard Andrade,Puerto Rico,PR,Corporate
8656,Melissa Raymond,Puerto Rico,PR,Corporate
4606,Carol Smith,Puerto Rico,PR,Corporate
7938,Joseph Clark,Puerto Rico,PR,Corporate
1842,Mary Smith,Puerto Rico,PR,Corporate
14075,Ila Robertson,Puerto Rico,PR,Corporate
14609,Basia Kinney,Puerto Rico,PR,Corporate
14480,Rosalyn Lawson,Puerto Rico,PR,Corporate
13447,Iris Fowler,Puerto Rico,PR,Corporate
14424,Deanna Lawson,Puerto Rico,PR,Corporate
13086,Alma Hickman,Puerto Rico,PR,Corporate
14635,Sydnee Cooke,Puerto Rico,PR,Corporate
14653,Larissa Cobb,Puerto Rico,PR,Corporate
13332,Petra Carney,Puerto Rico,PR,Corporate
14331,Blossom Burton,Puerto Rico,PR,Corporate
14403,Noel Whitaker,Puerto Rico,PR,Corporate
3410,Brandon Smith,Puerto Rico,PR,Corporate
7353,Mary Copeland,Puerto Rico,PR,Corporate
6446,Mary Smith,Puerto Rico,PR,Corporate
8341,Mary Barnett,Puerto Rico,PR,Corporate
10163,Theresa Smith,Puerto Rico,PR,Corporate
10187,Victoria Lane,Puerto Rico,PR,Corporate
266,Mary Knapp,Puerto Rico,PR,Corporate
10861,Barbara Walters,Puerto Rico,PR,Corporate
3024,Robert Middleton,Puerto Rico,PR,Corporate
1080,Raymond Smith,Puerto Rico,PR,Corporate
13571,Mariam Ortega,Puerto Rico,PR,Corporate
11920,Mary Anderson,Puerto Rico,PR,Corporate
3750,Mary Smith,Puerto Rico,PR,Corporate
2336,Kathy Pratt,Puerto Rico,PR,Corporate
6424,Mary Juarez,Puerto Rico,PR,Corporate
3670,Anna Smith,Puerto Rico,PR,Corporate
10892,David Bell,Puerto Rico,PR,Corporate
6230,Kenneth Cameron,Puerto Rico,PR,Corporate
14855,Hollee Hendricks,Puerto Rico,PR,Corporate
12031,Ashley Benitez,Puerto Rico,PR,Corporate
10156,Christine Smith,Puerto Rico,PR,Corporate
1744,Anna Bowers,Puerto Rico,PR,Corporate
599,Doris Smith,Puerto Rico,PR,Corporate
14817,Blythe Vazquez,Puerto Rico,PR,Corporate
11908,Judith Smith,Puerto Rico,PR,Corporate
3589,Mary Smith,Puerto Rico,PR,Corporate
5638,Tyler Smith,Puerto Rico,PR,Corporate
11934,Mary Baker,Puerto Rico,PR,Corporate
1591,Charles Johnson,Puerto Rico,PR,Corporate
4290,Lori Davis,Puerto Rico,PR,Corporate
11820,Walter Smith,Puerto Rico,PR,Corporate
4348,Mary Smith,Puerto Rico,PR,Corporate
1904,Henry Smith,Puerto Rico,PR,Corporate
9541,Richard Leach,Puerto Rico,PR,Corporate
4179,Nicole Sullivan,Puerto Rico,PR,Corporate
13648,Marcia Maxwell,Puerto Rico,PR,Corporate
8043,Mary Herrera,Puerto Rico,PR,Corporate
5873,Jerry Clark,Puerto Rico,PR,Corporate
5733,Randy Fisher,Puerto Rico,PR,Corporate
1617,Melissa Peterson,Puerto Rico,PR,Corporate
11640,Jose Smith,Puerto Rico,PR,Corporate
14862,Stella Kelly,Puerto Rico,PR,Corporate
14736,Athena Bryant,Puerto Rico,PR,Corporate
10232,Kenneth Smith,Puerto Rico,PR,Corporate
6690,Mary Gilbert,Puerto Rico,PR,Corporate
8155,Mary Zhang,Puerto Rico,PR,Corporate
4967,Mary Maldonado,Puerto Rico,PR,Corporate
3083,Timothy Lee,Puerto Rico,PR,Corporate
272,Mary Long,Puerto Rico,PR,Corporate
11285,Christian Smith,Puerto Rico,PR,Corporate
4770,Andrea Malone,Puerto Rico,PR,Corporate
7696,John Barker,Puerto Rico,PR,Corporate
9632,Mary Tate,Puerto Rico,PR,Corporate
1181,Donald Haynes,Puerto Rico,PR,Corporate
4469,Ruth Maynard,Puerto Rico,PR,Corporate
5811,Mary Edwards,Puerto Rico,PR,Corporate
7035,Mary Ayers,Puerto Rico,PR,Corporate
1167,Mary Bentley,Puerto Rico,PR,Corporate
6781,Mary Smith,Puerto Rico,PR,Corporate
10362,Mary Graves,Puerto Rico,PR,Corporate
2251,Gregory Manning,Puerto Rico,PR,Corporate
2410,Mary Schwartz,Puerto Rico,PR,Corporate
12702,TaShya Merritt,Puerto Rico,PR,Corporate
15081,Meghan Johnson,Puerto Rico,PR,Corporate
15074,Florence Faulkner,Puerto Rico,PR,Corporate
14929,Lara Frye,Puerto Rico,PR,Corporate
15090,Callie Mckinney,Puerto Rico,PR,Corporate
9765,Charles Walker,Puerto Rico,PR,Corporate
8838,Phillip Mcgee,Puerto Rico,PR,Corporate
7161,Joseph Sexton,Puerto Rico,PR,Corporate
2341,Mary Smith,Puerto Rico,PR,Corporate
6273,Steven Smith,Puerto Rico,PR,Corporate
9469,Donald Donaldson,Puerto Rico,PR,Corporate
10616,Mary Little,Puerto Rico,PR,Corporate
4299,Mary Smith,Puerto Rico,PR,Corporate
6184,James Potter,Puerto Rico,PR,Corporate
6270,Julia Smith,Puerto Rico,PR,Corporate
3027,Mary Stevens,Puerto Rico,PR,Corporate
911,Peter Garcia,Puerto Rico,PR,Corporate
597,Samantha Smith,Puerto Rico,PR,Corporate
11370,James Ray,Puerto Rico,PR,Corporate
9051,Nicole Garcia,Puerto Rico,PR,Corporate
2181,Christina Smith,Puerto Rico,PR,Corporate
6638,Diane Burgess,Puerto Rico,PR,Corporate
5535,Andrea Cowan,Puerto Rico,PR,Corporate
10940,Mary Crawford,Puerto Rico,PR,Corporate
4541,Margaret Harrington,Puerto Rico,PR,Corporate
8548,Mary Smith,Puerto Rico,PR,Corporate
9635,Billy Smith,Puerto Rico,PR,Corporate
2556,Samuel Hammond,Puerto Rico,PR,Corporate
12104,Joseph Neal,Puerto Rico,PR,Corporate
3634,Emily Smith,Puerto Rico,PR,Corporate
1692,Rachel Haas,Puerto Rico,PR,Corporate
1863,Mary Brooks,Puerto Rico,PR,Corporate
3460,Linda Hinton,Puerto Rico,PR,Corporate
7217,Carl Smith,Puerto Rico,PR,Corporate
9321,Mary Silva,Puerto Rico,PR,Corporate
6155,Christine Smith,Puerto Rico,PR,Corporate
679,Grace Smith,Puerto Rico,PR,Corporate
12011,Olivia Ortiz,Puerto Rico,PR,Corporate
5526,Mary Reid,Puerto Rico,PR,Corporate
752,Mary Smith,Puerto Rico,PR,Corporate
5973,Michael Smith,Puerto Rico,PR,Corporate
6052,Mary Harding,Puerto Rico,PR,Corporate
6067,Mary Smith,Puerto Rico,PR,Corporate
5466,Carl Torres,Puerto Rico,PR,Corporate
1102,Lisa Hensley,Puerto Rico,PR,Corporate
2328,Victoria Stevens,Puerto Rico,PR,Corporate
10303,Shawn Smith,Puerto Rico,PR,Corporate
5759,Mary Brown,Puerto Rico,PR,Corporate
10885,Mary Lynch,Puerto Rico,PR,Corporate
9111,Mary Smith,Puerto Rico,PR,Corporate
11183,Mary Smith,Puerto Rico,PR,Corporate
6787,Kathy Martinez,Puerto Rico,PR,Corporate
2025,Mary Fleming,Puerto Rico,PR,Corporate
5560,Mary Rodriguez,Puerto Rico,PR,Corporate
2668,Mary Davis,Puerto Rico,PR,Corporate
9741,Judith King,Puerto Rico,PR,Corporate
11416,Mary Olson,Puerto Rico,PR,Corporate
8580,Kelly Smith,Puerto Rico,PR,Corporate
11158,Andrew Graham,Puerto Rico,PR,Corporate
11970,Matthew Caldwell,Puerto Rico,PR,Corporate
9605,Mary Smith,Puerto Rico,PR,Corporate
8586,Mary Arnold,Puerto Rico,PR,Corporate
2578,Mary Blake,Puerto Rico,PR,Corporate
6564,Mary Thornton,Puerto Rico,PR,Corporate
1941,Mary Santiago,Puerto Rico,PR,Corporate
2408,Rachel Alvarez,Puerto Rico,PR,Corporate
11050,Karen Jordan,Puerto Rico,PR,Corporate
3596,Mary Richmond,Puerto Rico,PR,Corporate
4026,Mary Smith,Puerto Rico,PR,Corporate
6048,Mary Hanson,Puerto Rico,PR,Corporate
9903,Jessica Smith,Puerto Rico,PR,Corporate
4084,Brenda Cook,Puerto Rico,PR,Corporate
8163,Mary Johnson,Puerto Rico,PR,Corporate
5940,Mary Hartman,Puerto Rico,PR,Corporate
18109,Donna Espinoza,Puerto Rico,PR,Corporate
18106,Hillary Zimmerman,Puerto Rico,PR,Corporate
18267,Mariam Buchanan,Puerto Rico,PR,Corporate
16531,Darryl Lara,Puerto Rico,PR,Corporate
19128,Ariel Alexander,Puerto Rico,PR,Corporate
15809,Blythe Cabrera,Puerto Rico,PR,Corporate
18799,Charlotte Durham,Puerto Rico,PR,Corporate
8183,Ryan Giles,Puerto Rico,PR,Corporate
6602,Robert Smith,Puerto Rico,PR,Corporate
4008,Diana Smith,Puerto Rico,PR,Corporate
3263,Brian Smith,Puerto Rico,PR,Corporate
1435,Mary Wright,Puerto Rico,PR,Corporate
6302,Christina Tapia,Puerto Rico,PR,Corporate
3346,Walter Parker,Puerto Rico,PR,Corporate
20446,Freya Patton,Puerto Rico,PR,Corporate
3883,Marie Gomez,Puerto Rico,PR,Corporate
4987,Mary Smith,Puerto Rico,PR,Corporate
4342,David Hartman,Puerto Rico,PR,Corporate
8796,Mary Smith,Puerto Rico,PR,Corporate
9366,Mary Church,Puerto Rico,PR,Corporate
18316,Yen Underwood,Puerto Rico,PR,Corporate
10104,Mary Chen,Puerto Rico,PR,Corporate
17939,Rowan Johnston,Puerto Rico,PR,Corporate
3994,Susan Smith,Puerto Rico,PR,Corporate
12379,Mary Long,Puerto Rico,PR,Corporate
17393,Lana Mccullough,Puerto Rico,PR,Corporate
3325,Danielle Rios,Puerto Rico,PR,Corporate
4585,Lauren Smith,Puerto Rico,PR,Corporate
10541,Howard Smith,Puerto Rico,PR,Corporate
8460,Nicole Smith,Puerto Rico,PR,Corporate
18346,Olympia Ortega,Puerto Rico,PR,Corporate
740,Brandon Smith,Puerto Rico,PR,Corporate
8354,John Smith,Puerto Rico,PR,Corporate
3020,Mary Smith,Puerto Rico,PR,Corporate
7658,Mary Smith,Puerto Rico,PR,Corporate
16063,Whoopi Benjamin,Puerto Rico,PR,Corporate
20703,Xaviera Alvarado,Puerto Rico,PR,Corporate
18019,Chanda Gonzalez,Puerto Rico,PR,Corporate
7669,Richard Patton,Puerto Rico,PR,Corporate
3771,David Phelps,Puerto Rico,PR,Corporate
17725,Danielle Ray,Puerto Rico,PR,Corporate
10576,Richard Smith,Puerto Rico,PR,Corporate
11542,Mary Perkins,Puerto Rico,PR,Corporate
16006,Imani Guerra,Puerto Rico,PR,Corporate
12134,Mary Jefferson,Puerto Rico,PR,Corporate
10766,Rose Roman,Puerto Rico,PR,Corporate
2072,Mary Fisher,Puerto Rico,PR,Corporate
2799,Mary Smith,Puerto Rico,PR,Corporate
5414,Helen Christensen,Puerto Rico,PR,Corporate
12173,Adam Wilson,Puerto Rico,PR,Corporate
7039,Samuel Rodriguez,Puerto Rico,PR,Corporate
7883,Deborah Park,Puerto Rico,PR,Corporate
15394,Tatum Rowland,Puerto Rico,PR,Corporate
15300,Stella Burke,Puerto Rico,PR,Corporate
15624,Wynter Blake,Puerto Rico,PR,Corporate
1742,Emma Ellis,Puerto Rico,PR,Corporate
10951,Austin Weiss,Puerto Rico,PR,Corporate
5040,Emily Nicholson,Puerto Rico,PR,Corporate
4382,Mary Smith,Puerto Rico,PR,Corporate
10873,Mary Serrano,Puerto Rico,PR,Corporate
11612,Mary Smith,Puerto Rico,PR,Corporate
7250,Jacob Smith,Puerto Rico,PR,Corporate
9110,Tammy Gould,USA,MI,Corporate
8655,John Smith,USA,CA,Corporate
8150,Mary Jennings,USA,CA,Corporate
8088,Mary Morris,USA,TX,Corporate
12168,Christine Guerra,USA,NY,Corporate
3086,Barbara Harris,USA,FL,Corporate
8156,Hannah Smith,USA,CA,Corporate
608,Carol Smith,USA,OH,Corporate
563,Harry Contreras,USA,CA,Corporate
7320,Theresa Smith,USA,KS,Corporate
1835,Mary Smith,USA,NY,Corporate
1864,Deborah Smith,USA,IL,Corporate
4689,Sandra Smith,USA,MD,Corporate
2026,Robert Smith,USA,CO,Corporate
10615,Angela Howard,USA,CA,Corporate
10833,Mary Smith,USA,MD,Corporate
5043,Mary Smith,USA,NY,Corporate
4083,Betty Smith,USA,MI,Corporate
7338,Maria Fernandez,USA,CA,Corporate
5311,Mary Smith,USA,MA,Corporate
10392,Robert Rodriguez,USA,CA,Corporate
10151,Doris Smith,USA,CA,Corporate
917,Andrew Glenn,USA,IL,Corporate
1761,Mary Harris,USA,OR,Corporate
2559,Donna Hall,USA,FL,Corporate
8890,Mary Rhodes,USA,PA,Corporate
4684,Ann Smith,USA,CA,Corporate
10804,Austin Lester,USA,NY,Corporate
8963,Ruth Bush,USA,CA,Corporate
2885,Mark Smith,USA,NY,Corporate
787,Amanda Ochoa,USA,NJ,Corporate
4604,Mary Pearson,USA,NY,Corporate
935,Melissa Sharp,USA,NY,Corporate
7559,Janice Bishop,USA,AZ,Corporate
10470,Crystal Molina,USA,NC,Corporate
4383,Nicholas Collins,USA,MI,Corporate
9658,Mary Jimenez,USA,TX,Corporate
9261,Patrick Burnett,USA,WI,Corporate
4823,Diana Thomas,USA,CA,Corporate
4403,Mary Evans,USA,ND,Corporate
7015,Andrew Smith,USA,CA,Corporate
8940,Linda Hammond,USA,NC,Corporate
3243,Julia Lewis,USA,OH,Corporate
3986,Mary Smith,USA,HI,Corporate
11611,Margaret Sanford,USA,LA,Corporate
7249,Mary Luna,USA,NC,Corporate
3487,Tyler Smith,USA,OH,Corporate
3362,Mary Solomon,USA,CO,Corporate
3505,Kevin Smith,USA,IL,Corporate
10265,Mary Ramirez,USA,MI,Corporate
7879,Michelle Powell,USA,CO,Corporate
948,Michelle Smith,USA,MA,Corporate
3737,Kevin Mcdowell,USA,NC,Corporate
9434,Danielle Smith,USA,CA,Corporate
9582,Mary Wyatt,USA,OH,Corporate
7476,Benjamin Cole,USA,TX,Corporate
9838,Mary Smith,USA,CA,Corporate
1711,Jason Smith,USA,OR,Corporate
589,Mary Reynolds,USA,CA,Corporate
10290,Jacob Hinton,USA,CA,Corporate
3406,Mary Smith,USA,TX,Corporate
9040,Mary Smith,USA,KY,Corporate
2667,Tammy Smith,USA,CA,Corporate
5741,Mary Spencer,USA,CA,Corporate
11092,Mary Mills,USA,NY,Corporate
264,Mary Smith,USA,CA,Corporate
990,Mary Ellison,USA,CA,Corporate
6593,Mary Smith,USA,FL,Corporate
10318,Joan Garcia,USA,OH,Corporate
6093,Douglas Jacobs,USA,CA,Corporate
2154,Mary Andrews,USA,TX,Corporate
6868,Johnny Crosby,USA,MI,Corporate
4810,Mary Smith,USA,TX,Corporate
5213,Betty Moore,USA,CA,Corporate
8611,William Bond,USA,KS,Corporate
4637,Mary Hamilton,USA,CA,Corporate
5198,Mary Smith,USA,MI,Corporate
8090,Mary Martinez,USA,TN,Corporate
4610,Mary Richards,USA,NY,Corporate
8687,Mary Smith,USA,NY,Corporate
8162,Phillip Smith,USA,TX,Corporate
10258,Joyce Gonzalez,USA,OH,Corporate
11389,Eugene Smith,USA,MO,Corporate
10460,Mary Morrison,USA,TX,Corporate
9513,Brian Rice,USA,CO,Corporate
7770,Kenneth Smith,USA,CA,Corporate
5465,Mary Jones,USA,CA,Corporate
7509,Mary Case,USA,NY,Corporate
4156,Mary Smith,USA,CA,Corporate
3489,Larry Waller,USA,TX,Corporate
6454,Kathleen Smith,USA,NM,Corporate
8538,Mary Newman,USA,TX,Corporate
5558,Mary Randall,USA,HI,Corporate
779,Kenneth Smith,USA,CT,Corporate
1590,Mary Smith,USA,TX,Corporate
7647,Susan Shannon,USA,MI,Corporate
6779,Richard Durham,USA,CA,Corporate
8362,Ann Burnett,USA,VA,Corporate
7212,Mary Howard,USA,TX,Corporate
1721,Jeremy Hart,USA,CA,Corporate
1000,James Smith,USA,NY,Corporate
97,Mary Rhodes,USA,AZ,Corporate
4636,Karen Smith,USA,NY,Corporate
3001,Maria Adams,USA,CA,Corporate
2317,Mary Bridges,USA,CA,Corporate
2539,Mary York,USA,NY,Corporate
1730,Mary Smith,USA,CA,Corporate
5133,Grace Olson,USA,NC,Corporate
9206,Nancy Smith,USA,CA,Corporate
6623,Christian Turner,USA,CO,Corporate
6439,Mary Booth,USA,SC,Corporate
11000,Mary Smith,USA,NY,Corporate
4258,Charles Rogers,USA,CA,Corporate
12351,Jose Deleon,USA,KY,Corporate
7645,Brandon Stephens,USA,TX,Corporate
7069,Mary Garza,USA,CA,Corporate
8322,Donna Moore,USA,CA,Corporate
7528,Mary Bishop,USA,NY,Corporate
3276,Mary Owens,USA,PA,Corporate
2391,Mary Taylor,USA,MI,Corporate
7211,Kathleen Smith,USA,CO,Corporate
6601,Mary Andrade,USA,FL,Corporate
2145,Ashley Smith,USA,AZ,Corporate
2666,Mary Singh,USA,CA,Corporate
11747,Mary Brady,USA,NV,Corporate
12313,Andrea Wang,USA,AZ,Corporate
3514,Walter Smith,USA,CT,Corporate
8830,Melissa Aguilar,USA,PA,Corporate
1441,Mary Chapman,USA,TX,Corporate
3896,Alexander Smith,USA,FL,Corporate
5997,Jonathan Jones,USA,MA,Corporate
1869,Mark Smith,USA,SC,Corporate
8667,Michael Williams,USA,CA,Corporate
4224,Mary Smith,USA,NY,Corporate
9688,Frances Smith,USA,AZ,Corporate
9994,Adam Collins,USA,CA,Corporate
7305,David Smith,USA,NY,Corporate
5814,Debra Smith,USA,DC,Corporate
5639,Mary Foster,USA,FL,Corporate
11871,Mary Hall,USA,TN,Corporate
1140,Amber Nguyen,USA,CA,Corporate
7630,Judith Smith,USA,LA,Corporate
8366,Rose Smith,USA,NV,Corporate
2084,Edward Wolfe,USA,CA,Corporate
2526,Helen Mcknight,USA,WA,Corporate
3008,Mary Smith,USA,KS,Corporate
943,John Cummings,USA,AZ,Corporate
5563,Paul Trevino,USA,PA,Corporate
9898,Mary Moon,USA,MD,Corporate
5259,Dennis Smith,USA,TX,Corporate
10579,Mary Bishop,USA,CA,Corporate
5223,Mary Smith,USA,CA,Corporate
7140,Samantha Anderson,USA,CA,Corporate
4870,Pamela Walker,USA,GA,Corporate
8959,Amy Edwards,USA,MI,Corporate
1225,Mary Smith,USA,AZ,Corporate
2769,Mary Hendricks,USA,HI,Corporate
2699,Kathleen Higgins,USA,OH,Corporate
10361,Barbara Smith,USA,CA,Corporate
8336,Mary Smith,USA,CA,Corporate
2163,Nicholas Wright,USA,TX,Corporate
476,Mary Carey,USA,OR,Corporate
1119,Bryan Ramos,USA,TX,Corporate
3552,Kathleen Smith,USA,CA,Corporate
4010,Michael Smith,USA,HI,Corporate
1274,Mary Richmond,USA,VA,Corporate
9912,David Phillips,USA,TX,Corporate
3308,Aaron Smith,USA,VA,Corporate
11387,Larry Smith,USA,TX,Corporate
12311,Mary Smith,USA,CA,Corporate
11342,Steven Booker,USA,OR,Corporate
2335,Harold Howell,USA,CA,Corporate
11501,Larry Peterson,USA,CA,Corporate
3411,Mary Lester,USA,KS,Corporate
10623,Joshua Mckenzie,USA,HI,Corporate
2246,Mary Lewis,USA,CA,Corporate
6241,Mary Clay,USA,IL,Corporate
8620,Mary Briggs,USA,PA,Corporate
154,Emily May,USA,FL,Corporate
7768,Howard Smith,USA,CA,Corporate
2468,Mary Chapman,USA,CT,Corporate
10407,William Clay,USA,PA,Corporate
10854,Mary Coleman,USA,CA,Corporate
5960,Margaret Smith,USA,TX,Corporate
9537,Jason Smith,USA,MI,Corporate
5221,Amanda Smith,USA,MO,Corporate
4678,Mary Jones,USA,CA,Corporate
10252,Carolyn Weaver,USA,HI,Corporate
575,Mary Smith,USA,CA,Corporate
2622,Jennifer Frost,USA,NC,Corporate
3477,Mary Smith,USA,WV,Corporate
517,John Russell,USA,NY,Corporate
2936,Edward Myers,USA,CA,Corporate
4747,Janice Thomas,USA,IL,Corporate
3426,Douglas Davenport,USA,FL,Corporate
5716,Mary Hawkins,USA,WA,Corporate
6655,Ashley Smith,USA,IL,Corporate
2767,Matthew Braun,USA,NY,Corporate
6051,Gregory Hoffman,USA,HI,Corporate
8501,Elizabeth Smith,USA,NJ,Corporate
7984,Mary Cisneros,USA,OH,Corporate
7966,John Smith,USA,IL,Corporate
1310,Mary Smith,USA,IN,Corporate
2075,Sarah Smith,USA,PA,Corporate
4818,Stephanie Smith,USA,CA,Corporate
2910,Timothy Curtis,USA,IL,Corporate
1696,Mary Smith,USA,CA,Corporate
2478,Gerald Smith,USA,NV,Corporate
286,Mary Baker,USA,CA,Corporate
12048,Richard Smith,USA,MI,Corporate
3668,Judy Smith,USA,OR,Corporate
8371,Christopher Perkins,USA,CA,Corporate
1709,Matthew Smith,USA,MI,Corporate
3190,Mary Leonard,USA,OH,Corporate
8557,Mary Smith,USA,PA,Corporate
7185,Amber Smith,USA,KS,Corporate
1189,Mary Deleon,USA,MI,Corporate
9208,John Gillespie,USA,NY,Corporate
3690,Brittany Williamson,USA,VA,Corporate
10650,Donna Carter,USA,WA,Corporate
10010,Patrick Diaz,USA,AZ,Corporate
8768,Evelyn Bradford,USA,MI,Corporate
3422,Julia Woodard,USA,GA,Corporate
7503,Mary Mathews,USA,CA,Corporate
7842,Melissa Smith,USA,TN,Corporate
11910,Donna Weber,USA,VA,Corporate
2892,Mary Smith,USA,TX,Corporate
10746,Laura Smith,USA,FL,Corporate
436,Mary Smith,USA,FL,Corporate
1028,Virginia Sanders,USA,TX,Corporate
3955,Bryan Stanton,USA,NY,Corporate
907,Samantha Kline,USA,NV,Corporate
8175,Mary Smith,USA,CA,Corporate
7498,Marie Smith,USA,CA,Corporate
5095,Louis York,USA,PA,Corporate
9496,Mary Taylor,USA,MD,Corporate
7672,Mary Smith,USA,IL,Corporate
3566,Mary Meyer,USA,IL,Corporate
10512,Mary Brown,USA,NY,Corporate
10555,Mary Howell,USA,CA,Corporate
2561,Angela Smith,USA,NJ,Corporate
7316,Marilyn Wu,USA,TX,Corporate
4170,Debra Smith,USA,TX,Corporate
6215,Mary Rush,USA,OH,Corporate
8030,Mary Johnston,USA,VA,Corporate
4772,Robert Gonzalez,USA,NY,Corporate
7541,Donna Smith,USA,FL,Corporate
6342,Kimberly Blair,USA,TX,Corporate
1974,Joe Moody,USA,IL,Corporate
5327,Mary Mcbride,USA,NC,Corporate
11904,Mary Smith,USA,DC,Corporate
6229,Mary Smith,USA,IN,Corporate
5488,Mary Cisneros,USA,CA,Corporate
11190,Billy Smith,USA,NJ,Corporate
8152,Nicholas Smith,USA,CA,Corporate
7303,Mary Smith,USA,WI,Corporate
4868,Andrea Marks,USA,TX,Corporate
5863,Amy Smith,USA,TN,Corporate
7162,Paul Smith,USA,NY,Corporate
1196,Mary Leonard,USA,NY,Corporate
6027,Mary Moore,USA,CA,Corporate
9936,Scott Espinoza,USA,CA,Corporate
10437,Mary Graham,USA,CA,Corporate
7814,Nicole Powers,USA,TX,Corporate
1640,Mary Smith,USA,CA,Corporate
1258,Mary Dyer,USA,TX,Corporate
932,Virginia Sandoval,USA,OH,Corporate
462,Sean Skinner,USA,NJ,Corporate
8975,Nancy Mata,USA,TX,Corporate
2232,Paul Berry,USA,KY,Corporate
713,James Beasley,USA,CA,Corporate
9235,Mary Rodriguez,USA,NY,Corporate
8610,Mary Smith,USA,WA,Corporate
5637,Mary Wong,USA,LA,Corporate
10687,George Weeks,USA,FL,Corporate
1127,Bobby Pope,USA,IL,Corporate
6081,Lauren Bennett,USA,IL,Corporate
7605,Henry Roman,USA,TX,Corporate
6729,Janice Russell,USA,NJ,Corporate
1038,Christine Briggs,USA,CA,Corporate
7738,Mary Smith,USA,TX,Corporate
9946,Bryan Kaufman,USA,CA,Corporate
2057,Kathy Smith,USA,UT,Corporate
6375,Mary Smith,USA,NY,Corporate
11028,Mary Long,USA,FL,Corporate
4250,Sharon Smith,USA,TX,Corporate
8961,Jeremy Smith,USA,CA,Corporate
6968,Mary Sims,USA,OH,Corporate
1845,Mary Jones,USA,PA,Corporate
5812,Angela Smith,USA,NY,Corporate
1142,Albert Smith,USA,SC,Corporate
9256,Tiffany Parks,USA,LA,Corporate
8839,Mary Smith,USA,CA,Corporate
5528,Nathan Kent,USA,CA,Corporate
1101,Mary Smith,USA,CA,Corporate
8767,Timothy Mejia,USA,MD,Corporate
2420,Mary Smith,USA,TX,Corporate
8757,Tyler Gutierrez,USA,CO,Corporate
7729,Jane Smith,USA,NV,Corporate
4698,Mary Collier,USA,TX,Corporate
8688,Michelle Rose,USA,TX,Corporate
786,Mary Green,USA,IL,Corporate
11087,Mary Smith,USA,KS,Corporate
10472,Margaret Cook,USA,CA,Corporate
5211,Brian Compton,USA,NJ,Corporate
7474,Ronald Levy,USA,TN,Corporate
9757,Madison Smith,USA,CA,Corporate
10061,Christopher Black,USA,CA,Corporate
10715,Mary Brewer,USA,PA,Corporate
7214,Mary Smith,USA,TN,Corporate
8369,Mark Chaney,USA,CA,Corporate
624,Mary Ruiz,USA,CA,Corporate
5619,Mary Smith,USA,MD,Corporate
8527,Steven Rivera,USA,FL,Corporate
3908,Alexander Smith,USA,NJ,Corporate
10363,Charles Zimmerman,USA,CA,Corporate
10095,Michelle Smith,USA,NY,Corporate
6221,Andrew Mcgee,USA,CA,Corporate
10661,Mary Cunningham,USA,CA,Corporate
985,Mary Martinez,USA,IN,Consumer
10350,James Smith,USA,NY,Consumer
10261,Bobby Bell,USA,NY,Consumer
8231,Mary Jones,USA,GA,Consumer
7359,Alexander Jacobs,USA,MI,Consumer
1997,Amy Callahan,USA,CA,Consumer
3330,Mary Johnson,USA,MD,Consumer
1422,Edward Smith,USA,CA,Consumer
5972,Mary Burton,USA,CA,Consumer
3595,Joshua Lewis,USA,MD,Consumer
3177,Mary Nguyen,USA,NJ,Consumer
2,Mary Barrett,USA,CO,Consumer
6337,Mary Smith,USA,WI,Consumer
2330,Sharon Sellers,USA,CA,Consumer
6467,Mary Stokes,USA,AZ,Consumer
4672,Mary Smith,USA,MI,Consumer
5756,Mary Osborn,USA,NC,Consumer
5725,Mary Smith,USA,NY,Consumer
5778,Evelyn Smith,USA,TX,Consumer
9271,Christopher Smith,USA,TX,Consumer
1503,Mary Garner,USA,NV,Consumer
8016,Patricia Smith,USA,CA,Consumer
7470,Catherine Hood,USA,FL,Consumer
1,Richard Hernandez,USA,TX,Consumer
8147,Mary Pacheco,USA,MI,Consumer
10839,Mary Blake,USA,MI,Consumer
2837,Michael Wilson,USA,GA,Consumer
11262,Laura Lopez,USA,CA,Consumer
3328,Mary Cannon,USA,IL,Consumer
11471,Christopher Smith,USA,TX,Consumer
8790,Mary Keller,USA,NJ,Consumer
12290,Mary Hawkins,USA,CT,Consumer
8979,Mary Huffman,USA,NM,Consumer
11381,Mary Gonzalez,USA,NY,Consumer
6536,Mary Smith,USA,CA,Consumer
851,Mary Snyder,USA,CA,Consumer
4097,Russell Smith,USA,CO,Consumer
578,Dylan Knapp,USA,HI,Consumer
4754,Mary Santana,USA,NY,Consumer
2444,Kenneth Smith,USA,IL,Consumer
4190,Mary Martinez,USA,RI,Consumer
3168,Mary Smith,USA,IL,Consumer
12180,Mary Allen,USA,OH,Consumer
10889,Sarah Smith,USA,TX,Consumer
458,Charles Spencer,USA,CA,Consumer
11788,Dennis Marsh,USA,MO,Consumer
5616,Mary Dudley,USA,CA,Consumer
6296,Mary Smith,USA,CA,Consumer
8352,Teresa Black,USA,CA,Consumer
6637,Eric Richardson,USA,MN,Consumer
4492,Pamela Hubbard,USA,MA,Consumer
6879,Mark Mcguire,USA,NC,Consumer
5567,Mary Garza,USA,NY,Consumer
9317,Mary Smith,USA,NY,Consumer
7362,Nicholas Smith,USA,OH,Consumer
2443,Mary Gross,USA,GA,Consumer
421,Mary Smith,USA,CA,Consumer
8107,Mary Smith,USA,CO,Consumer
12318,Mary Smith,USA,MN,Consumer
4481,Mary James,USA,PA,Consumer
3692,James Smith,USA,CA,Consumer
2951,Steven Maddox,USA,CA,Consumer
1813,Carol Mccarthy,USA,TX,Consumer
12414,Mary Woodward,USA,IL,Consumer
4,Mary Jones,USA,CA,Consumer
7030,Mary Schaefer,USA,GA,Consumer
10641,Mary Hodges,USA,TX,Consumer
4498,Mary Brown,USA,CA,Consumer
7780,Steven Smith,USA,TX,Consumer
435,Joan Barr,USA,IL,Consumer
5780,Mary Smith,USA,NY,Consumer
5245,Mary Montgomery,USA,OH,Consumer
9924,Christine Smith,USA,CA,Consumer
9591,Mary Gonzalez,USA,CA,Consumer
5661,Christopher Smith,USA,CA,Consumer
7499,Mary Powell,USA,WA,Consumer
11998,Mary Wong,USA,CA,Consumer
9771,Mary Alexander,USA,VA,Consumer
938,Cheryl Smith,USA,WI,Consumer
4599,Mary Smith,USA,NJ,Consumer
9775,Katherine Smith,USA,IL,Consumer
641,Mary Hamilton,USA,NJ,Consumer
7785,Amy Williams,USA,MD,Consumer
4496,Joseph Hoffman,USA,NJ,Consumer
9104,Mary Bryan,USA,NC,Consumer
6193,Mary Li,USA,MA,Consumer
10874,Judy Smith,USA,CA,Consumer
3811,Mary Smith,USA,CA,Consumer
9018,Mary Smith,USA,TX,Consumer
3550,Mary Garner,USA,PA,Consumer
1707,Mary Moore,USA,HI,Consumer
12335,Mary Riley,USA,TN,Consumer
4815,Jerry Smith,USA,CA,Consumer
10799,Jane Smith,USA,MA,Consumer
7355,Mary Warren,USA,CA,Consumer
10921,Jerry Sherman,USA,MI,Consumer
3569,Jeremy Smith,USA,UT,Consumer
4945,Mary Meza,USA,TX,Consumer
11523,Mary Mayer,USA,FL,Consumer
9108,Kathryn Smith,USA,MA,Consumer
1480,Jacob Ayers,USA,IL,Consumer
6465,Mary Smith,USA,NY,Consumer
10263,Katherine Bailey,USA,MD,Consumer
953,Mary Mills,USA,PA,Consumer
8472,Mary Heath,USA,OH,Consumer
11122,Mary Smith,USA,MI,Consumer
6986,Judith Taylor,USA,CA,Consumer
11059,Mary Daniels,USA,NY,Consumer
2316,Heather Smith,USA,NJ,Consumer
2003,Mary Brooks,USA,PA,Consumer
5135,Harold Silva,USA,AZ,Consumer
5127,Mary Smith,USA,AZ,Consumer
7756,Mary Johnson,USA,CA,Consumer
79,Mary Watkins,USA,TN,Consumer
4783,Shirley Smith,USA,NY,Consumer
8793,Michelle Mann,USA,WA,Consumer
4643,Louis Smith,USA,CA,Consumer
1035,Nancy Blair,USA,CT,Consumer
2619,Danielle Morales,USA,MI,Consumer
883,Margaret Ayala,USA,CA,Consumer
1076,Tyler Thompson,USA,TX,Consumer
9195,George Johns,USA,CA,Consumer
8198,Mary Frank,USA,LA,Consumer
7411,Stephen Harrison,USA,CA,Consumer
818,Mary Kennedy,USA,CA,Consumer
6079,Bruce Perkins,USA,MA,Consumer
11727,Mary Cowan,USA,NY,Consumer
9614,Patricia Frazier,USA,CA,Consumer
10111,Mary Garcia,USA,OH,Consumer
9281,Ann Smith,USA,CA,Consumer
7248,Marilyn Diaz,USA,TX,Consumer
1927,Laura Stevens,USA,CA,Consumer
5146,Harry Graves,USA,CA,Consumer
7434,Mary Holloway,USA,TN,Consumer
7354,Judith Smith,USA,NY,Consumer
4494,Mary Smith,USA,FL,Consumer
10762,Stephanie Vasquez,USA,TN,Consumer
504,Cheryl Livingston,USA,FL,Consumer
8788,Mary Smith,USA,IL,Consumer
10142,Teresa Smith,USA,CA,Consumer
3909,Amber Walker,USA,IL,Consumer
5914,Nicholas Smith,USA,IL,Consumer
10452,Mary Smith,USA,CA,Consumer
6308,Mary Wu,USA,CA,Consumer
8324,Michael Wilkerson,USA,CA,Consumer
2963,Martha Sullivan,USA,CA,Consumer
7511,Mary Park,USA,FL,Consumer
8918,Zachary Rice,USA,CA,Consumer
8376,Catherine Moreno,USA,MD,Consumer
3376,Rose Cannon,USA,NY,Consumer
10459,Jason Smith,USA,TX,Consumer
8725,Ashley Smith,USA,NY,Consumer
746,Christopher Bush,USA,CA,Consumer
12063,Larry Henderson,USA,TX,Consumer
3721,Melissa Powers,USA,MI,Consumer
6323,Gerald Roberts,USA,MA,Consumer
1540,Mary Mckee,USA,MA,Consumer
11936,Mary Smith,USA,CA,Consumer
8808,Kenneth Smith,USA,MD,Consumer
6164,Juan Bailey,USA,CA,Consumer
3100,Mary Smith,USA,CA,Consumer
8972,Willie Phelps,USA,ND,Consumer
10769,Mary Edwards,USA,CA,Consumer
9968,Brandon Smith,USA,MO,Consumer
10114,Gregory Smith,USA,CA,Consumer
2424,Mary Fernandez,USA,FL,Consumer
10005,Zachary Day,USA,UT,Consumer
5194,Mary Smith,USA,AZ,Consumer
7228,Joseph Ryan,USA,NJ,Consumer
7414,Dorothy Smith,USA,TX,Consumer
4941,Mary Smith,USA,IL,Consumer
1930,Mary Hooper,USA,MN,Consumer
1278,Mary Smith,USA,TX,Consumer
4336,David Reed,USA,CA,Consumer
1474,Mark Fritz,USA,CA,Consumer
3679,Mary Carpenter,USA,NY,Consumer
2685,Denise Smith,USA,WI,Consumer
973,Linda Hart,USA,OH,Consumer
4602,Karen Smith,USA,MI,Consumer
3772,Mary Smith,USA,NY,Consumer
840,Mary Kidd,USA,CA,Consumer
2276,Mary Williams,USA,KY,Consumer
2210,Mary Bryant,USA,MO,Consumer
8664,Mary Smith,USA,CA,Consumer
12040,Thomas Moore,USA,TX,Consumer
3855,Amy Smith,USA,NY,Consumer
2651,Thomas Howell,USA,OR,Consumer
9569,Mary Smith,USA,CA,Consumer
5831,Patricia Smith,USA,CA,Consumer
1307,Austin Elliott,USA,CA,Consumer
8214,Mary Smith,USA,CA,Consumer
708,Mary Rice,USA,AZ,Consumer
6751,Mary Rose,USA,CA,Consumer
11478,Pamela Smith,USA,MI,Consumer
4233,Matthew Smith,USA,MD,Consumer
1018,Mary Smith,USA,LA,Consumer
2414,Lisa Velasquez,USA,AZ,Consumer
9523,Dylan Jackson,USA,CA,Consumer
10405,Mary Durham,USA,TX,Consumer
2912,William Chen,USA,CA,Consumer
5657,Mary James,USA,OH,Consumer
8330,Kimberly Ferguson,USA,IL,Consumer
10506,Mary Smith,USA,NJ,Consumer
10905,Lisa Warner,USA,CA,Consumer
9127,Mary Nolan,USA,TX,Consumer
11312,Gregory Trujillo,USA,NY,Consumer
9856,Andrea Smith,USA,NM,Consumer
8189,Mary Olsen,USA,OR,Consumer
6812,Sharon Smith,USA,OH,Consumer
6714,Christina Smith,USA,GA,Consumer
12300,Mary Lindsey,USA,GA,Consumer
9618,Rose Case,USA,FL,Consumer
10796,Debra Hardy,USA,MD,Consumer
8726,Mary Diaz,USA,NJ,Consumer
8991,Mary Kennedy,USA,CA,Consumer
8307,Kimberly Irwin,USA,TX,Consumer
10596,David Moss,USA,CT,Consumer
12013,Katherine Kramer,USA,CA,Consumer
4229,Barbara Smith,USA,NY,Consumer
1498,Peter Bray,USA,TX,Consumer
10056,Ruth Smith,USA,UT,Consumer
3978,Barbara Simmons,USA,CA,Consumer
8018,Ruth Shepherd,USA,OH,Consumer
6578,Roger Smith,USA,TX,Consumer
9944,Mary Smith,USA,GA,Consumer
8851,Mary Holt,USA,CA,Consumer
3026,Diane Smith,USA,GA,Consumer
8576,Amanda Roberson,USA,CA,Consumer
10367,Mary Smith,USA,FL,Consumer
4183,Kathleen Glover,USA,IL,Consumer
2642,Mary Gould,USA,NY,Consumer
91,Ashley Smith,USA,TX,Consumer
9100,Beverly Smith,USA,CA,Consumer
9852,William Harris,USA,OH,Consumer
7839,Emma Wells,USA,MI,Consumer
6901,Mary Kaiser,USA,TX,Consumer
8692,Vincent Smith,USA,SC,Consumer
3643,Donald Smith,USA,CA,Consumer
3334,Amber Smith,USA,MI,Consumer
5152,Mary Andrews,USA,CA,Consumer
11033,Matthew Fields,USA,TX,Consumer
11712,Edward Smith,USA,VA,Consumer
2034,Ruth Smith,USA,FL,Consumer
12097,Mary Johnson,USA,CA,Consumer
1148,Mary Anderson,USA,GA,Consumer
6791,Philip Miles,USA,FL,Consumer
1797,Carolyn Smith,USA,TN,Consumer
1680,Mary Santiago,USA,NJ,Consumer
6927,Mary Cohen,USA,SC,Consumer
10685,Amy Walker,USA,CA,Consumer
6127,Debra Turner,USA,FL,Consumer
2734,Louis Richardson,USA,FL,Consumer
9553,Sandra Smith,USA,MO,Consumer
5709,Shirley Johnson,USA,OH,Consumer
11550,Nathan Thompson,USA,CA,Consumer
5046,Mary Smith,USA,NY,Consumer
10212,Mary Wright,USA,TX,Consumer
2508,Brandon Adkins,USA,MI,Consumer
6313,Zachary Smith,USA,AZ,Consumer
5886,Ann Smith,USA,VA,Consumer
12186,Gloria Mcknight,USA,NY,Consumer
1489,Robert Smith,USA,NY,Consumer
10378,Mary Bradley,USA,NY,Consumer
3973,Sharon Parsons,USA,CA,Consumer
7061,Evelyn Stanley,USA,GA,Consumer
13172,Shannon Hodges,USA,WA,Consumer
868,Mary Contreras,USA,NJ,Consumer
5168,Mary Smith,USA,TX,Consumer
5797,Roy Smith,USA,CA,Consumer
6850,Russell Taylor,USA,NM,Consumer
14467,Zoe Banks,USA,CA,Consumer
13182,Zenaida Brock,USA,CA,Consumer
13287,Lee Huff,USA,CA,Consumer
14159,Constance Pearson,USA,CA,Consumer
13123,Halee Ford,USA,CA,Consumer
14339,Morgan Avery,USA,VA,Consumer
13248,Ivory Curry,USA,NY,Consumer
13464,Lara Hayden,USA,TX,Consumer
13356,Nita Hardy,USA,TX,Consumer
13517,Ayanna Freeman,USA,CA,Consumer
13138,Constance Albert,USA,OR,Consumer
13442,Farrah Dickerson,USA,TX,Consumer
13136,Aphrodite Graves,USA,CA,Consumer
14153,Martha Jefferson,USA,CA,Consumer
13277,Melissa Roberts,USA,NY,Consumer
13276,Carissa Lambert,USA,CA,Consumer
11684,Denise Smith,USA,NY,Consumer
10159,Rebecca Smith,USA,FL,Consumer
2237,Mary Smith,USA,NJ,Consumer
8271,Mary Smith,USA,CA,Consumer
744,Gary Hodges,USA,CA,Consumer
5964,Mary Brown,USA,MO,Consumer
7009,Mary Smith,USA,CA,Consumer
11214,Joseph Mccormick,USA,CA,Consumer
1179,Donald Smith,USA,OK,Consumer
3062,Mary Smith,USA,OH,Consumer
5502,Mary Fritz,USA,NY,Consumer
1859,Charles Smith,USA,WI,Consumer
10522,Andrew Smith,USA,IL,Consumer
418,Mary Jackson,USA,CA,Consumer
11874,Mary Smith,USA,OH,Consumer
11227,Mary Coleman,USA,FL,Consumer
1708,Margaret Booth,USA,TX,Consumer
5013,Mary Peters,USA,OH,Consumer
13606,Renee Berry,USA,NJ,Consumer
8285,Eric Smith,USA,NY,Consumer
9397,Mary Curry,USA,CA,Consumer
8200,Mary Morales,USA,MI,Consumer
1994,Mary Cox,USA,OH,Consumer
7895,Mary Snyder,USA,CT,Consumer
1145,Mary Smith,USA,OH,Consumer
2605,Catherine Smith,USA,CA,Consumer
9389,Adam Smith,USA,FL,Consumer
1843,Frank Garcia,USA,OK,Consumer
9042,Linda Smith,USA,UT,Consumer
7431,Mary Fry,USA,TX,Consumer
5719,Mary Smith,USA,VA,Consumer
10748,Mark Smith,USA,IL,Consumer
7800,Mary Sandoval,USA,NY,Consumer
4409,Mary Foster,USA,CA,Consumer
3270,Alexander Smith,USA,CA,Consumer
12787,Kimberly Guerrero,USA,CA,Consumer
14886,Barbara Hamilton,USA,DE,Consumer
8987,Kathleen Price,USA,IL,Consumer
12768,Madonna Rich,USA,CA,Consumer
8671,Cheryl Barnes,USA,NM,Consumer
5457,Mary Conrad,USA,AZ,Consumer
7234,Mary Bowers,USA,TX,Consumer
3011,Howard Delgado,USA,KS,Consumer
14811,Cherokee Martinez,USA,NY,Consumer
8718,Mary Alvarez,USA,WA,Consumer
1147,Judy Smith,USA,NY,Consumer
1309,Mildred Rios,USA,NM,Consumer
2711,Alice Rodriguez,USA,NY,Consumer
13736,Demetria Stephenso,USA,TX,Consumer
7413,Mary Jenkins,USA,CA,Consumer
6618,Julie Hamilton,USA,CA,Consumer
998,Steven Salinas,USA,CA,Consumer
1116,Mary Henderson,USA,MI,Consumer
4765,Mary Sweeney,USA,CT,Consumer
7403,Jason Smith,USA,HI,Consumer
10182,Andrew Bennett,USA,CA,Consumer
4093,Mary Pacheco,USA,MA,Consumer
4922,Robert Russo,USA,NY,Consumer
8396,Mary Brady,USA,CA,Consumer
11508,Mary Smith,USA,DE,Consumer
10698,Bobby Smith,USA,CA,Consumer
3402,Mary Wilkerson,USA,CA,Consumer
3658,Mary Weiss,USA,CA,Consumer
4002,Mary Smith,USA,GA,Consumer
7110,Thomas Farley,USA,OR,Consumer
8305,Robert Smith,USA,MI,Consumer
706,Olivia Ramirez,USA,MA,Consumer
1643,Mary Carr,USA,NY,Consumer
2814,Debra Morales,USA,IL,Consumer
1626,Wayne Gomez,USA,CA,Consumer
1458,Nicholas Phelps,USA,PA,Consumer
11718,Scott Smith,USA,CA,Consumer
5494,Rose Smith,USA,CA,Consumer
2555,Mary Long,USA,CA,Consumer
1567,Danielle Smith,USA,CA,Consumer
7099,Mary Smith,USA,FL,Consumer
2872,Mary Ortiz,USA,NY,Corporate
6802,Mary Kim,USA,GA,Corporate
3192,Mary Lindsey,USA,CA,Corporate
9348,Eric Smith,USA,MI,Corporate
4540,Mary Santos,USA,KS,Corporate
9613,Mary Smith,USA,AZ,Corporate
10705,Mary Potter,USA,FL,Corporate
11259,John Powell,USA,CA,Corporate
5727,Mary Smith,USA,OH,Corporate
8761,Brian Lambert,USA,NY,Corporate
3629,Mary Smith,USA,NY,Corporate
4478,Mary Shah,USA,UT,Corporate
9904,Nicholas Gomez,USA,IL,Corporate
4339,Ruth Smith,USA,NY,Corporate
11912,Mary Thornton,USA,AZ,Corporate
64,Mary Reynolds,USA,IL,Corporate
6305,Mary Smith,USA,MI,Corporate
5561,Jerry Garner,USA,WV,Corporate
6043,Amanda Robinson,USA,MI,Corporate
2452,Mary Mata,USA,NM,Corporate
6789,Jessica Mcintosh,USA,FL,Corporate
1170,Daniel Villarreal,USA,NJ,Corporate
12,Christopher Smith,USA,TX,Corporate
325,Mary Smith,USA,DC,Corporate
7886,Kenneth Smith,USA,OR,Corporate
1265,Albert Jones,USA,CA,Corporate
3267,Teresa Smith,USA,VA,Corporate
12378,Sara Smith,USA,OR,Corporate
6261,David Smith,USA,CA,Corporate
6688,Mary Smith,USA,CA,Corporate
7732,Jerry Smith,USA,NY,Corporate
1870,Tiffany Greer,USA,TX,Corporate
2705,Mary Smith,USA,PA,Corporate
8683,Samantha Smith,USA,MA,Corporate
7794,Jennifer Compton,USA,IL,Corporate
11702,Tiffany Jimenez,USA,MA,Corporate
7792,Zachary Huber,USA,CA,Corporate
6386,Mary Smith,USA,CA,Corporate
371,Adam Marquez,USA,TX,Corporate
10184,John Walter,USA,MI,Corporate
1081,Mary Martin,USA,CA,Corporate
4696,Mary Smith,USA,MO,Corporate
3623,Scott Smith,USA,NJ,Corporate
1537,Linda Murray,USA,FL,Corporate
2187,Mary Smith,USA,CA,Corporate
4139,Michelle Cross,USA,CA,Corporate
11992,Mary Williamson,USA,OH,Corporate
4736,Zachary Collins,USA,LA,Corporate
10218,Mary Romero,USA,CA,Corporate
1985,Lisa Hudson,USA,TX,Corporate
1741,Joseph Smith,USA,CA,Corporate
9003,Judy Duran,USA,SC,Corporate
3862,Jordan Lopez,USA,CA,Corporate
3274,Mary Smith,USA,IL,Corporate
9654,Judy Romero,USA,OH,Corporate
10540,Virginia Zuniga,USA,VA,Corporate
3075,Jonathan Peterson,USA,IL,Corporate
567,Donna Smith,USA,NV,Corporate
7598,Mary Gonzalez,USA,TX,Corporate
11819,Jerry Vincent,USA,HI,Corporate
6343,Nicole Tanner,USA,VA,Corporate
1385,Catherine Smith,USA,CO,Corporate
3609,James Waters,USA,FL,Corporate
6046,Brandon Merritt,USA,TX,Corporate
8126,Mary Smith,USA,PA,Corporate
11719,Kelly Shepherd,USA,IL,Corporate
11695,Kathryn Becker,USA,IL,Corporate
10037,Kenneth Price,USA,TX,Corporate
7542,Mary Moss,USA,NY,Corporate
5433,Mary Flores,USA,OH,Corporate
3482,Mary Horton,USA,VA,Corporate
9899,Eric Smith,USA,CA,Corporate
5572,Richard Smith,USA,CA,Corporate
5069,Mary Martin,USA,FL,Corporate
12376,Mary Ortega,USA,CA,Corporate
3361,Virginia Smith,USA,CA,Corporate
4266,Mary Edwards,USA,FL,Corporate
6957,James Knight,USA,CA,Corporate
9063,Dylan Smith,USA,NY,Corporate
6731,Carol Smith,USA,CA,Corporate
4757,George Smith,USA,LA,Corporate
3541,Jeremy Smith,USA,GA,Corporate
1682,Mary Hall,USA,NY,Corporate
11411,Kyle Garcia,USA,AZ,Corporate
8592,Justin Valenzuela,USA,IL,Corporate
5219,Patrick Smith,USA,FL,Corporate
6888,Cynthia Mendoza,USA,CA,Corporate
5999,Randy Smith,USA,CA,Corporate
5041,Mary Smith,USA,OH,Corporate
8033,Timothy Estes,USA,FL,Corporate
2156,Mary Smith,USA,CA,Corporate
8877,Crystal Stevens,USA,CA,Corporate
2889,Tyler Smith,USA,FL,Corporate
9707,Mary Bradley,USA,NY,Corporate
1589,Matthew Brennan,USA,OH,Corporate
11115,Michelle Smith,USA,PA,Corporate
4710,Mary Briggs,USA,CA,Corporate
1917,Mary Nash,USA,CA,Corporate
2296,Robert Smith,USA,AZ,Corporate
11287,Richard Richmond,USA,TX,Corporate
6053,David Smith,USA,NY,Corporate
5704,Matthew Smith,USA,MA,Corporate
8653,Amanda Smith,USA,MO,Corporate
8321,Kenneth Smith,USA,TX,Corporate
2765,Donald Osborn,USA,VA,Corporate
9448,David Nichols,USA,TX,Corporate
812,Mary Smith,USA,NY,Corporate
2839,Carol Smith,USA,GA,Corporate
5431,Judith Peck,USA,CA,Corporate
4988,Michelle Pierce,USA,DC,Corporate
9045,Christopher Townsend,USA,IL,Corporate
11488,Mary Foster,USA,OR,Corporate
12135,Danielle Shepard,USA,IL,Corporate
626,Mary Weeks,USA,TX,Corporate
6962,Jerry Sandoval,USA,IL,Corporate
5803,Rebecca Stewart,USA,NY,Corporate
2094,Mary Smith,USA,OR,Corporate
3957,Thomas Smith,USA,MD,Corporate
11001,Jean Maxwell,USA,CA,Corporate
5958,Mary Brown,USA,CA,Corporate
7157,Joseph Smith,USA,CA,Corporate
9763,Mary Dean,USA,TX,Corporate
11295,Mary Ayala,USA,CA,Corporate
10980,Victoria Bowen,USA,IL,Corporate
224,Mary Hernandez,USA,WV,Corporate
4411,Kathy Smith,USA,MA,Corporate
10696,Mary Taylor,USA,HI,Corporate
1652,Mary Hines,USA,NC,Corporate
3159,Mary Hill,USA,OH,Corporate
11173,Kathleen Mayer,USA,CT,Corporate
12133,Nicholas Vazquez,USA,HI,Corporate
5362,Brenda Hendricks,USA,CT,Corporate
4915,Matthew Juarez,USA,FL,Corporate
10117,Julie Wilson,USA,HI,Corporate
11794,Anthony Smith,USA,NY,Corporate
7187,Karen Smith,USA,NC,Corporate
6354,Matthew Jordan,USA,CA,Corporate
8694,Nancy Smith,USA,FL,Corporate
682,Emma Smith,USA,CA,Corporate
11071,Mary Smith,USA,NY,Corporate
3005,Michael Delgado,USA,CA,Corporate
2562,Mary Anderson,USA,NC,Corporate
213,Mary Mclaughlin,USA,CT,Corporate
10138,Louis Kennedy,USA,MA,Corporate
11314,Ashley Mclaughlin,USA,CA,Corporate
8657,Raymond Smith,USA,GA,Corporate
6963,Mary Smith,USA,TX,Corporate
10676,Madison Jackson,USA,IL,Corporate
9930,Nathan Smith,USA,MI,Corporate
3310,Robert Porter,USA,IL,Corporate
8500,Mary Reeves,USA,NY,Corporate
10812,Mary Powell,USA,NM,Corporate
7657,Christian Vargas,USA,CA,Corporate
8008,Mary Delacruz,USA,CA,Corporate
5148,Grace Smith,USA,OH,Corporate
2050,Mary Jacobs,USA,PA,Corporate
1703,Hannah White,USA,AL,Corporate
2184,Randy Johnson,USA,CA,Corporate
10566,John Mckee,USA,CA,Corporate
8367,Mary Kane,USA,DE,Corporate
783,Cheryl Kent,USA,CO,Corporate
6896,Donna Smith,USA,CA,Corporate
946,Mary Smith,USA,CA,Corporate
12302,Donald Sampson,USA,TX,Corporate
7978,Amber Santos,USA,IL,Corporate
53,Katherine Smith,USA,GA,Corporate
742,Mary Park,USA,CA,Corporate
2926,Donald Smith,USA,NY,Corporate
11888,Frank Barrett,USA,CA,Corporate
5629,Mary Carey,USA,AZ,Corporate
12106,Mary Smith,USA,CA,Corporate
413,Mary Gordon,USA,MD,Corporate
5876,Kevin Smith,USA,CA,Corporate
821,Daniel Clayton,USA,NJ,Corporate
2992,Mary Smith,USA,OH,Corporate
4291,Mary Finley,USA,NY,Corporate
10843,Cynthia Myers,USA,MO,Corporate
9542,Mary Smith,USA,IL,Corporate
7510,Kathryn Smith,USA,NM,Corporate
8621,Cynthia Davila,USA,OR,Corporate
3757,Matthew Fuller,USA,CA,Corporate
11331,Mary Macdonald,USA,MI,Corporate
11320,Mary Jones,USA,CA,Corporate
2436,Kevin Park,USA,NM,Corporate
1141,Mary Koch,USA,MI,Corporate
10619,Shirley Smith,USA,NY,Corporate
5527,Joshua Smith,USA,CA,Corporate
3149,Edward Dennis,USA,TX,Corporate
10207,Janet Smith,USA,TN,Corporate
7848,Jessica Smith,USA,NC,Corporate
3434,Jane Cruz,USA,NC,Corporate
933,Mary Smith,USA,NJ,Corporate
7983,Heather Merritt,USA,NY,Corporate
5463,Mary Schultz,USA,WI,Corporate
4860,Mary Wiggins,USA,CO,Corporate
11735,Mary Acevedo,USA,TX,Corporate
11460,Richard Payne,USA,NY,Corporate
592,Mary Huynh,USA,MI,Corporate
6672,Mary Conrad,USA,FL,Corporate
2613,Mary Little,USA,IL,Corporate
4888,Mary Berry,USA,CA,Corporate
7841,Joseph Mcintyre,USA,NY,Corporate
1776,Mary Howard,USA,AZ,Corporate
7287,Russell Guzman,Puerto Rico,PR,Home Office
3196,Diane Ferguson,Puerto Rico,PR,Home Office
5162,Mary Smith,Puerto Rico,PR,Home Office
10683,Mary Henry,Puerto Rico,PR,Home Office
1710,Mary Kane,Puerto Rico,PR,Home Office
10871,Teresa Smith,Puerto Rico,PR,Home Office
7589,Mary Smith,Puerto Rico,PR,Home Office
7426,Stephen Nelson,Puerto Rico,PR,Home Office
11619,Mary Anderson,Puerto Rico,PR,Home Office
73,Mary Smith,Puerto Rico,PR,Home Office
5486,Mary Smith,Puerto Rico,PR,Home Office
3981,Mary Richards,Puerto Rico,PR,Home Office
5684,Mary Harmon,Puerto Rico,PR,Home Office
7417,Mary Soto,Puerto Rico,PR,Home Office
11316,Jonathan Keith,Puerto Rico,PR,Home Office
4056,Mary Smith,Puerto Rico,PR,Home Office
11458,Rachel Bernard,Puerto Rico,PR,Home Office
1822,Charles Smith,Puerto Rico,PR,Home Office
14846,Jolene Kelley,Puerto Rico,PR,Home Office
13273,Cathleen Mullins,Puerto Rico,PR,Home Office
13216,Helen Miles,Puerto Rico,PR,Home Office
14570,Whoopi Fry,Puerto Rico,PR,Home Office
1104,Linda Morales,Puerto Rico,PR,Home Office
13667,Gisela Joyner,Puerto Rico,PR,Home Office
8046,Mary Bernard,Puerto Rico,PR,Home Office
5304,Mary Smith,Puerto Rico,PR,Home Office
10351,Teresa Gray,Puerto Rico,PR,Home Office
12686,Sybill England,Puerto Rico,PR,Home Office
13129,Signe Riddle,Puerto Rico,PR,Home Office
13016,Simone Knapp,Puerto Rico,PR,Home Office
14584,Kyla Lawrence,Puerto Rico,PR,Home Office
7267,Benjamin Smith,Puerto Rico,PR,Home Office
921,Mary Smith,Puerto Rico,PR,Home Office
5264,Mary Smith,Puerto Rico,PR,Home Office
7142,Jacqueline Rogers,Puerto Rico,PR,Home Office
14844,Ainsley Sweeney,Puerto Rico,PR,Home Office
4378,William Smith,Puerto Rico,PR,Home Office
5568,Eric Smith,Puerto Rico,PR,Home Office
9711,Denise Smith,Puerto Rico,PR,Home Office
96,Virginia Smith,Puerto Rico,PR,Home Office
12557,Xandra Wells,Puerto Rico,PR,Home Office
15101,Lesley Shields,Puerto Rico,PR,Home Office
12915,Madeline Bowen,Puerto Rico,PR,Home Office
9360,Scott Smith,Puerto Rico,PR,Home Office
390,Mary Smith,Puerto Rico,PR,Home Office
11052,Jason Ashley,Puerto Rico,PR,Home Office
890,Danielle Smith,Puerto Rico,PR,Home Office
7891,James Wilson,Puerto Rico,PR,Home Office
9504,Mary Smith,Puerto Rico,PR,Home Office
8833,Mary Smith,Puerto Rico,PR,Home Office
8418,Nathan Brooks,Puerto Rico,PR,Home Office
3778,Robert Tate,Puerto Rico,PR,Home Office
5436,Mary Jones,Puerto Rico,PR,Home Office
202,Sharon Smith,Puerto Rico,PR,Home Office
2179,Mary Duncan,Puerto Rico,PR,Home Office
8306,Sarah Walters,Puerto Rico,PR,Home Office
9362,Jason Smith,Puerto Rico,PR,Home Office
9715,Mary Smith,Puerto Rico,PR,Home Office
1161,Justin Smith,Puerto Rico,PR,Home Office
20634,Heidi Warner,Puerto Rico,PR,Home Office
16108,Macy Conrad,Puerto Rico,PR,Home Office
19257,Sacha Walton,Puerto Rico,PR,Home Office
5191,Elizabeth Wells,Puerto Rico,PR,Home Office
10988,Mary Chen,Puerto Rico,PR,Home Office
5349,Kenneth Martin,Puerto Rico,PR,Home Office
20533,Iris Mcgee,Puerto Rico,PR,Home Office
8971,Mary Gill,Puerto Rico,PR,Home Office
3356,Lori Mcintosh,Puerto Rico,PR,Home Office
9845,Mary Moore,Puerto Rico,PR,Home Office
17933,Kessie Perry,Puerto Rico,PR,Home Office
20740,Aphrodite Fernandez,Puerto Rico,PR,Home Office
214,Lauren Booth,Puerto Rico,PR,Home Office
11879,Andrea Morrison,Puerto Rico,PR,Home Office
17554,Donna Sweeney,Puerto Rico,PR,Home Office
20295,Imelda Beard,Puerto Rico,PR,Home Office
16216,Maggy Potts,Puerto Rico,PR,Home Office
18902,Lacy Wooten,Puerto Rico,PR,Home Office
17896,Melyssa Dennis,Puerto Rico,PR,Home Office
18216,Sacha Jensen,Puerto Rico,PR,Home Office
18085,Dakota Kelley,Puerto Rico,PR,Home Office
19101,Rosalyn Gillespie,Puerto Rico,PR,Home Office
18871,Aretha Delgado,Puerto Rico,PR,Home Office
17946,Chloe Mclean,Puerto Rico,PR,Home Office
15291,Dawn Burnett,Puerto Rico,PR,Home Office
20153,Illana Erickson,Puerto Rico,PR,Home Office
20149,Courtney Banks,Puerto Rico,PR,Home Office
16214,Elaine Gilbert,Puerto Rico,PR,Home Office
20031,Sophia Mcneil,Puerto Rico,PR,Home Office
15799,Orli Vang,Puerto Rico,PR,Home Office
10815,Dennis Smith,Puerto Rico,PR,Home Office
11091,Joan Smith,Puerto Rico,PR,Home Office
7156,Mary Terrell,Puerto Rico,PR,Home Office
9728,Hannah Boyle,Puerto Rico,PR,Home Office
1285,Ruth Petersen,Puerto Rico,PR,Home Office
3899,Brandon Smith,Puerto Rico,PR,Home Office
11026,Ashley Lowe,Puerto Rico,PR,Home Office
5590,Frank Williams,Puerto Rico,PR,Home Office
8459,Mary Rivers,Puerto Rico,PR,Home Office
6675,Mary Smith,Puerto Rico,PR,Home Office
61,Margaret Summers,Puerto Rico,PR,Home Office
11950,Daniel Harris,Puerto Rico,PR,Home Office
9732,Nancy Jennings,Puerto Rico,PR,Home Office
6820,Kenneth Smith,Puerto Rico,PR,Home Office
5594,Mary Davidson,Puerto Rico,PR,Home Office
10906,Mary Smith,Puerto Rico,PR,Home Office
11250,Mary Noble,Puerto Rico,PR,Home Office
7888,Elizabeth Smith,Puerto Rico,PR,Home Office
4979,Emily Smith,Puerto Rico,PR,Home Office
4286,Mary Hunter,Puerto Rico,PR,Home Office
2419,Rachel Horn,Puerto Rico,PR,Home Office
12821,Xyla Turner,Puerto Rico,PR,Home Office
6379,Virginia Smith,Puerto Rico,PR,Home Office
9730,Grace Bean,Puerto Rico,PR,Home Office
15063,Kyra Parrish,Puerto Rico,PR,Home Office
12071,Henry Smith,Puerto Rico,PR,Home Office
9952,Jacqueline Smith,Puerto Rico,PR,Home Office
4031,Mary Wall,Puerto Rico,PR,Home Office
3464,Zachary Smith,Puerto Rico,PR,Home Office
8951,Mary Baker,Puerto Rico,PR,Home Office
6629,Mary Dean,Puerto Rico,PR,Home Office
20644,Ila Morse,Puerto Rico,PR,Home Office
20460,Zoe Mccall,Puerto Rico,PR,Home Office
15423,Deanna Colon,Puerto Rico,PR,Home Office
9135,Mary Johnson,Puerto Rico,PR,Home Office
17201,Illiana Langley,Puerto Rico,PR,Home Office
15420,Leigh Graves,Puerto Rico,PR,Home Office
1639,Walter Bowman,Puerto Rico,PR,Home Office
17595,Stella Blanchard,Puerto Rico,PR,Home Office
129,Crystal Smith,Puerto Rico,PR,Home Office
12242,Thomas Smith,Puerto Rico,PR,Home Office
10289,Virginia Ford,Puerto Rico,PR,Home Office
5491,Sharon Smith,Puerto Rico,PR,Home Office
872,Keith Barnes,Puerto Rico,PR,Home Office
5764,William Weiss,Puerto Rico,PR,Home Office
8662,Paul Smith,Puerto Rico,PR,Home Office
348,Mary Smith,Puerto Rico,PR,Home Office
352,Gregory Smith,Puerto Rico,PR,Home Office
15022,Xaviera Chase,Puerto Rico,PR,Home Office
13073,Marah Goodman,Puerto Rico,PR,Home Office
14289,Quail Callahan,Puerto Rico,PR,Home Office
9974,Olivia Smith,Puerto Rico,PR,Home Office
9457,Timothy Smith,Puerto Rico,PR,Home Office
9945,Mary Cameron,Puerto Rico,PR,Home Office
13670,Rose Ryan,Puerto Rico,PR,Home Office
1288,Evelyn Thompson,Puerto Rico,PR,Home Office
13075,Winifred Thornton,Puerto Rico,PR,Home Office
13337,Meredith Bird,Puerto Rico,PR,Home Office
2965,Mary Romero,Puerto Rico,PR,Home Office
7796,Jason Collins,Puerto Rico,PR,Home Office
2361,Mary Richards,Puerto Rico,PR,Home Office
14905,Christine Mooney,Puerto Rico,PR,Home Office
11137,Mary Price,Puerto Rico,PR,Home Office
13706,Lilah Velazquez,Puerto Rico,PR,Home Office
9116,Mary Smith,Puerto Rico,PR,Home Office
12077,Thomas Garcia,Puerto Rico,PR,Home Office
10638,Laura Young,Puerto Rico,PR,Home Office
1923,Kathryn Myers,Puerto Rico,PR,Home Office
2258,Dorothy Parrish,Puerto Rico,PR,Home Office
11142,Sharon Gonzales,Puerto Rico,PR,Home Office
8818,Ruth Miller,Puerto Rico,PR,Home Office
8784,Jonathan Smith,Puerto Rico,PR,Home Office
2580,Carolyn Rowland,Puerto Rico,PR,Home Office
12266,Cynthia Moody,Puerto Rico,PR,Home Office
10346,Shawn Smith,Puerto Rico,PR,Home Office
4985,Deborah Miller,Puerto Rico,PR,Home Office
861,Mary Gentry,Puerto Rico,PR,Home Office
7346,Mary Hughes,Puerto Rico,PR,Home Office
7591,Frances Stanley,Puerto Rico,PR,Home Office
4633,Mary Smith,Puerto Rico,PR,Home Office
19906,Ocean Ortiz,Puerto Rico,PR,Home Office
18175,Xerxes Morgan,Puerto Rico,PR,Home Office
16462,Ocean Levine,Puerto Rico,PR,Home Office
15696,Jolene Craft,Puerto Rico,PR,Home Office
5354,William King,Puerto Rico,PR,Home Office
3516,Elizabeth Smith,Puerto Rico,PR,Home Office
15209,Kylynn Cote,Puerto Rico,PR,Home Office
19820,Brenna Fischer,Puerto Rico,PR,Home Office
16599,Josephine Little,Puerto Rico,PR,Home Office
15775,Destiny Mccoy,Puerto Rico,PR,Home Office
7833,Patrick Herrera,Puerto Rico,PR,Home Office
20667,Illana Mccormick,Puerto Rico,PR,Home Office
15952,Kimberly Lopez,Puerto Rico,PR,Home Office
18651,Emma Benton,Puerto Rico,PR,Home Office
5376,Mary Smith,Puerto Rico,PR,Home Office
10123,Andrea Harrison,Puerto Rico,PR,Home Office
8856,Donald Smith,Puerto Rico,PR,Home Office
10168,Mary Mcconnell,Puerto Rico,PR,Home Office
19861,Iona Hobbs,Puerto Rico,PR,Home Office
16306,Melanie Kennedy,Puerto Rico,PR,Home Office
19818,Mariko Campbell,Puerto Rico,PR,Home Office
17628,Sydnee Beck,Puerto Rico,PR,Home Office
24,Mary Smith,Puerto Rico,PR,Home Office
5344,Jacqueline Smith,Puerto Rico,PR,Home Office
3743,Mary Buchanan,Puerto Rico,PR,Home Office
4962,Arthur Smith,Puerto Rico,PR,Home Office
10406,Michael Smith,Puerto Rico,PR,Home Office
3165,Nancy Haynes,Puerto Rico,PR,Home Office
2283,Doris Reeves,Puerto Rico,PR,Home Office
1687,Jerry Ellis,Puerto Rico,PR,Home Office
11662,Mary Smith,Puerto Rico,PR,Home Office
5009,Aaron Smith,Puerto Rico,PR,Home Office
10626,Emma Anderson,Puerto Rico,PR,Home Office
4188,Mary Smith,Puerto Rico,PR,Home Office
3501,Rachel Davila,Puerto Rico,PR,Home Office
10185,Austin Buck,Puerto Rico,PR,Home Office
10504,Mary Hill,Puerto Rico,PR,Home Office
1684,Anna Smith,Puerto Rico,PR,Home Office
9694,Kimberly Smith,Puerto Rico,PR,Home Office
1349,John Wood,Puerto Rico,PR,Home Office
5315,Tammy Thomas,Puerto Rico,PR,Home Office
3568,Madison Smith,Puerto Rico,PR,Home Office
1890,Margaret Smith,Puerto Rico,PR,Home Office
8946,Ryan Smith,Puerto Rico,PR,Home Office
6822,Diana Smith,Puerto Rico,PR,Home Office
6358,Mary Ortega,Puerto Rico,PR,Home Office
10300,Daniel Glover,Puerto Rico,PR,Home Office
8129,Jesse Joyce,Puerto Rico,PR,Home Office
9296,Christian Wilson,Puerto Rico,PR,Home Office
5681,Heather Green,Puerto Rico,PR,Home Office
8462,Helen Smith,Puerto Rico,PR,Home Office
13748,Renee Lynn,Puerto Rico,PR,Home Office
9772,Terry Washington,Puerto Rico,PR,Home Office
3782,Mary Serrano,Puerto Rico,PR,Home Office
14292,Daria Wong,Puerto Rico,PR,Home Office
14395,Kylynn Durham,Puerto Rico,PR,Home Office
14080,Shay Cline,Puerto Rico,PR,Home Office
13168,Maite Mejia,Puerto Rico,PR,Home Office
13150,Mary Barry,Puerto Rico,PR,Home Office
12026,George Smith,Puerto Rico,PR,Home Office
6806,Catherine Guerra,Puerto Rico,PR,Home Office
2077,Ann Smith,Puerto Rico,PR,Home Office
1704,Tammy Sandoval,Puerto Rico,PR,Home Office
11479,Debra Johnson,Puerto Rico,PR,Home Office
13906,Anjolie Barnes,Puerto Rico,PR,Home Office
14833,Signe Frye,Puerto Rico,PR,Home Office
10024,Mary Shelton,Puerto Rico,PR,Home Office
3607,Marie Smith,Puerto Rico,PR,Home Office
11666,Johnny Smith,Puerto Rico,PR,Home Office
14719,Brianna William,Puerto Rico,PR,Home Office
11798,Ralph Mitchell,Puerto Rico,PR,Home Office
1895,George Myers,Puerto Rico,PR,Home Office
1412,Johnny Frazier,Puerto Rico,PR,Home Office
2201,Benjamin Ortiz,Puerto Rico,PR,Home Office
858,Robert Smith,Puerto Rico,PR,Home Office
6173,Amanda Lewis,Puerto Rico,PR,Home Office
15012,Camilla King,Puerto Rico,PR,Home Office
15076,Melodie Levine,Puerto Rico,PR,Home Office
14364,Phyllis Conley,Puerto Rico,PR,Home Office
14256,Olympia Norman,Puerto Rico,PR,Home Office
14398,Rylee Hardin,Puerto Rico,PR,Home Office
14245,Violet Key,Puerto Rico,PR,Home Office
13494,Reagan Kelley,Puerto Rico,PR,Home Office
12365,Mary Pearson,Puerto Rico,PR,Home Office
12780,Melinda Grimes,Puerto Rico,PR,Home Office
2032,Douglas Smith,Puerto Rico,PR,Home Office
3780,Mary Smith,Puerto Rico,PR,Home Office
14746,Frances Anderson,Puerto Rico,PR,Home Office
12790,Fatima Todd,Puerto Rico,PR,Home Office
2848,Mary Smith,Puerto Rico,PR,Home Office
12788,Dacey Mccullough,Puerto Rico,PR,Home Office
3217,Mary Smith,Puerto Rico,PR,Home Office
7428,Mary Gomez,Puerto Rico,PR,Home Office
5748,Shawn Mann,Puerto Rico,PR,Home Office
2604,Betty Garrett,Puerto Rico,PR,Home Office
10384,Mary Wiley,Puerto Rico,PR,Home Office
7400,Benjamin Smith,Puerto Rico,PR,Home Office
765,Diane Miller,Puerto Rico,PR,Home Office
1110,Kimberly Buchanan,Puerto Rico,PR,Consumer
8436,Mary King,Puerto Rico,PR,Consumer
8724,Michael House,Puerto Rico,PR,Consumer
11717,Larry Snyder,Puerto Rico,PR,Consumer
2950,Mary Hayes,Puerto Rico,PR,Consumer
3284,Mary Smith,Puerto Rico,PR,Consumer
2128,Mary Weiss,Puerto Rico,PR,Consumer
9344,Kelly Smith,Puerto Rico,PR,Consumer
5771,Mary Mcmahon,Puerto Rico,PR,Consumer
11269,Mary Smith,Puerto Rico,PR,Consumer
12088,Mary Smith,Puerto Rico,PR,Consumer
7001,Mary Weeks,Puerto Rico,PR,Consumer
1486,Mary Valentine,Puerto Rico,PR,Consumer
7572,Mary Smith,Puerto Rico,PR,Consumer
12099,Mary Bruce,Puerto Rico,PR,Consumer
7487,Angela Smith,Puerto Rico,PR,Consumer
3431,Mary Berger,Puerto Rico,PR,Consumer
10622,Mary Hoover,Puerto Rico,PR,Consumer
1931,John Smith,Puerto Rico,PR,Consumer
2262,Jose Walsh,Puerto Rico,PR,Consumer
1544,Brittany Marquez,Puerto Rico,PR,Consumer
660,Shirley Baker,Puerto Rico,PR,Consumer
5937,William Costa,Puerto Rico,PR,Consumer
7124,Roger Baker,Puerto Rico,PR,Consumer
11866,Mary Smith,Puerto Rico,PR,Consumer
5399,Jean Smith,Puerto Rico,PR,Consumer
3747,Mary Lloyd,Puerto Rico,PR,Consumer
7747,Mary Haynes,Puerto Rico,PR,Consumer
11182,Sharon Barker,Puerto Rico,PR,Consumer
10136,Cynthia Becker,Puerto Rico,PR,Consumer
8791,Beverly Ali,Puerto Rico,PR,Consumer
8584,Mary Smith,Puerto Rico,PR,Consumer
8242,Mary Harris,Puerto Rico,PR,Consumer
1302,Alice Edwards,Puerto Rico,PR,Consumer
2929,Mary Smith,Puerto Rico,PR,Consumer
8711,Mary Smith,Puerto Rico,PR,Consumer
1044,Linda Pope,Puerto Rico,PR,Consumer
10401,Mary Smith,Puerto Rico,PR,Consumer
7024,Jerry Smith,Puerto Rico,PR,Consumer
8493,Mark Pena,Puerto Rico,PR,Consumer
2793,Mary Smith,Puerto Rico,PR,Consumer
3288,Stephanie Smith,Puerto Rico,PR,Consumer
11123,Samantha Miller,Puerto Rico,PR,Consumer
8057,Lisa Smith,Puerto Rico,PR,Consumer
2004,Jeffrey Mclaughlin,Puerto Rico,PR,Consumer
11305,Mary Hartman,Puerto Rico,PR,Consumer
12425,Mary Smith,Puerto Rico,PR,Consumer
8743,Douglas Smith,Puerto Rico,PR,Consumer
3556,Mary Lane,Puerto Rico,PR,Consumer
7754,Kevin Horn,Puerto Rico,PR,Consumer
10923,Thomas Reese,Puerto Rico,PR,Consumer
1871,Mary Mcknight,Puerto Rico,PR,Consumer
11839,Mary Maxwell,Puerto Rico,PR,Consumer
10946,Susan Vincent,Puerto Rico,PR,Consumer
6584,Mary Smith,Puerto Rico,PR,Consumer
2365,Sara Smith,Puerto Rico,PR,Consumer
11302,Joyce Atkins,Puerto Rico,PR,Consumer
152,Mary Smith,Puerto Rico,PR,Consumer
879,Joseph Thomas,Puerto Rico,PR,Consumer
6444,John Smith,Puerto Rico,PR,Consumer
3857,Robert Everett,Puerto Rico,PR,Consumer
1972,Marilyn Smith,Puerto Rico,PR,Consumer
10829,Anthony Smith,Puerto Rico,PR,Consumer
9384,Mary Anderson,Puerto Rico,PR,Consumer
6181,David Lucas,Puerto Rico,PR,Consumer
749,Jesse Matthews,Puerto Rico,PR,Consumer
8378,Mary Smith,Puerto Rico,PR,Consumer
4914,Mary Curtis,Puerto Rico,PR,Consumer
5587,Brandon Williams,Puerto Rico,PR,Consumer
1621,Grace Jefferson,Puerto Rico,PR,Consumer
12258,Kevin Smith,Puerto Rico,PR,Consumer
4230,Douglas Allison,Puerto Rico,PR,Consumer
8981,Mary Bennett,Puerto Rico,PR,Consumer
12388,Donna Smith,Puerto Rico,PR,Consumer
85,Mary Perez,Puerto Rico,PR,Consumer
681,Mary Sutton,Puerto Rico,PR,Consumer
2119,Angela Hale,Puerto Rico,PR,Consumer
6996,Justin Spence,Puerto Rico,PR,Consumer
3936,Mary Fernandez,Puerto Rico,PR,Consumer
12305,Stephanie Leblanc,Puerto Rico,PR,Consumer
6440,Jessica Smith,Puerto Rico,PR,Consumer
9482,Mary Clayton,Puerto Rico,PR,Consumer
11010,Brittany Mclaughlin,Puerto Rico,PR,Consumer
7838,Margaret Williams,Puerto Rico,PR,Consumer
4128,Mary Simmons,Puerto Rico,PR,Consumer
7343,Mary Smith,Puerto Rico,PR,Consumer
4509,Mary Smith,Puerto Rico,PR,Consumer
5782,Mary Hardin,Puerto Rico,PR,Consumer
8861,Mary Smith,Puerto Rico,PR,Consumer
5250,Donald Smith,Puerto Rico,PR,Consumer
5251,Stephen Potts,Puerto Rico,PR,Consumer
3672,James Park,Puerto Rico,PR,Consumer
9035,Christian Smith,Puerto Rico,PR,Consumer
6078,Roger Clark,Puerto Rico,PR,Consumer
5718,Philip Nixon,Puerto Rico,PR,Consumer
1154,Sarah Smith,Puerto Rico,PR,Consumer
4297,Mary Torres,Puerto Rico,PR,Consumer
11755,Mary Jackson,Puerto Rico,PR,Consumer
3859,Mary Robinson,Puerto Rico,PR,Consumer
5286,Mary Smith,Puerto Rico,PR,Consumer
11278,Brandon Smith,Puerto Rico,PR,Consumer
6928,Heather Smith,Puerto Rico,PR,Consumer
8277,Mary Sanford,Puerto Rico,PR,Consumer
12217,Mary Odonnell,Puerto Rico,PR,Consumer
1193,Mary Smith,Puerto Rico,PR,Consumer
7257,Jacqueline Smith,Puerto Rico,PR,Consumer
4664,Mary Cole,Puerto Rico,PR,Consumer
1538,Mary Smith,Puerto Rico,PR,Consumer
10426,Patrick Flynn,Puerto Rico,PR,Consumer
7062,Jack Hines,Puerto Rico,PR,Consumer
2940,Mary Smith,Puerto Rico,PR,Consumer
9140,Jessica Smith,Puerto Rico,PR,Consumer
5753,Mary Arellano,Puerto Rico,PR,Consumer
8093,Patricia Cook,Puerto Rico,PR,Consumer
3167,Janice Ward,Puerto Rico,PR,Consumer
13275,Aphrodite Little,Puerto Rico,PR,Consumer
14113,Rinah Landry,Puerto Rico,PR,Consumer
14184,Kirby Albert,Puerto Rico,PR,Consumer
14309,Whitney Durham,Puerto Rico,PR,Consumer
13165,Myra Wong,Puerto Rico,PR,Consumer
14628,Kirsten Cook,Puerto Rico,PR,Consumer
14466,Tatyana Mendoza,Puerto Rico,PR,Consumer
13056,Alyssa Cole,Puerto Rico,PR,Consumer
14663,Cally Moody,Puerto Rico,PR,Consumer
14109,Alea Reid,Puerto Rico,PR,Consumer
13378,Shelley Herrera,Puerto Rico,PR,Consumer
13306,Chelsea Mercado,Puerto Rico,PR,Consumer
14234,Brynne Smith,Puerto Rico,PR,Consumer
14162,Darryl Mcguire,Puerto Rico,PR,Consumer
14516,Simone Brewer,Puerto Rico,PR,Consumer
13233,Winter Norman,Puerto Rico,PR,Consumer
14107,Iola Baker,Puerto Rico,PR,Consumer
14678,Zia Mccarthy,Puerto Rico,PR,Consumer
13430,Remedios Nguyen,Puerto Rico,PR,Consumer
14230,Abra Vance,Puerto Rico,PR,Consumer
13266,Lee Carpenter,Puerto Rico,PR,Consumer
14494,Constance Jennings,Puerto Rico,PR,Consumer
14319,Unity Carr,Puerto Rico,PR,Consumer
13516,Clio Hood,Puerto Rico,PR,Consumer
12976,Brynne Estrada,Puerto Rico,PR,Consumer
14210,Libby Charles,Puerto Rico,PR,Consumer
13299,Mona Drake,Puerto Rico,PR,Consumer
13425,Lois Espinoza,Puerto Rico,PR,Consumer
13064,Lynn Baldwin,Puerto Rico,PR,Consumer
14370,Chloe Huber,Puerto Rico,PR,Consumer
14208,Illiana Burnett,Puerto Rico,PR,Consumer
14190,Xyla Townsend,Puerto Rico,PR,Consumer
14333,Anika Phelps,Puerto Rico,PR,Consumer
14243,Juliet Dickerson,Puerto Rico,PR,Consumer
13387,Ainsley Foley,Puerto Rico,PR,Consumer
14387,Madeline Christensen,Puerto Rico,PR,Consumer
14315,Audrey Mcfarland,Puerto Rico,PR,Consumer
14117,Jade Pate,Puerto Rico,PR,Consumer
12972,Kellie Brennan,Puerto Rico,PR,Consumer
13422,Blythe Hays,Puerto Rico,PR,Consumer
13475,Britanney Cote,Puerto Rico,PR,Consumer
13043,Jillian Marsh,Puerto Rico,PR,Consumer
14133,Myra Trevino,Puerto Rico,PR,Consumer
14384,Renee Noel,Puerto Rico,PR,Consumer
14168,Piper Blackwell,Puerto Rico,PR,Consumer
10113,Frances Ward,Puerto Rico,PR,Consumer
6881,Mary Arnold,Puerto Rico,PR,Consumer
1847,Mary Smith,Puerto Rico,PR,Consumer
5663,Jennifer Smith,Puerto Rico,PR,Consumer
3219,Mary French,Puerto Rico,PR,Consumer
5260,Mary Hartman,Puerto Rico,PR,Consumer
8535,Richard Quinn,Puerto Rico,PR,Consumer
465,Shawn Smith,Puerto Rico,PR,Consumer
11681,Roy Jackson,Puerto Rico,PR,Consumer
4211,Mary Smith,Puerto Rico,PR,Consumer
7258,Mary Clark,Puerto Rico,PR,Consumer
9046,Evelyn Smith,Puerto Rico,PR,Consumer
554,Mary Branch,Puerto Rico,PR,Consumer
7092,Jacob Smith,Puerto Rico,PR,Consumer
11104,Daniel Smith,Puerto Rico,PR,Consumer
10479,Mary Gaines,Puerto Rico,PR,Consumer
10564,Ralph Oliver,Puerto Rico,PR,Consumer
6198,Jeremy Smith,Puerto Rico,PR,Consumer
9388,David Horn,Puerto Rico,PR,Consumer
9515,Victoria Smith,Puerto Rico,PR,Consumer
3960,Mary Smith,Puerto Rico,PR,Consumer
11905,Christina Garcia,Puerto Rico,PR,Consumer
13609,Florence Carlson,Puerto Rico,PR,Consumer
4849,Teresa Baxter,Puerto Rico,PR,Consumer
7940,Mary Mejia,Puerto Rico,PR,Consumer
10449,Mary Smith,Puerto Rico,PR,Consumer
11228,Michael Trujillo,Puerto Rico,PR,Consumer
14040,Maxine Salazar,Puerto Rico,PR,Consumer
11659,Steven Gonzalez,Puerto Rico,PR,Consumer
7031,Virginia Smith,Puerto Rico,PR,Consumer
10972,Mary Smith,Puerto Rico,PR,Consumer
970,Mary Alvarez,Puerto Rico,PR,Consumer
9180,Dorothy Zamora,Puerto Rico,PR,Consumer
6844,Mary Hicks,Puerto Rico,PR,Consumer
13805,Shoshana William,Puerto Rico,PR,Consumer
8684,Tiffany Brown,Puerto Rico,PR,Consumer
13967,Nomlanga Hays,Puerto Rico,PR,Consumer
2254,Sarah Smith,Puerto Rico,PR,Consumer
1229,Mary Brewer,Puerto Rico,PR,Consumer
8280,Mary Tyler,Puerto Rico,PR,Consumer
5234,Shirley Humphrey,Puerto Rico,PR,Consumer
6609,Betty Orr,Puerto Rico,PR,Consumer
6643,Nicholas Smith,Puerto Rico,PR,Consumer
6278,Mary Brown,Puerto Rico,PR,Consumer
13840,Stella Walls,Puerto Rico,PR,Consumer
9487,Sandra Ray,Puerto Rico,PR,Consumer
10996,Mary Smith,Puerto Rico,PR,Consumer
5990,Mary Summers,Puerto Rico,PR,Consumer
12795,Shannon Carson,Puerto Rico,PR,Consumer
13732,Carolyn Fisher,Puerto Rico,PR,Consumer
2864,Mary Kelly,Puerto Rico,PR,Consumer
3033,Kevin Larsen,Puerto Rico,PR,Consumer
1231,Mary Norman,Puerto Rico,PR,Consumer
2652,Martha Santiago,Puerto Rico,PR,Consumer
5553,Patricia Lewis,Puerto Rico,PR,Consumer
849,Sandra Barker,Puerto Rico,PR,Consumer
2594,David Cortez,Puerto Rico,PR,Consumer
3496,Brittany Holmes,Puerto Rico,PR,Consumer
13857,Freya Long,Puerto Rico,PR,Consumer
8994,Janice Shea,Puerto Rico,PR,Consumer
11997,Jonathan Smith,Puerto Rico,PR,Consumer
3976,Johnny Costa,Puerto Rico,PR,Consumer
14713,Belle Parker,Puerto Rico,PR,Consumer
7506,Tammy Smith,Puerto Rico,PR,Consumer
10306,Mary Smith,Puerto Rico,PR,Consumer
21,William Zimmerman,Puerto Rico,PR,Consumer
9313,Mary Krause,Puerto Rico,PR,Consumer
10670,Mary Smith,Puerto Rico,PR,Consumer
2789,Howard Lindsey,Puerto Rico,PR,Consumer
6167,Larry Ryan,Puerto Rico,PR,Consumer
11786,Mary Macdonald,Puerto Rico,PR,Consumer
290,Mary Garza,Puerto Rico,PR,Consumer
1500,Carol Wilcox,Puerto Rico,PR,Consumer
10139,Mary Gould,Puerto Rico,PR,Consumer
14820,Kim Alexander,Puerto Rico,PR,Consumer
4703,Shirley Lewis,Puerto Rico,PR,Consumer
10642,James Smith,Puerto Rico,PR,Consumer
6018,Mary Smith,Puerto Rico,PR,Consumer
1457,Edward Smith,Puerto Rico,PR,Consumer
9538,Aaron Salazar,Puerto Rico,PR,Consumer
11420,Pamela Smith,Puerto Rico,PR,Consumer
6258,Mary Smith,Puerto Rico,PR,Consumer
11163,Jane Price,Puerto Rico,PR,Consumer
2535,Mary Hart,Puerto Rico,PR,Consumer
6852,Janet Moon,Puerto Rico,PR,Consumer
8374,Mary Myers,Puerto Rico,PR,Consumer
8487,Frances Smith,Puerto Rico,PR,Consumer
318,Samantha Smith,Puerto Rico,PR,Consumer
2869,Margaret Hansen,Puerto Rico,PR,Consumer
12215,Mary Smith,Puerto Rico,PR,Consumer
6905,Matthew Dunn,Puerto Rico,PR,Consumer
10552,Mary Finley,Puerto Rico,PR,Consumer
316,Mary Smith,Puerto Rico,PR,Consumer
8197,Alice Smith,Puerto Rico,PR,Consumer
14836,Karly Moon,Puerto Rico,PR,Consumer
2609,Mary Smith,Puerto Rico,PR,Consumer
9885,Jordan Smith,Puerto Rico,PR,Consumer
12754,Jana Snider,Puerto Rico,PR,Consumer
10973,Debra Sullivan,Puerto Rico,PR,Consumer
13835,Dakota Randolph,Puerto Rico,PR,Consumer
250,Julie Smith,Puerto Rico,PR,Consumer
1706,Joyce Anderson,Puerto Rico,PR,Consumer
7047,Sean Burch,Puerto Rico,PR,Consumer
1013,Frances Smith,Puerto Rico,PR,Consumer
14780,Bertha Jacobs,Puerto Rico,PR,Consumer
13762,Whoopi Griffin,Puerto Rico,PR,Consumer
13690,Ruth Small,Puerto Rico,PR,Consumer
11490,Mary Key,Puerto Rico,PR,Consumer
13924,Catherine Wise,Puerto Rico,PR,Consumer
11418,Mary Smith,Puerto Rico,PR,Consumer
10953,Kevin Smith,Puerto Rico,PR,Consumer
6829,Mary Mcdonald,Puerto Rico,PR,Consumer
8721,James Smith,Puerto Rico,PR,Consumer
2654,Donna Martinez,Puerto Rico,PR,Consumer
7243,Margaret Smith,Puerto Rico,PR,Consumer
12752,Roanna Cervantes,Puerto Rico,PR,Consumer
8091,Emily Powell,Puerto Rico,PR,Consumer
12035,William Mcdaniel,Puerto Rico,PR,Consumer
5275,Alan Smith,Puerto Rico,PR,Consumer
14013,Desiree Morin,Puerto Rico,PR,Consumer
8816,Judith Shepard,Puerto Rico,PR,Consumer
7500,Mary Smith,Puerto Rico,PR,Consumer
12389,Kimberly King,Puerto Rico,PR,Consumer
8246,Johnny Frederick,Puerto Rico,PR,Consumer
11537,Lori Phelps,Puerto Rico,PR,Consumer
8776,Charles West,Puerto Rico,PR,Consumer
8926,Susan Smith,Puerto Rico,PR,Consumer
1439,Mary Clark,Puerto Rico,PR,Consumer
9479,Kelly Smith,Puerto Rico,PR,Consumer
8239,Mary Harrison,Puerto Rico,PR,Consumer
9833,Jacob Smith,Puerto Rico,PR,Consumer
9407,Jason Washington,Puerto Rico,PR,Consumer
9194,Mary Johnson,Puerto Rico,PR,Consumer
2819,Julie Lin,Puerto Rico,PR,Consumer
13994,Nadine Duncan,Puerto Rico,PR,Consumer
8949,Mary Thompson,Puerto Rico,PR,Consumer
5027,Mary Collins,Puerto Rico,PR,Consumer
8432,William Ellis,Puerto Rico,PR,Consumer
11539,Mary Shaffer,Puerto Rico,PR,Consumer
13867,Camille Cote,Puerto Rico,PR,Consumer
8237,Emma Munoz,Puerto Rico,PR,Consumer
12804,Jacqueline Phillips,Puerto Rico,PR,Consumer
2791,Martha Smith,Puerto Rico,PR,Consumer
13759,Jaden Barron,Puerto Rico,PR,Consumer
13561,Piper Everett,Puerto Rico,PR,Consumer
14777,Katell Arnold,Puerto Rico,PR,Consumer
11631,Jennifer Mckenzie,Puerto Rico,PR,Consumer
3774,Mary Smith,Puerto Rico,PR,Consumer
2946,Mary Stanley,Puerto Rico,PR,Consumer
9105,Marie Smith,Puerto Rico,PR,Consumer
7901,Jacob Daniels,Puerto Rico,PR,Consumer
2638,Mary Hardy,Puerto Rico,PR,Consumer
6455,Ethan Brown,Puerto Rico,PR,Consumer
4946,Howard Smith,Puerto Rico,PR,Consumer
2344,Danielle Reid,Puerto Rico,PR,Consumer
3538,Mary Henry,Puerto Rico,PR,Consumer
13740,Madeline Harmon,Puerto Rico,PR,Consumer
976,Shirley Henson,Puerto Rico,PR,Consumer
7616,Mary Mason,Puerto Rico,PR,Consumer
3532,Carolyn Henderson,Puerto Rico,PR,Consumer
5409,Ethan Smith,Puerto Rico,PR,Consumer
3843,Ruth Carter,Puerto Rico,PR,Consumer
9790,Gary Everett,Puerto Rico,PR,Consumer
6937,Betty Wolfe,Puerto Rico,PR,Consumer
14721,Elaine Cherry,Puerto Rico,PR,Consumer
1073,Rachel Holt,Puerto Rico,PR,Consumer
9218,Anna Conrad,Puerto Rico,PR,Consumer
6481,Joe Smith,Puerto Rico,PR,Consumer
12784,Olympia Hurst,Puerto Rico,PR,Consumer
1037,John Smith,Puerto Rico,PR,Consumer
2242,Mary Johnson,Puerto Rico,PR,Consumer
6020,Mary Smith,Puerto Rico,PR,Consumer
9009,Mary Sanchez,Puerto Rico,PR,Consumer
11728,Laura Smith,Puerto Rico,PR,Consumer
8960,Janet Roy,Puerto Rico,PR,Consumer
7950,Paul Smith,Puerto Rico,PR,Consumer
7404,Mary Lynch,Puerto Rico,PR,Consumer
13792,Hilary Moon,Puerto Rico,PR,Consumer
1787,Mary Hancock,Puerto Rico,PR,Consumer
9825,Sandra Johnson,Puerto Rico,PR,Consumer
1364,Mary Kirk,Puerto Rico,PR,Consumer
1115,Henry Smith,Puerto Rico,PR,Consumer
3723,Mary Jones,Puerto Rico,PR,Consumer
7409,Daniel Bowers,Puerto Rico,PR,Consumer
12782,Nayda Blackburn,Puerto Rico,PR,Consumer
13845,Isadora Thomas,Puerto Rico,PR,Consumer
10277,Ann Smith,Puerto Rico,PR,Consumer
7640,Mary Torres,Puerto Rico,PR,Consumer
5288,Timothy Smith,Puerto Rico,PR,Consumer
642,Timothy Vasquez,Puerto Rico,PR,Consumer
14024,Serina Reynolds,Puerto Rico,PR,Consumer
14790,Evelyn Merritt,Puerto Rico,PR,Consumer
2058,Mary Hernandez,Puerto Rico,PR,Consumer
3542,Mary Russell,Puerto Rico,PR,Consumer
9155,Evelyn Smith,Puerto Rico,PR,Consumer
1979,Kimberly Kramer,Puerto Rico,PR,Consumer
12745,Rosalyn Barry,Puerto Rico,PR,Consumer
13880,Oprah Barlow,Puerto Rico,PR,Consumer
12039,Mary Wilson,Puerto Rico,PR,Consumer
11587,Alice Stewart,Puerto Rico,PR,Consumer
4108,Mary Smith,Puerto Rico,PR,Consumer
9150,Mary Osborn,Puerto Rico,PR,Consumer
361,Alexander Shaw,Puerto Rico,PR,Consumer
8174,Jane Simmons,Puerto Rico,PR,Consumer
168,Eric Morris,Puerto Rico,PR,Consumer
11627,Mary Smith,Puerto Rico,PR,Consumer
2496,Mary Smith,Puerto Rico,PR,Consumer
4973,Alan Hubbard,Puerto Rico,PR,Consumer
11176,Rachel Perez,Puerto Rico,PR,Consumer
11477,Kenneth Bowman,Puerto Rico,PR,Consumer
6192,Tyler Singh,Puerto Rico,PR,Consumer
8919,Mary Conner,Puerto Rico,PR,Consumer
11134,Robert Lopez,Puerto Rico,PR,Consumer
2445,Mary Parker,Puerto Rico,PR,Consumer
9019,Carol Davila,Puerto Rico,PR,Consumer
335,Mary Smith,Puerto Rico,PR,Consumer
11705,Ann Ward,Puerto Rico,PR,Consumer
3462,Mary Martinez,Puerto Rico,PR,Consumer
760,Emma Rivas,Puerto Rico,PR,Consumer
8420,Gregory Fitzpatrick,Puerto Rico,PR,Consumer
8516,Mary Hughes,Puerto Rico,PR,Consumer
4307,Mary Mora,Puerto Rico,PR,Consumer
11689,Samantha Parker,Puerto Rico,PR,Consumer
9424,Amanda Moore,Puerto Rico,PR,Consumer
3079,Charles Diaz,Puerto Rico,PR,Consumer
3530,Mary Smith,Puerto Rico,PR,Consumer
4544,Mary Warren,Puerto Rico,PR,Consumer
363,Jennifer Obrien,Puerto Rico,PR,Consumer
11685,Mary Myers,Puerto Rico,PR,Consumer
10078,Mary Jones,Puerto Rico,PR,Consumer
2586,Mary Little,Puerto Rico,PR,Consumer
2961,Mary Diaz,Puerto Rico,PR,Consumer
1453,Deborah Bauer,Puerto Rico,PR,Consumer
10443,Eric Smith,Puerto Rico,PR,Consumer
4953,Pamela Burnett,Puerto Rico,PR,Consumer
6171,Mary Mcdowell,Puerto Rico,PR,Consumer
10663,Nathan Rodriguez,Puerto Rico,PR,Consumer
12254,Donna Smith,Puerto Rico,PR,Consumer
648,Ashley Buck,Puerto Rico,PR,Consumer
4669,Robert Smith,Puerto Rico,PR,Consumer
9954,Emily Smith,Puerto Rico,PR,Consumer
8805,Mary Smith,Puerto Rico,PR,Consumer
7809,Kimberly Kramer,Puerto Rico,PR,Consumer
2044,Cynthia Smith,Puerto Rico,PR,Consumer
9510,Steven Wright,Puerto Rico,PR,Consumer
8573,Mary Torres,Puerto Rico,PR,Consumer
8989,Sarah Aguilar,Puerto Rico,PR,Consumer
5247,Mary Hunter,Puerto Rico,PR,Consumer
12096,Amber Smith,Puerto Rico,PR,Consumer
6442,Amanda Kelly,Puerto Rico,PR,Consumer
2447,Mary Smith,Puerto Rico,PR,Consumer
6253,Mary Peterson,Puerto Rico,PR,Consumer
2422,Mary Sawyer,Puerto Rico,PR,Consumer
2777,Christina Smith,Puerto Rico,PR,Consumer
6471,Mary Day,Puerto Rico,PR,Consumer
10571,Sharon Ingram,Puerto Rico,PR,Consumer
8798,Maria Smith,Puerto Rico,PR,Consumer
11036,Bobby Smith,Puerto Rico,PR,Consumer
9767,Mary Clayton,Puerto Rico,PR,Consumer
5151,Sarah Alexander,Puerto Rico,PR,Consumer
6562,Mary Smith,Puerto Rico,PR,Consumer
11929,Amy Smith,Puerto Rico,PR,Consumer
6921,Willie Stafford,Puerto Rico,PR,Consumer
7799,Susan Olson,Puerto Rico,PR,Consumer
10925,Marie Abbott,Puerto Rico,PR,Consumer
270,Janet Smith,Puerto Rico,PR,Consumer
7695,Mary Brown,Puerto Rico,PR,Consumer
5401,Amber Smith,Puerto Rico,PR,Consumer
11653,William Collins,Puerto Rico,PR,Consumer
9382,Mary Rowe,Puerto Rico,PR,Consumer
3933,Mary Gomez,Puerto Rico,PR,Consumer
4166,Katherine Wise,Puerto Rico,PR,Consumer
4344,Justin Smith,Puerto Rico,PR,Consumer
11299,Henry Smith,Puerto Rico,PR,Consumer
6312,Andrew Smith,Puerto Rico,PR,Consumer
3727,Janet Espinoza,Puerto Rico,PR,Consumer
5566,Theresa Smith,Puerto Rico,PR,Consumer
1019,Benjamin Smith,Puerto Rico,PR,Consumer
6324,Mary Barrera,Puerto Rico,PR,Consumer
12470,Scarlett Little,Puerto Rico,PR,Consumer
12523,Shannon Melton,Puerto Rico,PR,Consumer
12576,Ainsley Ray,Puerto Rico,PR,Consumer
12737,Lareina Potter,Puerto Rico,PR,Consumer
12574,Zena Saunders,Puerto Rico,PR,Consumer
12457,Felicia Fischer,Puerto Rico,PR,Consumer
12618,Selma Camacho,Puerto Rico,PR,Consumer
12545,Kameko Barnett,Puerto Rico,PR,Consumer
12706,Eugenia Franklin,Puerto Rico,PR,Consumer
12741,Alexa Guthrie,Puerto Rico,PR,Consumer
14926,Ina Pope,Puerto Rico,PR,Consumer
12939,Jennifer Serrano,Puerto Rico,PR,Consumer
14996,Quintessa Harrison,Puerto Rico,PR,Consumer
14957,Amanda Osborn,Puerto Rico,PR,Consumer
12863,Jayme Fulton,Puerto Rico,PR,Consumer
15045,Miranda Combs,Puerto Rico,PR,Consumer
12931,Noel Wiley,Puerto Rico,PR,Consumer
12913,Hadley Patel,Puerto Rico,PR,Consumer
15113,Marcia Brown,Puerto Rico,PR,Consumer
15005,Shellie Maldonado,Puerto Rico,PR,Consumer
12875,Hermione Ashley,Puerto Rico,PR,Consumer
14950,Amity Ramirez,Puerto Rico,PR,Consumer
15092,Nicole Ayers,Puerto Rico,PR,Consumer
15110,Maggie Cochran,Puerto Rico,PR,Consumer
15125,Tara Webster,Puerto Rico,PR,Consumer
13419,Cara Cortez,Puerto Rico,PR,Consumer
14128,Alma Lowery,Puerto Rico,PR,Consumer
12964,Evelyn Davenport,Puerto Rico,PR,Consumer
13115,Caryn Fernandez,Puerto Rico,PR,Consumer
5501,Samuel White,Puerto Rico,PR,Consumer
6065,Thomas Simmons,Puerto Rico,PR,Consumer
9737,Benjamin Smith,Puerto Rico,PR,Consumer
5946,Daniel Smith,Puerto Rico,PR,Consumer
10000,Mary Mcfarland,Puerto Rico,PR,Consumer
230,Kimberly Smith,Puerto Rico,PR,Consumer
11897,Virginia Herrera,Puerto Rico,PR,Consumer
7998,Mary Smith,Puerto Rico,PR,Consumer
7759,Jesse Smith,Puerto Rico,PR,Consumer
6866,Wayne Smith,Puerto Rico,PR,Consumer
4614,Mary Smith,Puerto Rico,PR,Consumer
8430,Gloria Smith,Puerto Rico,PR,Consumer
5423,Ruth Brown,Puerto Rico,PR,Consumer
6196,Jennifer Stewart,Puerto Rico,PR,Consumer
3447,Sara Andersen,Puerto Rico,PR,Consumer
4969,Mary Smith,Puerto Rico,PR,Consumer
13594,Mariam Colon,Puerto Rico,PR,Consumer
628,Margaret Olson,Puerto Rico,PR,Consumer
867,Catherine Smith,Puerto Rico,PR,Consumer
257,Mary Harrison,Puerto Rico,PR,Consumer
7607,Scott Smith,Puerto Rico,PR,Consumer
6582,Mary Williams,Puerto Rico,PR,Consumer
6767,Brenda Carey,Puerto Rico,PR,Consumer
5644,Carl Horn,Puerto Rico,PR,Consumer
10282,Mary Roberts,Puerto Rico,PR,Consumer
4309,Elizabeth Gardner,Puerto Rico,PR,Consumer
5459,Mary Chambers,Puerto Rico,PR,Consumer
10635,Donna Torres,Puerto Rico,PR,Consumer
4013,Gloria Thornton,Puerto Rico,PR,Consumer
10912,Mary Smith,Puerto Rico,PR,Consumer
3903,Lori Meyers,USA,OH,Corporate
9625,Mary Jones,USA,NY,Corporate
446,Scott Harris,USA,CA,Corporate
8261,Mary Smith,USA,TX,Corporate
3170,Mary Smith,USA,VA,Corporate
3175,Mary Little,USA,AZ,Corporate
10339,Steven Smith,USA,IL,Corporate
10205,Mary Smith,USA,MI,Corporate
4874,Mary Taylor,USA,WA,Corporate
844,Jessica Price,USA,NV,Corporate
3703,Christine Reynolds,USA,CA,Corporate
7641,Stephen Smith,USA,TX,Corporate
5573,Jordan Ortiz,USA,OH,Corporate
6595,Mary Smith,USA,NY,Corporate
6990,Frank Mathews,USA,NY,Corporate
9615,Charles Smith,USA,CA,Corporate
6553,Larry House,USA,IL,Corporate
1779,Sarah Smith,USA,NY,Corporate
2657,Brian Roberson,USA,PA,Corporate
1183,Philip King,USA,AZ,Corporate
4913,Jerry Smith,USA,TX,Corporate
9489,Danielle Dixon,USA,FL,Corporate
6722,Amy Smith,USA,IL,Corporate
4426,Mary Smith,USA,TX,Corporate
3820,Jessica Carter,USA,OR,Corporate
1909,Mary Smith,USA,CA,Corporate
9837,Marilyn Short,USA,SC,Corporate
5078,Frances Sparks,USA,PA,Corporate
10440,Mary Sellers,USA,NJ,Corporate
4202,Kimberly Griffin,USA,MD,Corporate
9329,Eugene Powell,USA,LA,Corporate
7613,James Smith,USA,CA,Corporate
3189,Bryan Smith,USA,GA,Corporate
11883,Steven Miller,USA,NM,Corporate
10483,Barbara Foster,USA,CA,Corporate
11382,Richard Gordon,USA,CA,Corporate
86,John Smith,USA,TX,Corporate
9237,Mary Fox,USA,CA,Corporate
5356,Mary Rasmussen,USA,OH,Corporate
7604,Jonathan Hill,USA,AZ,Corporate
9655,Mary Shepherd,USA,CA,Corporate
4219,Linda Smith,USA,OH,Corporate
1332,Carolyn Gonzalez,USA,MD,Corporate
7656,Sharon Mendoza,USA,CA,Corporate
9862,Mary Decker,USA,CA,Corporate
11993,Amber Smith,USA,MD,Corporate
12427,Mary Smith,USA,TX,Corporate
10152,Walter Hughes,USA,TX,Corporate
2564,Phillip Smith,USA,TX,Corporate
5024,Thomas Klein,USA,NY,Corporate
2756,Bryan Simon,USA,CA,Corporate
4471,Daniel Green,USA,CA,Corporate
1960,Victoria Smith,USA,DE,Corporate
2198,Thomas Friedman,USA,FL,Corporate
11737,Mary Wilkins,USA,FL,Corporate
2770,Brittany Sheppard,USA,CA,Corporate
10,Melissa Smith,USA,VA,Corporate
159,John Love,USA,NY,Corporate
4413,James Smith,USA,TX,Corporate
3999,Sarah Coleman,USA,NY,Corporate
5059,Deborah Smith,USA,SC,Corporate
3906,Mary Rogers,USA,AZ,Corporate
12166,Mary Morse,USA,AZ,Corporate
7659,Rose Woodard,USA,OH,Corporate
2204,Mary Smith,USA,MI,Corporate
10970,David Smith,USA,NJ,Corporate
6012,Mary Mayo,USA,NY,Corporate
6436,Mary Payne,USA,TX,Corporate
3058,Amy Davenport,USA,CA,Corporate
7558,Lisa Smith,USA,NY,Corporate
11596,Mary Kennedy,USA,MA,Corporate
5685,Joshua Smith,USA,NY,Corporate
1033,Sarah Chapman,USA,FL,Corporate
5070,Dorothy Smith,USA,HI,Corporate
6677,Patrick Smith,USA,CA,Corporate
8364,Michael Smith,USA,NY,Corporate
10170,Mary Tyler,USA,CA,Corporate
10594,Pamela Escobar,USA,CA,Corporate
7233,Christine Potter,USA,IL,Corporate
659,Mary Smith,USA,NC,Corporate
10631,Frances Smith,USA,NJ,Corporate
572,Bobby Rowe,USA,CA,Corporate
4168,Zachary Smith,USA,TX,Corporate
9141,Ronald Clark,USA,CA,Corporate
11792,Mary Murray,USA,OH,Corporate
6574,Mary Smith,USA,NJ,Corporate
1343,Julia Smith,USA,TX,Corporate
9874,Mary Gallagher,USA,TX,Corporate
6911,Mary Brewer,USA,CA,Corporate
6969,Mary Smith,USA,CA,Corporate
1982,Kathryn Nolan,USA,PA,Corporate
170,Mary Smith,USA,CO,Corporate
3613,Mary York,USA,NY,Corporate
9895,Eugene Smith,USA,WI,Corporate
6988,Wayne Bryant,USA,TX,Corporate
3860,Susan Walker,USA,TX,Corporate
574,Randy Bond,USA,IL,Corporate
2056,Jeffrey Melton,USA,IL,Corporate
1405,Mary Cowan,USA,OH,Corporate
8567,Mary Clark,USA,PA,Corporate
3592,Mary Smith,USA,KY,Corporate
4381,Jordan Becker,USA,IL,Corporate
12397,Mary Smith,USA,MI,Corporate
453,Mary Glenn,USA,SC,Corporate
11099,Mary Harris,USA,CA,Corporate
1727,Mary Villanueva,USA,NY,Corporate
4040,Harold Hart,USA,MI,Corporate
4468,Mary Stuart,USA,IL,Corporate
9377,Carol Leach,USA,PA,Corporate
7318,John Allen,USA,TN,Corporate
10786,Jose Myers,USA,CA,Corporate
10270,Brenda Smith,USA,OH,Corporate
5818,Brandon Smith,USA,TX,Corporate
7908,Stephanie Smith,USA,TX,Corporate
6178,Mary Smith,USA,SC,Corporate
4178,Edward Martinez,USA,FL,Corporate
5613,Michael Smith,USA,IL,Corporate
5390,Kimberly Padilla,USA,PA,Corporate
5570,Mary Smith,USA,CA,Corporate
10586,Anna Burgess,USA,NY,Corporate
4865,Mary Smith,USA,NJ,Corporate
9130,Lori Francis,USA,NY,Corporate
10781,Andrea Smith,USA,FL,Corporate
6923,Mark Reid,USA,FL,Corporate
6453,Mary Crane,USA,NY,Corporate
5388,David Ashley,USA,TN,Corporate
6154,Stephanie Hodges,USA,FL,Corporate
1648,Joan Ingram,USA,CA,Corporate
6669,Mary Smith,USA,CA,Corporate
9175,Mary Rhodes,USA,MI,Corporate
4487,Rebecca Knight,USA,CA,Corporate
3744,Michael Hancock,USA,CA,Corporate
1714,Sara Smith,USA,IL,Corporate
8061,Mary Cooley,USA,UT,Corporate
478,Mary Porter,USA,IL,Corporate
11226,Amanda Smith,USA,PA,Corporate
8109,Mary Werner,USA,LA,Corporate
6510,Karen Smith,USA,MD,Corporate
8745,Robert Reid,USA,CA,Corporate
5476,Lauren Phillips,USA,CO,Corporate
7130,Alice Smith,USA,NY,Corporate
2763,Frances Smith,USA,AZ,Corporate
5550,Mary Lee,USA,TX,Corporate
2829,Ryan Miller,USA,CA,Corporate
8076,Mary Gay,USA,MI,Corporate
7933,Mary Smith,USA,IL,Corporate
3831,Nicholas Parker,USA,CA,Corporate
1112,Robert Weiss,USA,MN,Corporate
8453,Kelly Johnson,USA,VA,Corporate
1919,Mary Middleton,USA,TX,Corporate
189,Angela Peterson,USA,TX,Corporate
1316,Mary Malone,USA,TX,Corporate
6328,Austin Walters,USA,CA,Corporate
9176,Theresa Smith,USA,NY,Corporate
1942,Joseph Moran,USA,HI,Corporate
5266,Adam Pratt,USA,NY,Corporate
5244,Alexander Meyer,USA,NY,Corporate
9810,Kenneth Mays,USA,UT,Corporate
4925,Julia Zavala,USA,NJ,Corporate
4713,Jack Smith,USA,NJ,Corporate
9333,Angela Mills,USA,CA,Corporate
9859,Ronald Johnson,USA,PA,Corporate
10275,Kelly Smith,USA,NY,Corporate
3828,Janice Carpenter,USA,TX,Corporate
3106,Samantha Smith,USA,NM,Corporate
11362,Michael Harmon,USA,CA,Corporate
7847,Christopher Sosa,USA,MO,Corporate
963,Eugene Smith,USA,NJ,Corporate
6554,Mary Smith,USA,CA,Corporate
11439,Matthew Smith,USA,TX,Corporate
261,Mary Parker,USA,CA,Corporate
11926,Sarah Smith,USA,MN,Corporate
8347,Tiffany Smith,USA,WA,Corporate
9322,Kevin Smith,USA,NJ,Corporate
11974,Susan Smith,USA,CA,Corporate
2118,Mary Smith,USA,NJ,Corporate
1416,Edward Pugh,USA,GA,Corporate
7535,Sarah Browning,USA,HI,Corporate
1505,Mary Smith,USA,CA,Corporate
9547,Mary Smith,USA,CA,Corporate
6710,Douglas Moore,USA,NM,Corporate
9843,Brandon Ruiz,USA,CA,Corporate
4443,Harold Smith,USA,CA,Corporate
4057,George Conner,USA,CO,Corporate
5050,Susan Nicholson,USA,CA,Corporate
10782,Mary Hernandez,USA,CA,Corporate
7661,Linda Rojas,USA,TX,Corporate
10806,Scott Rodriguez,USA,CA,Corporate
11807,Mary Smith,USA,GA,Corporate
8679,Mary Smith,USA,PA,Corporate
6353,Mary Rogers,USA,GA,Corporate
10526,Margaret Juarez,USA,CA,Corporate
3287,Mary Malone,USA,HI,Corporate
324,Jean Clay,USA,CA,Corporate
9660,Mary Freeman,USA,RI,Corporate
11375,Mary Mcdonald,USA,CA,Corporate
2624,Mary Smith,USA,IL,Corporate
8258,Thomas Stokes,USA,MI,Corporate
9357,Katherine Spence,USA,CA,Corporate
4463,Samuel Smith,USA,CA,Corporate
10105,Carl Roman,USA,OH,Corporate
1731,Michelle Bennett,USA,TX,Corporate
2836,Mary Smith,USA,NC,Corporate
7375,Louis Hayes,USA,MD,Corporate
11135,Michelle Kirk,USA,NY,Corporate
11054,Henry Jenkins,USA,CA,Corporate
9756,Mary White,USA,TX,Corporate
473,Jason Smith,USA,IL,Corporate
11062,Shawn Riddle,USA,KS,Corporate
8442,Christopher Smith,USA,IN,Corporate
10489,Jeffrey Smith,USA,DC,Corporate
6863,Joshua Smith,USA,TN,Corporate
3326,Mary Smith,USA,IL,Corporate
11336,Lauren Thompson,USA,NC,Corporate
6392,Patricia Greene,USA,DC,Corporate
10887,Gregory Frank,USA,NY,Corporate
1348,Mary Smith,USA,CA,Corporate
3473,Mary Myers,USA,FL,Corporate
10387,Mary Wheeler,USA,NY,Corporate
11141,Christopher Wilson,USA,OR,Corporate
2906,Mary Smith,USA,CA,Corporate
11196,Willie Daniel,USA,AZ,Corporate
3299,Laura Smith,USA,NY,Corporate
9827,Amy Good,USA,CA,Corporate
8888,Brian Smith,USA,GA,Corporate
337,Mary Neal,USA,CT,Corporate
541,Amanda Davidson,USA,CA,Corporate
2441,Mary Smith,USA,NC,Corporate
3863,Mary Walker,USA,TN,Corporate
5439,Samuel Jones,USA,NY,Corporate
1030,Mary Burnett,USA,CO,Corporate
9966,Mary Smith,USA,FL,Corporate
8410,Jessica Mccarty,USA,FL,Corporate
1017,Lawrence Bryan,USA,NY,Corporate
6982,Janice Smith,USA,CA,Corporate
7109,Mary Torres,USA,IL,Corporate
11821,Mary Harris,USA,NY,Corporate
1977,Sara Smith,USA,CA,Corporate
4693,Wayne Evans,USA,NY,Corporate
3009,Katherine Jackson,USA,NY,Corporate
929,Alan Smith,USA,FL,Corporate
9026,Christopher Smith,USA,CA,Corporate
9347,Mary Fuentes,USA,CA,Corporate
3892,Billy Smith,USA,IL,Corporate
4449,Pamela Smith,USA,MA,Corporate
7999,Michael Long,USA,CA,Corporate
7993,Lawrence Joyce,USA,TX,Corporate
9633,Catherine Smith,USA,MO,Corporate
9871,Jonathan Smith,USA,CA,Corporate
6024,Jesse Berry,USA,NV,Corporate
10805,Mary Smith,USA,IL,Corporate
3751,Walter Becker,USA,NJ,Corporate
5334,Michael Smith,USA,KY,Corporate
3650,Wayne Smith,USA,FL,Corporate
9611,Mary Carrillo,USA,MO,Corporate
2370,Mary Hurley,USA,CA,Corporate
8260,Teresa Berg,USA,TN,Corporate
4734,Teresa Wilson,USA,CA,Consumer
6269,Charles Phelps,USA,TN,Consumer
1574,Mary Smith,USA,FL,Consumer
3492,Mary Smith,USA,CA,Consumer
6126,Mary Smith,USA,CA,Consumer
11535,Dorothy Moon,USA,MI,Consumer
4956,Mary Smith,USA,TX,Consumer
8574,Brenda Griffin,USA,MI,Consumer
10250,Martha Smith,USA,PA,Consumer
10909,Paul Bond,USA,OR,Consumer
8206,Mary Smith,USA,CA,Consumer
8113,Sean Tate,USA,MA,Consumer
12129,Mary Perkins,USA,NY,Consumer
9010,David Donovan,USA,CA,Consumer
3844,Justin Haynes,USA,VA,Consumer
3114,Mary Briggs,USA,MT,Consumer
12306,Juan Smith,USA,SC,Consumer
4193,Daniel Haas,USA,NC,Consumer
11688,Richard Smith,USA,MD,Consumer
9747,Helen Davidson,USA,NY,Consumer
9380,Ryan Carson,USA,CA,Consumer
5237,Mary Gilbert,USA,CA,Consumer
5241,Emily Jacobs,USA,MD,Consumer
1831,Jacob Woods,USA,MD,Consumer
553,Eugene Smith,USA,CA,Consumer
6674,Mary Shaw,USA,NY,Consumer
5249,Robert Huffman,USA,CA,Consumer
5090,Margaret Brandt,USA,CA,Consumer
688,Kathy Gross,USA,TX,Consumer
1462,Patricia Bartlett,USA,CA,Consumer
9331,Donna Smith,USA,NJ,Consumer
1380,Mary Smith,USA,CA,Consumer
6435,Judy Smith,USA,CA,Consumer
4530,Mary Smith,USA,FL,Consumer
11660,Mary Garza,USA,CA,Consumer
1456,Mark Stein,USA,TX,Consumer
12080,Mary Bass,USA,MD,Consumer
2463,Mary Smith,USA,WI,Consumer
4901,Brenda Smith,USA,CT,Consumer
1634,Jason Riggs,USA,PA,Consumer
6137,Eric Smith,USA,CA,Consumer
3560,Dylan Rhodes,USA,OH,Consumer
2845,Ryan Collins,USA,CO,Consumer
1024,Paul Alvarado,USA,NY,Consumer
4208,Samuel Smith,USA,GA,Consumer
4122,Mary Smith,USA,IL,Consumer
3531,Amanda Foster,USA,CO,Consumer
1386,Louis Brock,USA,OR,Consumer
6478,Mary Smith,USA,NY,Consumer
4483,Mary Clarke,USA,MD,Consumer
11103,Jennifer Bray,USA,NY,Consumer
5810,Anthony Smith,USA,NY,Consumer
2738,Amber Holmes,USA,AZ,Consumer
9788,Mary Smith,USA,MI,Consumer
8749,Benjamin Graham,USA,NY,Consumer
5377,Crystal Jones,USA,OH,Consumer
7460,Ethan Smith,USA,NJ,Consumer
2519,Donna Preston,USA,MI,Consumer
7992,Harold Smith,USA,TN,Consumer
6862,Mary Taylor,USA,CA,Consumer
979,Mary Smith,USA,TX,Consumer
2953,Donna Jones,USA,OR,Consumer
3871,Mary Watson,USA,IL,Consumer
5651,Michelle Smith,USA,PA,Consumer
5225,Mary Smith,USA,MA,Consumer
12248,Mary Walker,USA,CA,Consumer
10011,Mary Gonzales,USA,CA,Consumer
5781,Jack Stanley,USA,CA,Consumer
4535,Ruth Brown,USA,CA,Consumer
1795,Joe Ramirez,USA,DC,Consumer
1915,David Smith,USA,FL,Consumer
9198,David Kerr,USA,KY,Consumer
11107,Melissa Smith,USA,NY,Consumer
165,Joseph Ewing,USA,CA,Consumer
6033,Mary Pitts,USA,IL,Consumer
11787,David Smith,USA,NY,Consumer
2271,Robert Lee,USA,IL,Consumer
2573,Anna Taylor,USA,FL,Consumer
10160,Denise Potter,USA,FL,Consumer
11777,Melissa Marsh,USA,NM,Consumer
6679,Cynthia Smith,USA,CA,Consumer
4782,Mary Powell,USA,NV,Consumer
6211,Nicholas Dyer,USA,CA,Consumer
12194,Donna Smith,USA,IL,Consumer
6483,Mary Smith,USA,MD,Consumer
2525,Nancy Smith,USA,IL,Consumer
694,Barbara Marshall,USA,NY,Consumer
9529,David Mathews,USA,TX,Consumer
8529,Mary Watts,USA,TN,Consumer
6463,Mary Smith,USA,CA,Consumer
4196,Mary Huffman,USA,WA,Consumer
962,Mary Bowers,USA,MO,Consumer
9136,Alice Mccoy,USA,PA,Consumer
4968,Johnny Lutz,USA,WI,Consumer
9609,Mary Lucero,USA,TX,Consumer
2631,Mary Payne,USA,NY,Consumer
5659,Betty Smith,USA,WI,Consumer
11378,Mary Foster,USA,CA,Consumer
6540,John Pruitt,USA,AZ,Consumer
4503,Mary Trujillo,USA,MN,Consumer
8865,Kevin Frederick,USA,PA,Consumer
2812,Mark Harvey,USA,NC,Consumer
8756,Mary Smith,USA,WA,Consumer
6620,Elizabeth Smith,USA,UT,Consumer
2144,Mary Trevino,USA,LA,Consumer
9886,Mary Lee,USA,CA,Consumer
6703,Mary Smith,USA,GA,Consumer
285,Shirley Smith,USA,CA,Consumer
1723,Daniel Fernandez,USA,CA,Consumer
2350,Brian Perez,USA,CT,Consumer
4512,Jane Anderson,USA,CA,Consumer
11808,Sharon Schultz,USA,CA,Consumer
7573,Bobby Pena,USA,IA,Consumer
2895,Dylan Butler,USA,TX,Consumer
3724,Michelle Webb,USA,GA,Consumer
9816,Terry Smith,USA,HI,Consumer
12193,Helen Chen,USA,CA,Consumer
9882,Mary Martinez,USA,CT,Consumer
8154,Dennis Smith,USA,CA,Consumer
2348,Mary Welch,USA,TX,Consumer
3583,Jacqueline Allen,USA,CA,Consumer
4432,Kenneth Gillespie,USA,IL,Consumer
3673,Matthew Smith,USA,CA,Consumer
1893,Mary Wilson,USA,CA,Consumer
4245,Steven Smith,USA,TN,Consumer
2252,Mary Smith,USA,NY,Consumer
2865,Carol Ware,USA,KS,Consumer
845,Catherine Smith,USA,CA,Consumer
1284,Mary Wells,USA,CA,Consumer
10273,Mary Smith,USA,TN,Consumer
10450,Margaret Smith,USA,AZ,Consumer
4206,Mary Ramos,USA,OH,Consumer
977,Virginia Smith,USA,CA,Consumer
1740,Mary Craig,USA,VA,Consumer
6251,Mary Guerra,USA,CA,Consumer
6587,Heather Henson,USA,PA,Consumer
1527,Mary Fernandez,USA,CA,Consumer
10501,Jennifer Richardson,USA,MA,Consumer
936,Mary Smith,USA,CA,Consumer
8811,Christine Rodriguez,USA,TX,Consumer
869,Mary Smith,USA,CA,Consumer
3557,Benjamin Clarke,USA,NV,Consumer
2116,Daniel Smith,USA,NJ,Consumer
7242,Mary Watkins,USA,NJ,Consumer
3098,Mary Smith,USA,NY,Consumer
11428,Raymond Santana,USA,TX,Consumer
3571,Laura Smith,USA,TX,Consumer
8230,Judy Smith,USA,PA,Consumer
183,Wayne Smith,USA,CA,Consumer
4745,Mary Brock,USA,TN,Consumer
909,Laura Ford,USA,WA,Consumer
4877,Mary Greene,USA,NJ,Consumer
598,Mary Levy,USA,CA,Consumer
5858,John Smith,USA,IL,Consumer
3161,Barbara Arias,USA,AZ,Consumer
11861,Brittany Bentley,USA,MN,Consumer
1518,Jessica Smith,USA,MD,Consumer
11025,Mary Smith,USA,IL,Consumer
6615,Mary Meadows,USA,KS,Consumer
1232,Betty Smith,USA,AZ,Consumer
579,Mary Smith,USA,LA,Consumer
7218,Mary Nguyen,USA,NY,Consumer
11421,Tiffany Brown,USA,LA,Consumer
6415,Terry Carpenter,USA,NY,Consumer
9249,Jonathan Costa,USA,CA,Consumer
4883,Vincent Smith,USA,MD,Consumer
2061,Mary Russell,USA,TN,Consumer
8145,Debra Smith,USA,CA,Consumer
5485,Kathy Bishop,USA,CA,Consumer
3468,Mary Romero,USA,CA,Consumer
1233,Mary Sims,USA,CA,Consumer
3430,Alice Russo,USA,TX,Consumer
1074,Mary Proctor,USA,CA,Consumer
6795,Mary Hardin,USA,CA,Consumer
10835,Mary Stevenson,USA,LA,Consumer
9907,Steven Kaiser,USA,TN,Consumer
10547,Amy Ruiz,USA,NY,Consumer
2139,Mary Ayers,USA,CA,Consumer
2174,Rachel Fuentes,USA,NY,Consumer
7020,Mary Chase,USA,PA,Consumer
7752,Jonathan Franklin,USA,PA,Consumer
10431,Mary Smith,USA,CA,Consumer
5888,Donald Rowland,USA,NY,Consumer
1932,Shirley Perez,USA,TX,Consumer
866,James Davies,USA,IL,Consumer
11160,Rachel Smith,USA,CA,Consumer
7997,Kimberly Jefferson,USA,MI,Consumer
3726,Robert Smith,USA,CA,Consumer
6704,John Church,USA,OR,Consumer
11963,Mary Wood,USA,IL,Consumer
4454,Robert Smith,USA,CA,Consumer
2591,Patricia Smith,USA,TX,Consumer
5478,Megan Bailey,USA,CA,Consumer
11443,Mary Smith,USA,OH,Consumer
5257,Denise Boyd,USA,TX,Consumer
2544,Mary Smith,USA,PA,Consumer
5529,Mary Smith,USA,OH,Consumer
5363,Mary Smith,USA,MI,Consumer
2803,Mary Spencer,USA,OR,Consumer
9746,Mary Brooks,USA,CA,Consumer
4550,Patricia Smith,USA,NY,Consumer
11561,Billy Smith,USA,VA,Consumer
7638,Mary Smith,USA,TX,Consumer
8105,Mary Gordon,USA,AZ,Consumer
10157,Mary Todd,USA,MI,Consumer
10545,Kenneth Smith,USA,PA,Consumer
6544,Mary Joyce,USA,IL,Consumer
9679,Mary Moreno,USA,LA,Consumer
7429,Mark Ayers,USA,TX,Consumer
12020,Dorothy Smith,USA,TX,Consumer
6380,Mary Rivers,USA,IL,Consumer
9667,Eric Perry,USA,CA,Consumer
5314,Karen Smith,USA,WA,Consumer
6457,Dorothy Coleman,USA,NJ,Consumer
12263,Larry Sullivan,USA,NM,Consumer
5754,Carol Smith,USA,TX,Consumer
12239,Crystal Smith,USA,NM,Consumer
7410,Mary Smith,USA,IL,Consumer
7893,Lisa Smith,USA,CA,Consumer
768,Mary Smith,USA,CA,Consumer
7041,Nancy Smith,USA,IL,Consumer
9736,Mary Hamilton,USA,NV,Consumer
1138,Mary Robinson,USA,MI,Consumer
7493,Mary Rodriguez,USA,NY,Consumer
5772,Andrea Smith,USA,VA,Consumer
864,Raymond Kidd,USA,TX,Consumer
7684,Evelyn Harper,USA,NY,Consumer
317,Deborah Salazar,USA,NJ,Consumer
8227,Jacob Smith,USA,NY,Consumer
3039,Susan Smith,USA,CA,Consumer
8167,Betty Roberts,USA,NY,Consumer
2534,Walter Smith,USA,PA,Consumer
8028,Donald Lawson,USA,TX,Consumer
9267,Mary Smith,USA,IL,Consumer
12251,Mary Hinton,USA,CA,Consumer
4473,Christine Jordan,USA,PA,Consumer
4665,Jessica York,USA,CA,Consumer
1242,Mary Reeves,USA,MO,Consumer
8571,Jason Nunez,USA,FL,Consumer
9230,Dorothy Bender,USA,OH,Consumer
11274,Mary Fisher,USA,CA,Consumer
9750,Mary Smith,USA,NY,Consumer
6570,Mary Smith,USA,OH,Consumer
7150,Mary Smith,USA,IL,Consumer
9776,Diane Davis,USA,NY,Consumer
7724,Raymond Smith,USA,NC,Consumer
2067,Donald Mcbride,USA,MO,Consumer
11710,Jacob Hopkins,USA,CA,Consumer
1646,Kenneth Myers,USA,FL,Consumer
5117,Grace Mosley,USA,HI,Consumer
10149,Linda Smith,USA,DE,Consumer
8234,Kevin Smith,USA,CA,Consumer
6037,Dorothy Carter,USA,CA,Consumer
7080,Jean Hoffman,USA,DC,Consumer
2941,Brian Martinez,USA,NY,Consumer
12256,Victoria Alvarez,USA,SC,Consumer
12278,Karen Smith,USA,PA,Consumer
7958,Jessica Cochran,USA,FL,Consumer
5910,Mary Heath,USA,CA,Consumer
9589,Jacqueline Arroyo,USA,CA,Consumer
12087,Anna Maynard,USA,TN,Consumer
4393,David Mcgrath,USA,TN,Consumer
9378,Jesse Crane,USA,UT,Consumer
8698,Mary Allen,USA,CA,Consumer
7422,Brenda Patel,USA,CA,Consumer
12212,Nathan Morton,USA,NY,Consumer
12385,Mary Smith,USA,VA,Consumer
12116,Mary Shea,USA,IN,Consumer
9498,Mary Smith,USA,OH,Consumer
8440,Gloria Sandoval,USA,CA,Consumer
8019,Samantha Smith,USA,CA,Consumer
11943,William Smith,USA,MI,Consumer
4778,Amy Campbell,USA,NJ,Consumer
5923,Mary Smith,USA,CA,Consumer
4107,Larry Franklin,USA,UT,Consumer
1792,Roy Rodriguez,USA,NJ,Consumer
9824,David Smith,USA,HI,Consumer
4554,Brandon Lang,USA,MI,Consumer
5279,Kathryn Smith,USA,NC,Consumer
4476,Mary Ortiz,USA,NY,Consumer
12027,Mary Stevens,USA,CA,Consumer
1585,James Smith,USA,IA,Consumer
6646,Mary Lopez,USA,WI,Consumer
12006,Anna Sharp,USA,TX,Consumer
4039,Virginia Smith,USA,HI,Consumer
8496,Thomas Wood,USA,NY,Consumer
7096,Mary Smith,USA,CA,Consumer
3268,Mary Smith,USA,MD,Consumer
4260,Debra Smith,USA,VA,Consumer
5623,Jose Haley,USA,OH,Consumer
4373,Andrea Elliott,USA,NY,Consumer
10872,Amber Adams,USA,MO,Consumer
7579,Mary Smith,USA,AZ,Consumer
8475,Jane Price,USA,IL,Consumer
3166,Donald Smith,USA,FL,Consumer
7639,Hannah Wilson,USA,OH,Consumer
4038,Mary Smith,USA,IL,Consumer
1623,Christopher James,USA,OH,Consumer
10379,Robert Burnett,USA,CA,Consumer
6204,Mary Clarke,USA,MA,Consumer
2887,Elizabeth Smith,USA,CA,Consumer
9520,Mary Moore,USA,CA,Consumer
5358,Mary Smith,USA,CA,Consumer
4658,Sarah Gallegos,USA,WA,Consumer
9804,Jennifer Smith,USA,TN,Consumer
9669,Samantha Smith,USA,OH,Consumer
8428,Walter Smith,USA,TX,Consumer
5039,Christopher Perez,USA,CO,Consumer
6451,Martha Bradley,USA,NC,Consumer
14327,Emma Kline,USA,OH,Consumer
13471,Moana Cain,USA,CT,Consumer
14691,Gillian Williams,USA,PA,Consumer
11301,Helen Bauer,USA,FL,Consumer
9969,Mary Wright,USA,OH,Consumer
12161,Mary Smith,USA,AZ,Consumer
12798,Heather Salazar,USA,CA,Consumer
6096,Brenda Boyd,USA,CA,Consumer
9820,Mary Randolph,USA,MD,Consumer
3680,David Smith,USA,IL,Consumer
7850,Mary Lara,USA,MO,Consumer
4205,Kevin Williams,USA,NY,Consumer
7914,Mary Smith,USA,MD,Consumer
12819,Ila Sykes,USA,CA,Consumer
7753,Mary Smith,USA,OH,Consumer
4282,Mary Smith,USA,PA,Consumer
2618,Nicole Jones,USA,CA,Consumer
4843,Mary Sandoval,USA,AZ,Consumer
4439,Mary Smith,USA,MT,Consumer
12896,Ria Lane,USA,CT,Consumer
11359,Mary Solis,USA,CA,Consumer
7122,Teresa Carlson,USA,NY,Consumer
2169,Betty Ayala,USA,CA,Consumer
1546,Nicole Carpenter,USA,CA,Consumer
4762,Cynthia Smith,USA,MI,Consumer
10247,Mary Smith,USA,GA,Consumer
396,Deborah Smith,USA,TX,Consumer
5721,Roger Conner,USA,MI,Consumer
801,Elizabeth Parker,USA,CA,Consumer
6200,Brenda Robles,USA,WA,Consumer
5835,Justin Hoffman,USA,CA,Consumer
9250,Mary Smith,USA,MI,Consumer
10584,Mary Smith,USA,CA,Consumer
4547,Mary Molina,USA,CA,Consumer
3619,Samantha Smith,USA,CT,Consumer
11558,Joyce Camacho,USA,CA,Consumer
8737,Mary Smith,USA,CA,Consumer
11224,Mary Smith,USA,MT,Consumer
18843,Karly Gill,USA,NY,Consumer
9391,Jennifer Sellers,USA,OR,Consumer
7038,Christopher Smith,USA,PA,Consumer
11588,Lawrence Smith,USA,IL,Consumer
15942,Sade Byers,USA,AZ,Consumer
8421,Mary Smith,USA,CA,Consumer
4654,Alexander Smith,USA,CA,Consumer
17709,Willow Rios,USA,TX,Consumer
17671,Zia Booth,USA,TX,Consumer
17527,Evangeline Bates,USA,TX,Consumer
6206,Mary Patton,USA,CA,Consumer
5003,Mary Alexander,USA,CA,Consumer
7333,Julia Smith,USA,TX,Consumer
9216,Kyle Joyce,USA,NY,Consumer
17862,Fallon Terrell,USA,HI,Consumer
11843,Michelle Smith,USA,NV,Consumer
9034,Paul Villa,USA,CA,Consumer
11540,Doris Smith,USA,CA,Consumer
11981,Mary Smith,USA,MD,Consumer
8392,Janet Reed,USA,UT,Consumer
2321,Mary Patel,USA,TX,Consumer
9227,Mary Ewing,USA,PA,Consumer
11140,Mary Smith,USA,CA,Consumer
2218,Jacqueline Little,USA,CA,Consumer
11456,Michael Peters,USA,IN,Consumer
10772,Mary Mack,USA,IL,Consumer
2688,Mary Ross,USA,TX,Consumer
9939,Mary Singleton,USA,TX,Consumer
11255,Mary Schmidt,USA,CA,Consumer
12111,Amber Franco,USA,CA,Consumer
5499,Karen Santiago,USA,CA,Consumer
8750,Mary Smith,USA,CA,Consumer
2104,Mary Ortega,USA,OH,Consumer
8774,Frances Smith,USA,TX,Consumer
2043,Mary Smith,USA,OH,Consumer
409,Kevin Smith,USA,NC,Consumer
10503,Janice Smith,USA,TX,Consumer
3248,Janet Ochoa,USA,NJ,Consumer
5717,Robert Andrews,USA,CA,Consumer
1600,Mary George,USA,CA,Consumer
7421,Mary Reyes,USA,TX,Consumer
6532,Mary Dixon,USA,AZ,Consumer
8988,Mary Smith,USA,IL,Consumer
10636,Mary Harvey,USA,IN,Consumer
6732,Mary Campbell,USA,HI,Consumer
13095,Dana Hogan,USA,NC,Consumer
14538,Darrel Greer,USA,CA,Consumer
14286,Yvette Cantu,USA,MI,Consumer
14587,Caryn Howard,USA,GA,Consumer
13286,Shelley Johnston,USA,NJ,Consumer
14285,Ina Doyle,USA,CA,Consumer
14657,Isabella Carrillo,USA,CO,Consumer
13157,Idola Miles,USA,SC,Consumer
14473,Hannah Byrd,USA,CA,Consumer
14632,Vielka Strong,USA,FL,Consumer
5119,Brenda Miller,USA,CA,Consumer
1460,George Williams,USA,CA,Consumer
1054,Barbara Cooley,USA,IL,Consumer
11119,Doris Schneider,USA,MO,Consumer
5137,James Smith,USA,CA,Consumer
7920,Mary Smith,USA,MA,Consumer
10514,Mary Page,USA,CA,Consumer
9666,Mary Collins,USA,TX,Consumer
14825,Karina Barber,USA,TN,Consumer
13824,Clementine Cooley,USA,VA,Consumer
3257,Julia Mcconnell,USA,SC,Consumer
37,Virginia Conrad,USA,VA,Consumer
10907,John Hutchinson,USA,IN,Consumer
1547,Henry Smith,USA,AZ,Consumer
6997,Mary Smith,USA,CA,Consumer
7197,Denise Smith,USA,MI,Consumer
4583,Terry Smith,USA,NC,Consumer
14730,Ayanna Baxter,USA,CA,Consumer
9370,Douglas Murphy,USA,MD,Consumer
8300,Mary Reynolds,USA,CA,Consumer
14891,Cara Olsen,USA,IL,Consumer
2486,Anna Mcdonald,USA,PA,Consumer
13548,Jescie Sims,USA,MN,Consumer
6686,Mary Campbell,USA,MN,Consumer
13888,Nayda Maldonado,USA,NJ,Consumer
13995,Shannon Dudley,USA,CO,Consumer
6322,Richard Smith,USA,CA,Consumer
14849,Sydney Poole,USA,VA,Consumer
8385,Justin Lawrence,USA,MA,Consumer
13595,Mia Scott,USA,GA,Consumer
13613,Amity Ross,USA,NY,Consumer
13612,Reagan Mcmillan,USA,CA,Consumer
8814,Brian Sexton,USA,CA,Consumer
8210,Mary Glenn,USA,CA,Consumer
11046,Scott Davidson,USA,FL,Consumer
12269,Mary Preston,USA,WA,Consumer
1223,Richard Perry,USA,NY,Consumer
1933,Eric Smith,USA,MA,Consumer
12371,Mary Velez,USA,CA,Consumer
4661,Mildred Smith,USA,TX,Consumer
545,Joe Andrade,USA,CA,Consumer
9171,Mary Bruce,USA,VA,Consumer
11016,George Hutchinson,USA,WI,Consumer
924,Willie Klein,USA,OR,Consumer
3250,Richard Smith,USA,CA,Consumer
10410,Randy Smith,USA,CA,Consumer
14944,Emi Shields,USA,MI,Consumer
15033,Quin Rodriquez,USA,CA,Consumer
15027,Fredericka Gray,USA,TX,Consumer
15044,Selma Mayo,USA,PA,Consumer
15002,Ainsley Flowers,USA,CA,Consumer
10478,Aaron Smith,USA,UT,Consumer
11768,Virginia Smith,USA,FL,Consumer
5287,Margaret Wu,USA,NY,Consumer
12364,Judy Smith,USA,GA,Consumer
10825,John Burns,USA,NY,Consumer
8563,Mary Stanley,USA,GA,Consumer
6642,Mary Gill,USA,MO,Consumer
267,Richard Smith,USA,OH,Consumer
8094,Gregory Rivas,USA,WI,Consumer
11347,Ruth Jones,USA,CA,Consumer
2009,Philip Paul,USA,FL,Consumer
11441,Mary Ferguson,USA,FL,Consumer
3078,Mary Smith,USA,NV,Consumer
11499,Mary Smith,USA,NY,Consumer
10162,Joseph Livingston,USA,CA,Consumer
12109,Mary Ayers,USA,CA,Consumer
2530,Walter Smith,USA,MA,Consumer
1021,Hannah Hensley,USA,NY,Consumer
10398,Mary Pierce,USA,CT,Consumer
7029,Christina Moreno,USA,CA,Consumer
9354,Bruce Mitchell,USA,GA,Consumer
645,Mary Conner,USA,CA,Consumer
5370,Andrew Smith,USA,CA,Consumer
2051,Maria Stanley,USA,PA,Consumer
9214,Mary Smith,USA,PA,Consumer
2621,Robert Cameron,USA,PA,Consumer
5667,Mary Smith,USA,HI,Consumer
1020,Mary Vargas,USA,MA,Consumer
4999,Virginia Green,USA,CA,Consumer
11178,Laura Smith,USA,OR,Consumer
5479,Mary Smith,USA,SC,Consumer
11432,Mary Harper,USA,CA,Consumer
1860,Christopher Osborn,USA,CA,Consumer
9217,Mary Smith,USA,ID,Consumer
269,Jeffrey Simon,USA,IL,Consumer
5678,Nathan Smith,USA,CA,Consumer
611,Lisa Cross,USA,CA,Consumer
5755,Marie Shah,USA,IL,Consumer
1685,Cheryl Buchanan,USA,IL,Consumer
16459,Reagan Mccarthy,USA,TX,Consumer
19187,Sybill Donaldson,USA,CA,Consumer
16542,Dorothy Baxter,USA,CA,Consumer
15825,Dana Lucas,USA,MA,Consumer
15783,Kelsie Carey,USA,TX,Consumer
15704,Gwendolyn Clarke,USA,MD,Consumer
10779,Christine Smith,USA,WI,Consumer
6400,Charles Waller,USA,FL,Consumer
7854,Mary Allen,USA,IL,Consumer
18283,Chantale Taylor,USA,CA,Consumer
17416,Dacey Mendez,USA,CA,Consumer
17505,Dahlia Eaton,USA,MI,Consumer
17923,Sarah Galloway,USA,CA,Consumer
18013,Jescie Page,USA,OH,Consumer
17683,Rhoda Joyce,USA,GA,Consumer
20623,Kirestin Pierce,USA,IL,Consumer
16089,Sydnee Hill,USA,NJ,Consumer
11077,Andrew Smith,USA,LA,Consumer
20657,Audrey Berg,USA,MI,Consumer
1094,Sean Smith,USA,NJ,Consumer
17971,Ria Tran,USA,NY,Consumer
5769,Frank Smith,USA,TX,Consumer
602,Rebecca Huff,USA,NY,Consumer
20707,Brittany Barrett,USA,CO,Consumer
5827,Angela Fox,USA,WA,Consumer
3096,Stephanie Larson,USA,MA,Consumer
3112,Kimberly Marsh,USA,WI,Consumer
1978,Mary White,USA,CA,Consumer
17949,Buffy Donaldson,USA,NC,Consumer
18432,Regan Freeman,USA,CA,Consumer
16044,Yael Chapman,USA,NY,Consumer
17927,Amber Chandler,USA,IL,Consumer
38,Mary Smith,USA,LA,Consumer
18482,Kai Cameron,USA,FL,Consumer
965,Sean Smith,USA,AR,Consumer
6518,Mary Smith,USA,MI,Consumer
3389,Mary Martinez,USA,MA,Consumer
10317,Mary Smith,USA,CA,Consumer
15413,Briar Mckenzie,USA,MD,Consumer
15590,Winifred Clarke,USA,IL,Consumer
15571,Jolie Holman,USA,TX,Consumer
15553,Galena Nieves,USA,CA,Consumer
15462,Cally Hart,USA,GA,Consumer
15318,Jaime Decker,USA,TX,Consumer
15619,Jael Wilson,USA,NY,Consumer
5911,Andrew Smith,USA,MN,Consumer
2045,Katherine Lozano,USA,MA,Consumer
3117,Jacob Murphy,USA,CA,Consumer
678,Cheryl Massey,USA,TX,Consumer
1374,Patricia Lin,USA,FL,Consumer
7721,Mary Jenkins,USA,CA,Consumer
9518,Danielle Smith,USA,TN,Consumer
16116,Ivana Walters,USA,IL,Consumer
19810,Patience Powell,USA,PA,Consumer
20313,Hope Hines,USA,CA,Consumer
20348,Tatyana Lawrence,USA,FL,Consumer
17040,Haviva Parsons,USA,TX,Consumer
20073,Shay Ewing,USA,OR,Consumer
16304,Cherokee Franklin,USA,AZ,Consumer
17253,Dacey Ratliff,USA,VA,Consumer
20321,Tara Malone,USA,WA,Consumer
16118,Farrah Nielsen,USA,PA,Consumer
18577,Iris Rush,USA,CA,Consumer
15197,Carolyn Pitts,USA,MI,Consumer
6909,Mary Salinas,USA,MO,Consumer
784,Mary Smith,USA,CA,Consumer
2902,Megan Leach,USA,OH,Consumer
1321,Shirley Smith,USA,CA,Consumer
10195,Mary Tran,USA,AZ,Consumer
365,Shirley Smith,USA,CA,Consumer
7856,Andrew Smith,USA,IL,Consumer
2405,Emily Smith,USA,IL,Consumer
120,Nancy Smith,USA,NY,Consumer
6339,Mary Bush,USA,CA,Consumer
3647,Grace Moore,USA,MD,Consumer
5235,Mary Smith,USA,NJ,Consumer
11774,Mary Smith,USA,GA,Consumer
9425,Mary Kirk,USA,MI,Consumer
9522,Mary Smith,USA,CA,Consumer
1199,Mary Smith,USA,PA,Consumer
12227,Mary Rivera,USA,CA,Consumer
3941,James Harrell,USA,AZ,Consumer
3837,Mary Smith,USA,CO,Consumer
4817,Mary Hurley,USA,IL,Consumer
4791,Mary Patton,USA,FL,Consumer
6777,Denise Osborne,USA,MD,Consumer
4015,Sharon Mcconnell,USA,CA,Consumer
7548,Mary Smith,USA,FL,Consumer
7312,Mary Armstrong,USA,CA,Consumer
11512,Mary Randall,USA,TN,Consumer
4149,Mary Smith,USA,NY,Consumer
1463,Mark Smith,USA,FL,Consumer
1465,Mary Smith,USA,NJ,Consumer
11594,Mary Smith,USA,NY,Consumer
8070,Mary Smith,USA,OR,Consumer
6860,Joseph Shea,USA,MD,Consumer
2208,Mary Smith,USA,NM,Consumer
3019,Madison Atkinson,USA,NJ,Consumer
3184,Tyler Smith,USA,OK,Consumer
9646,Mary Roberts,USA,TX,Consumer
715,Mary Smith,USA,IA,Consumer
1579,Larry Smith,USA,MA,Consumer
10033,Mary Gutierrez,USA,TX,Consumer
4740,Willie Wolfe,USA,NC,Consumer
4780,Mary Castillo,USA,HI,Consumer
2725,Mary Hood,USA,GA,Consumer
8632,William Hunter,USA,DC,Consumer
7125,Mary Kaufman,USA,CA,Consumer
9847,Mary Smith,USA,IL,Consumer
1999,Sarah Richard,USA,NJ,Consumer
5851,Raymond Smith,USA,NY,Consumer
10382,Mary Romero,USA,CA,Consumer
6321,Mary Mcneil,USA,NJ,Consumer
7032,Mary Gonzalez,USA,TN,Consumer
8052,Pamela Smith,USA,CA,Consumer
2142,Mary Smith,USA,MI,Consumer
1390,Justin Smith,USA,AZ,Consumer
8523,Melissa Lee,USA,NM,Consumer
12091,Lisa Turner,USA,FL,Consumer
9074,Margaret Smith,USA,CA,Consumer
8522,Mary Smith,USA,OH,Consumer
6461,Patricia Delgado,USA,OR,Consumer
9061,Mary Estrada,USA,NC,Consumer
2626,Laura Smith,USA,CA,Consumer
1178,Charles Gutierrez,USA,FL,Consumer
1157,Anthony Smith,USA,OH,Consumer
6472,Albert Smith,USA,HI,Consumer
2597,Brandon Smith,USA,CA,Consumer
11987,Mary Gentry,USA,GA,Consumer
12125,Lauren Valdez,USA,AZ,Consumer
7336,Rose Lyons,USA,FL,Consumer
7649,Mary Lopez,USA,IL,Consumer
9161,Mary Smith,USA,CA,Consumer
2366,Mary Sampson,USA,OH,Consumer
8930,Jordan Mcgee,USA,TN,Consumer
10932,Michael Gonzales,USA,VA,Consumer
9644,Mary Koch,USA,CA,Consumer
6209,Mary Lopez,USA,TX,Consumer
12089,Ruth Rose,USA,MI,Consumer
13239,Halla Miller,USA,FL,Consumer
14594,Darryl Atkins,USA,CA,Consumer
14131,Wynter Castillo,USA,MN,Consumer
13418,Florence Cannon,USA,IN,Consumer
14253,Raya Mccullough,USA,MO,Consumer
13252,Emily Harrison,USA,FL,Consumer
14126,Jael Kerr,USA,IL,Consumer
14679,April Clements,USA,WA,Consumer
14161,Kendall Harrison,USA,NY,Consumer
13431,Melyssa Estes,USA,IN,Consumer
13141,Clare Vincent,USA,GA,Consumer
14122,Phyllis Sherman,USA,CA,Consumer
13409,Victoria Travis,USA,OH,Consumer
14121,Iona Curtis,USA,IL,Consumer
14282,Destiny Wall,USA,MA,Consumer
13407,Lois Mcknight,USA,GA,Consumer
13081,Willa Landry,USA,CA,Consumer
13476,Cheryl Vaughn,USA,CA,Consumer
13386,Caryn Lamb,USA,NV,Consumer
14061,Alfreda Jennings,USA,IL,Consumer
10723,Theresa Smith,USA,CA,Consumer
4590,Michael Raymond,USA,NY,Consumer
10706,Joshua Smith,USA,CA,Consumer
3041,Mary Jones,USA,IL,Consumer
11549,Mary Smith,USA,CA,Consumer
8847,Ruth Brown,USA,MD,Consumer
274,Mary Moyer,USA,TX,Consumer
11257,Heather Chang,USA,CA,Consumer
11293,Shirley Smith,USA,PA,Consumer
7195,Evelyn Carr,USA,NJ,Consumer
8905,Donna Smith,USA,GA,Consumer
2820,Roy Smith,USA,IL,Consumer
142,Heather Smith,USA,FL,Consumer
7082,Adam Blair,USA,FL,Consumer
643,Tammy Boyd,USA,LA,Consumer
472,Mary Schultz,USA,CA,Consumer
847,Jerry Ferguson,USA,CA,Consumer
5122,Mary Smith,USA,NJ,Consumer
187,Mildred Herrera,USA,CA,Consumer
2532,Charles Smith,USA,TX,Consumer
11868,Mary Mullins,USA,CA,Consumer
9088,Mary Guzman,USA,CA,Consumer
12103,Mary Smith,USA,TX,Consumer
11403,Mary Smith,USA,IL,Consumer
7746,Howard Smith,USA,IL,Consumer
10836,Sean Brennan,USA,IL,Consumer
4704,Henry James,USA,NY,Consumer
11856,Helen Smith,USA,CA,Consumer
6263,John Smith,USA,GA,Consumer
431,Michael Vance,USA,OH,Consumer
2221,Richard Edwards,USA,CO,Consumer
4640,Eric Landry,USA,NY,Consumer
9086,George Stanley,USA,PA,Consumer
952,Jack Smith,USA,CA,Consumer
12012,Mary Horton,USA,CA,Consumer
12257,Mary Woods,USA,FL,Consumer
6144,Mary Smith,USA,OK,Consumer
555,Mildred Smith,USA,CA,Consumer
10858,Janet Wright,USA,TX,Consumer
3521,Joyce Callahan,USA,NY,Consumer
3088,Amy Smith,USA,WI,Consumer
1126,Mary Thompson,USA,NY,Consumer
10792,Frank Stokes,USA,CA,Consumer
3220,Susan Villanueva,USA,CA,Consumer
6859,Mary Smith,USA,CO,Consumer
4237,Mary Smith,USA,OH,Consumer
4855,Tyler Key,USA,CA,Consumer
700,Mary Cummings,USA,CA,Consumer
984,Amy Smith,USA,IL,Consumer
1592,Margaret White,USA,MD,Consumer
6399,Mary Jones,USA,IL,Consumer
11739,Mary Smith,USA,CA,Consumer
206,Mary West,USA,FL,Consumer
2720,Michael Obrien,USA,MI,Consumer
853,Mary Larson,USA,CA,Consumer
2243,George Mayer,USA,WA,Consumer
1109,Mary Smith,USA,LA,Consumer
246,Mary Wood,USA,IL,Consumer
10178,Amy Smith,USA,NC,Consumer
31,Mary Byrd,USA,NM,Consumer
3885,Andrew Compton,USA,CA,Consumer
6571,Brenda Gonzalez,USA,MD,Consumer
2972,Mary House,USA,TN,Consumer
10881,Linda Smith,USA,NY,Consumer
8425,Kathryn Bryant,USA,VA,Consumer
6666,Jean Austin,USA,OH,Consumer
9196,Austin Smith,USA,IL,Consumer
6899,Mary Smith,USA,NM,Consumer
6138,Theresa Khan,USA,MI,Consumer
10022,Alice Smith,USA,MO,Consumer
8135,Mary Stevens,USA,OH,Consumer
6890,Nancy Smith,USA,NM,Consumer
5752,Barbara Smith,USA,NM,Consumer
4213,Michael Townsend,USA,CA,Consumer
4303,Mary Smith,USA,HI,Consumer
8990,Bobby Smith,USA,IL,Consumer
8038,Donald Smith,USA,TX,Consumer
212,Roger Johnson,USA,NY,Consumer
3809,Melissa Taylor,USA,NJ,Consumer
8742,Mary Kim,USA,SC,Consumer
3527,Mary Smith,USA,CA,Consumer
8804,Carolyn Hughes,USA,IL,Consumer
10188,Mary Roach,USA,CA,Consumer
4362,Christopher Clayton,USA,GA,Consumer
831,Daniel Smith,USA,IL,Consumer
11563,Samuel Smith,USA,TX,Consumer
3954,Stephanie Nguyen,USA,CA,Consumer
6283,Joan Case,USA,CA,Consumer
6319,Mary Merritt,USA,CA,Consumer
6542,Cynthia Moran,USA,FL,Consumer
89,Sean Smith,USA,CA,Consumer
11933,Maria Clark,USA,CA,Corporate
1833,Ronald Smith,USA,VA,Corporate
74,Alice Rush,USA,NC,Corporate
14503,Briar Wells,USA,MO,Corporate
14272,Martha Mckee,USA,TX,Corporate
13200,Paula Garrett,USA,HI,Corporate
13300,Remedios Fry,USA,TX,Corporate
13012,Quincy Bowers,USA,TX,Corporate
13119,Calista Bonner,USA,TX,Corporate
14490,Veronica Watkins,USA,CA,Corporate
11562,Mary Baird,USA,CO,Corporate
11379,Kathleen Glover,USA,TN,Corporate
14841,Morgan Conner,USA,IL,Corporate
367,Mary Smith,USA,CA,Corporate
12196,Mary Smith,USA,IL,Corporate
11489,Dorothy Hudson,USA,IL,Corporate
14847,Gail Flowers,USA,KY,Corporate
5112,Mary Smith,USA,OR,Corporate
11267,Dorothy Jackson,USA,CA,Corporate
9768,Edward Smith,USA,CA,Corporate
7067,Mary Smith,USA,CA,Corporate
9977,Mary Fletcher,USA,NV,Corporate
15103,Christine Gallagher,USA,CA,Corporate
12936,Cally Aguilar,USA,IN,Corporate
8031,Richard Smith,USA,VA,Corporate
6110,Mary Smith,USA,NY,Corporate
9755,Ryan Smith,USA,NY,Corporate
11665,William Anderson,USA,KY,Corporate
7698,Mary Smith,USA,NY,Corporate
4607,Stephanie Young,USA,CA,Corporate
3890,Gregory Snyder,USA,CO,Corporate
2736,Lawrence Keller,USA,MI,Corporate
7451,Sharon Smith,USA,IL,Corporate
18163,Cheyenne Blevins,USA,NY,Corporate
17904,Whitney Russell,USA,CA,Corporate
18139,Kirby Garrett,USA,TX,Corporate
19104,Ila Jacobson,USA,PA,Corporate
15768,Cora Bush,USA,CA,Corporate
15815,Alyssa Whitaker,USA,NJ,Corporate
8355,Jonathan Parker,USA,CA,Corporate
18498,Lani Coleman,USA,CA,Corporate
18454,Kevyn Rowland,USA,NJ,Corporate
5547,Mary Perry,USA,UT,Corporate
1345,Adam Wilson,USA,OH,Corporate
18434,Zenia Chaney,USA,TX,Corporate
6858,Diana Castaneda,USA,FL,Corporate
18867,Heidi Bush,USA,CO,Corporate
8269,Mary Smith,USA,MI,Corporate
18676,Amanda Rush,USA,NY,Corporate
15548,Kiayada Gonzales,USA,WI,Corporate
233,Hannah Smith,USA,AZ,Corporate
11546,Mary Schwartz,USA,KS,Corporate
3173,Betty Smith,USA,CA,Corporate
17577,Kyla Haley,USA,TX,Corporate
17778,Hedwig Cantu,USA,VA,Corporate
15170,Kelsey Reid,USA,FL,Corporate
20109,Bertha Patrick,USA,HI,Corporate
16180,Adrienne Rutledge,USA,CA,Corporate
16302,Meredith Albert,USA,FL,Corporate
20303,Aiko Mccall,USA,CA,Corporate
6603,Brenda Gonzalez,USA,CA,Corporate
4785,Rachel Price,USA,LA,Corporate
2159,Kimberly Sweeney,USA,TX,Corporate
11985,Jennifer Moss,USA,NJ,Corporate
5183,Mary Schroeder,USA,TX,Corporate
4866,Sean Hoffman,USA,CA,Corporate
6773,Mary Gonzalez,USA,CA,Corporate
7348,Mary Smith,USA,TX,Corporate
8067,Karen Holland,USA,VA,Corporate
6100,Joshua Blake,USA,CA,Corporate
6185,Donald Smith,USA,IL,Corporate
6385,Alan Jennings,USA,CA,Corporate
4683,Mary Lang,USA,CA,Corporate
4917,Lauren Campbell,USA,IL,Corporate
4628,Mary Smith,USA,GA,Corporate
7897,Megan Phillips,USA,CA,Corporate
3578,Christian Cameron,USA,FL,Corporate
10047,Ruth Parker,USA,OR,Corporate
14566,Jessamine Wright,USA,TX,Corporate
12977,Sade Sweeney,USA,CA,Corporate
4820,Jennifer Smith,USA,MD,Corporate
4074,Barbara Smith,USA,PA,Corporate
3699,Charles Walker,USA,CA,Corporate
12748,Xaviera Sullivan,USA,TX,Corporate
1587,Jose Warner,USA,MI,Corporate
5694,Mary Potter,USA,NC,Corporate
4500,Jesse Fields,USA,TX,Corporate
8361,Mary King,USA,CA,Corporate
18261,Jayme Clay,USA,PA,Corporate
18264,Charlotte Rojas,USA,TX,Corporate
2834,Mary Smith,USA,GA,Corporate
1521,Christopher Smith,USA,CA,Corporate
2299,Dorothy Miller,USA,AZ,Corporate
6537,Susan Lopez,USA,CA,Corporate
6538,Mark Edwards,USA,HI,Corporate
17029,Madonna Lee,USA,NJ,Corporate
20757,Katelyn Gonzales,USA,FL,Corporate
17031,Sophia Carpenter,USA,KS,Corporate
5373,Patricia Serrano,USA,TX,Corporate
4898,Joseph Ellis,USA,MA,Corporate
8159,Rebecca Smith,USA,OH,Corporate
1961,Mary Holt,USA,OH,Corporate
3021,Nancy Alvarado,USA,NY,Corporate
2180,Shirley Smith,USA,GA,Corporate
2944,Mary Kelley,USA,CA,Corporate
9683,Mary Ray,USA,CA,Corporate
1031,Alexander Smith,USA,CA,Corporate
7116,Mary Smith,USA,CA,Corporate
8181,Mary Long,USA,CA,Corporate
10324,Mary Smith,USA,FL,Corporate
13382,Aimee Fischer,USA,CA,Corporate
14430,Ainsley Green,USA,OH,Corporate
14092,Mikayla Guthrie,USA,VA,Corporate
13499,Shelley Mcclure,USA,TX,Corporate
14368,Ria Murray,USA,TX,Corporate
14471,Daryl Garza,USA,NY,Corporate
14561,Donna Odom,USA,OR,Corporate
13187,Whitney Case,USA,CA,Corporate
13258,Ayanna Pacheco,USA,CA,Corporate
14096,Christen Holder,USA,CA,Corporate
1693,Joe Smith,USA,MD,Corporate
13896,Lois Middleton,USA,CA,Corporate
3822,Mary Smith,USA,UT,Corporate
14001,Anika Mccullough,USA,CA,Corporate
14052,Madison Gallegos,USA,NY,Corporate
10524,Sharon Smith,USA,NC,Corporate
4856,Mary Smith,USA,VA,Corporate
11872,Janet Casey,USA,CA,Corporate
10400,Carl Warner,USA,CO,Corporate
14774,Irma Allen,USA,NY,Corporate
7478,Kimberly Villa,USA,NY,Corporate
2974,Mary Fisher,USA,IL,Corporate
8266,Mary Patterson,USA,CA,Corporate
5051,Brenda Smith,USA,ND,Corporate
11317,Ethan Smith,USA,RI,Corporate
8978,Emily Maxwell,USA,CA,Corporate
3210,Richard Welch,USA,CA,Corporate
585,Mary Smith,USA,NY,Corporate
2676,Jeffrey Smith,USA,PA,Corporate
12657,Kevyn Black,USA,OH,Corporate
12839,Lenore Acosta,USA,NV,Corporate
4573,Mary Smith,USA,UT,Corporate
5942,Walter Perez,USA,PA,Corporate
3120,Rose Smith,USA,CO,Corporate
5944,Stephen Smith,USA,NY,Corporate
11157,Mary Smith,USA,PA,Corporate
6369,Linda Gordon,USA,NC,Corporate
1359,Brittany Smith,USA,CA,Corporate
11159,Mary Bruce,USA,CA,Corporate
8615,Mary Smith,USA,TX,Corporate
11909,Mary Nguyen,USA,CA,Corporate
9627,Mary Smith,USA,NV,Corporate
18092,Nicole Conway,USA,OH,Corporate
18122,Alma Brock,USA,NM,Corporate
18266,Raven Weber,USA,CA,Corporate
19269,Madonna Boyd,USA,TX,Corporate
16601,Lesley Cabrera,USA,AZ,Corporate
20480,Victoria Klein,USA,NY,Corporate
20478,Ingrid Shepherd,USA,PA,Corporate
18458,Aubrey Lucas,USA,IL,Corporate
298,Mary Logan,USA,IL,Corporate
20475,Naida Mayer,USA,VA,Corporate
17969,Hedwig Henderson,USA,PA,Corporate
7708,Mary Price,USA,PA,Corporate
18395,Chava Keller,USA,SC,Corporate
20466,Hannah Higgins,USA,NY,Corporate
5303,Diana Shepherd,USA,TX,Corporate
3242,Mary Garcia,USA,CA,Corporate
5076,Mary Jackson,USA,OH,Corporate
15514,Martina Lynch,USA,NV,Corporate
15599,Phyllis Knowles,USA,MO,Corporate
15597,Fiona Cooke,USA,AZ,Corporate
5538,Lisa Smith,USA,CA,Corporate
1134,Mary Smith,USA,CA,Corporate
16278,Hedwig Santos,USA,IL,Corporate
16309,Deanna Cherry,USA,NY,Corporate
19948,Iris Shannon,USA,TX,Corporate
20001,Quyn Pierce,USA,OH,Corporate
18994,McKenzie Haynes,USA,NY,Corporate
16371,Lydia Bird,USA,CA,Corporate
4199,Mary Smith,USA,CA,Corporate
4980,Mary Wilson,USA,NY,Corporate
11015,Mary Martinez,USA,CA,Corporate
8762,Mary Smith,USA,CA,Corporate
1114,James Martin,USA,TX,Corporate
406,Grace Patel,USA,NC,Corporate
176,Amy Smith,USA,MD,Corporate
5028,Joseph Lucero,USA,FL,Corporate
5892,Catherine Smith,USA,DE,Corporate
546,Mary Smith,USA,UT,Corporate
5509,Diana Smith,USA,GA,Corporate
9320,Nicole Johnson,USA,PA,Corporate
10750,Jessica Smith,USA,CA,Corporate
1940,Katherine Smith,USA,NM,Corporate
2230,Rebecca Smith,USA,CA,Corporate
10216,Mary Schneider,USA,MD,Corporate
7486,Mary Kent,USA,CA,Corporate
9268,William Roberson,USA,IL,Corporate
3735,Mary Lewis,USA,CA,Corporate
2707,Mary Smith,USA,IL,Corporate
7194,Cynthia Taylor,USA,CA,Corporate
2070,Mary Smith,USA,WI,Corporate
4486,Patricia Carter,USA,CA,Corporate
10692,Sharon Smith,USA,TX,Corporate
1338,Linda Smith,USA,AR,Corporate
1418,Ann King,USA,NM,Corporate
10283,Brian Myers,USA,NY,Corporate
14401,Naida Goff,USA,IL,Corporate
14275,Cora Oconnor,USA,MD,Corporate
14274,Tallulah Frazier,USA,CA,Corporate
14218,Minerva England,USA,TX,Corporate
14145,Audrey Talley,USA,MI,Corporate
14213,Alexa Hubbard,USA,TX,Corporate
14066,Jenna Greene,USA,OR,Corporate
14671,Hannah Olson,USA,NM,Corporate
14369,Beatrice Conway,USA,MA,Corporate
14189,Madonna Cohen,USA,IL,Corporate
4964,Charles Martinez,USA,NY,Consumer
12667,Laurel Whitehead,USA,MI,Consumer
12665,Jolene Taylor,USA,FL,Consumer
12590,Minerva Delaney,USA,FL,Consumer
12458,Deanna Abbott,USA,NJ,Consumer
12920,Miriam Patrick,USA,MD,Consumer
12919,Danielle May,USA,CA,Consumer
9691,Mary Smith,USA,CA,Consumer
3359,Michelle Torres,USA,CA,Consumer
2808,Mary Smith,USA,TN,Consumer
8238,Jesse Smith,USA,TX,Consumer
8936,Sharon Patel,USA,CA,Consumer
42,Ethan Smith,USA,GA,Consumer
356,Roger Smith,USA,MD,Consumer
1487,Shawn Smith,USA,VA,Consumer
12294,Theresa Reid,USA,CA,Consumer
11232,Denise Smith,USA,FL,Consumer
10587,Mary Smith,USA,CT,Consumer
12412,Cynthia Gilmore,USA,IL,Consumer
4652,Mary Smith,USA,CO,Consumer
4185,Mary Hendricks,USA,MN,Consumer
11639,Teresa Salazar,USA,NC,Consumer
4050,Stephanie Smith,USA,NY,Consumer
9338,James Davis,USA,CA,Consumer
11167,Mary Hinton,USA,NY,Consumer
2085,Mary Mahoney,USA,CA,Consumer
2536,Richard Pineda,USA,CA,Consumer
7564,Christopher Smith,USA,GA,Consumer
8510,Roger Smith,USA,NY,Consumer
6514,Crystal Contreras,USA,FL,Consumer
9182,Mary English,USA,MI,Consumer
11136,Gloria Smith,USA,FL,Consumer
9784,Mary Smith,USA,GA,Consumer
3912,Mary Pace,USA,NY,Consumer
11215,Tiffany Smith,USA,MD,Consumer
6151,Mary Jones,USA,NC,Consumer
488,Mary Dougherty,USA,CA,Consumer
4321,Juan Tanner,USA,HI,Consumer
8754,Paul Sanchez,USA,NY,Consumer
4484,Gloria Smith,USA,GA,Consumer
2659,Terry Smith,USA,MD,Consumer
7261,Mary Smith,USA,CO,Consumer
5926,Mary Smith,USA,CA,Consumer
108,Joshua Smith,USA,NY,Consumer
697,Harold Pratt,USA,DC,Consumer
11948,Jennifer Reyes,USA,CA,Consumer
5231,Mary Reynolds,USA,OR,Consumer
9084,Jack Smith,USA,AR,Consumer
508,Ronald Medina,USA,CA,Consumer
4769,Mary Smith,USA,CA,Consumer
627,Robert Smith,USA,HI,Consumer
12171,Joyce Malone,USA,IL,Consumer
808,Mary Smith,USA,TX,Consumer
118,Katherine Olson,USA,UT,Consumer
3187,Mary Clark,USA,NJ,Consumer
3646,Mary Smith,USA,NY,Consumer
959,Mary Smith,USA,AZ,Consumer
1185,Rachel Smith,USA,MN,Consumer
9485,Philip Grimes,USA,CA,Consumer
10752,Mary Smith,USA,TX,Consumer
3077,Albert Rush,USA,CA,Consumer
12272,Robert Smith,USA,AZ,Consumer
11750,Cynthia Kidd,USA,IL,Consumer
6716,Elizabeth Dixon,USA,TN,Consumer
1228,Diana Smith,USA,CA,Consumer
1750,Christopher Sanford,USA,CA,Consumer
7634,Pamela Ray,USA,KS,Consumer
6940,Mary Smith,USA,CA,Consumer
7445,Mary Smith,USA,CA,Consumer
4798,Mary Smith,USA,TX,Consumer
12390,Joshua Smith,USA,NV,Consumer
4369,Joan Johnson,USA,CA,Consumer
7763,Philip Smith,USA,TX,Consumer
11497,Mary Smith,USA,IL,Consumer
9855,Anthony Wade,USA,CA,Consumer
10231,Michael Reeves,USA,MN,Consumer
10332,Mary Smith,USA,IL,Consumer
19864,Madonna Terry,USA,TX,Consumer
18903,Lisandra Figueroa,USA,NY,Consumer
18148,Camille Mendoza,USA,NC,Consumer
18214,Daryl Holland,USA,OK,Consumer
18051,Diana Reed,USA,NY,Consumer
16539,Irma Schultz,USA,MA,Consumer
19082,Rhonda Larson,USA,GA,Consumer
16617,Chiquita Santiago,USA,CA,Consumer
16616,Emma Hinton,USA,NY,Consumer
16579,Ila Blake,USA,NV,Consumer
19198,Bell Monroe,USA,TX,Consumer
15755,Fatima Benson,USA,NY,Consumer
15742,Alma Medina,USA,NY,Consumer
18813,Marny Erickson,USA,TX,Consumer
15756,Charissa Guerra,USA,FL,Consumer
15684,Faith Bradshaw,USA,NJ,Consumer
18499,Sharon Carroll,USA,HI,Consumer
20752,Lee Glover,USA,NY,Consumer
11606,Mary Cisneros,USA,NC,Consumer
8086,Paul Moon,USA,PA,Consumer
9287,Deborah Smith,USA,AZ,Consumer
6488,Mary Smith,USA,CT,Consumer
7192,Mary Bowers,USA,MD,Consumer
1914,Mary Shannon,USA,IL,Consumer
17718,Ulla Estrada,USA,TX,Consumer
17267,Tallulah Wilder,USA,NJ,Consumer
9156,Mary Wells,USA,IL,Consumer
11713,Mary Frost,USA,MI,Consumer
2762,Mary Zamora,USA,OH,Consumer
10530,Mary Smith,USA,CA,Consumer
10553,Michael Shea,USA,OR,Consumer
18329,Amelia Witt,USA,NY,Consumer
15941,Brynne Tran,USA,IL,Consumer
3970,Mary Rodgers,USA,DC,Consumer
3031,Carol Smith,USA,NY,Consumer
5176,Jessica Smith,USA,CA,Consumer
20454,Tana Oneal,USA,MI,Consumer
10494,Mary Hernandez,USA,NJ,Consumer
841,David Smith,USA,NY,Consumer
10135,Edward Smith,USA,TX,Consumer
20540,Winifred Cleveland,USA,MA,Consumer
17492,Hayfa Salazar,USA,CA,Consumer
20683,Rhoda Schultz,USA,MO,Consumer
18356,Giselle Boyd,USA,IL,Consumer
17256,Charissa Taylor,USA,AZ,Consumer
6202,Mary Williams,USA,NY,Consumer
3205,Julie Santiago,USA,TX,Consumer
2264,Melissa Pearson,USA,CA,Consumer
15338,Isadora Pennington,USA,OH,Consumer
15337,Amena Bender,USA,NY,Consumer
15552,Julie Benton,USA,OH,Consumer
15351,Martina Koch,USA,CA,Consumer
15405,Germane Coffey,USA,IL,Consumer
3818,Victoria Stout,USA,AZ,Consumer
6810,Roger Smith,USA,PA,Consumer
1848,Mary Brown,USA,TX,Consumer
11450,Donald Nelson,USA,TX,Consumer
7220,Mary Lyons,USA,PA,Consumer
11368,Daniel Johnson,USA,NY,Consumer
11628,Jennifer Edwards,USA,NV,Consumer
5968,Deborah Smith,USA,CA,Consumer
7472,William Howard,USA,MA,Consumer
11988,Judy Smith,USA,TX,Consumer
8049,Mary Mcgee,USA,CA,Consumer
11620,Ashley Hill,USA,CA,Consumer
17564,Sade Monroe,USA,PA,Consumer
16170,Katell Shannon,USA,CA,Consumer
18892,Lacota Diaz,USA,CA,Consumer
15248,Cameron Mcbride,USA,NC,Consumer
20059,Jenna Coleman,USA,CA,Consumer
18980,Tashya Nixon,USA,PA,Consumer
19771,Marah Bond,USA,CO,Consumer
18904,Kellie Douglas,USA,CA,Consumer
16213,Ivory Gibbs,USA,CA,Consumer
19025,Hiroko Soto,USA,NV,Consumer
19993,Anjolie Dodson,USA,NY,Consumer
19903,Oprah Acosta,USA,CA,Consumer
16153,Karina Rush,USA,OH,Consumer
12062,Nicholas Smith,USA,IN,Consumer
7615,Howard Smith,USA,NM,Consumer
2175,Mary Smith,USA,TX,Consumer
5650,Joseph Hutchinson,USA,NY,Consumer
11468,Mary Barton,USA,OH,Consumer
8431,Mary Lopez,USA,OH,Consumer
4235,Mary Smith,USA,GA,Consumer
2548,Mary Curtis,USA,OH,Consumer
7874,Zachary Smith,USA,MD,Consumer
12369,Mary Martinez,USA,WA,Consumer
6835,Robert Singh,USA,PA,Consumer
10516,Donald Lyons,USA,NY,Consumer
10359,Sean Castro,USA,AL,Consumer
300,Mary Key,USA,TX,Consumer
11265,Alexander Harrell,USA,IL,Consumer
9200,Mary Orozco,USA,NY,Consumer
9387,Mary Hernandez,USA,FL,Consumer
1471,Lori Riley,USA,CA,Consumer
3320,Mary Smith,USA,FL,Consumer
8879,Mary Smith,USA,GA,Consumer
6908,Grace Wilson,USA,CO,Consumer
3766,David Chavez,USA,CA,Consumer
9036,Mary Chase,USA,NY,Consumer
6142,Andrew Smith,USA,PA,Consumer
10293,Aaron Jordan,USA,NY,Consumer
9290,Mary Hernandez,USA,VA,Consumer
11886,Mary Shields,USA,NV,Consumer
3289,Mary Adkins,USA,CA,Consumer
12334,Michael Robertson,USA,CA,Consumer
156,Mary Smith,USA,CA,Consumer
9892,David Norris,USA,KY,Consumer
11110,Jean Parker,USA,CA,Consumer
12068,Mary Smith,USA,CO,Consumer
10817,Mary Warren,USA,FL,Consumer
857,Mary Duran,USA,TX,Consumer
2908,Mary Smith,USA,WI,Consumer
11251,Pamela Smith,USA,CA,Consumer
6760,Kathleen Collins,USA,CA,Consumer
3280,Kathleen Smith,USA,RI,Consumer
5952,Jacob Smith,USA,UT,Consumer
9437,Jack Tucker,USA,WA,Consumer
9405,Ashley Smith,USA,CT,Consumer
5723,Samantha Howard,USA,CT,Consumer
6610,Mary Smith,USA,NY,Consumer
11867,Richard Ward,USA,CA,Consumer
923,Mary Smith,USA,VA,Consumer
1781,Mary Raymond,USA,CA,Consumer
4244,Mark Hooper,USA,AZ,Consumer
4891,Richard Smith,USA,PA,Consumer
6581,Christian Smith,USA,VA,Consumer
6632,Jessica Smith,USA,NC,Consumer
4112,Jonathan Martin,USA,OH,Consumer
5410,Mary Davis,USA,CA,Consumer
9738,Mary Castillo,USA,MI,Consumer
6333,Ralph Smith,USA,TN,Consumer
9606,Patricia Cooper,USA,CA,Consumer
6469,Mary Luna,USA,NJ,Consumer
11399,Mary Martinez,USA,WA,Consumer
9622,Roy Smith,USA,TX,Consumer
3803,Mary Salazar,USA,CA,Consumer
2522,Edward Dominguez,USA,PA,Consumer
8635,Stephen Smith,USA,NY,Consumer
4900,James Trevino,USA,FL,Consumer
5037,Amber Pearson,USA,CA,Consumer
9812,Eric Green,USA,CA,Consumer
7686,John Smith,USA,NY,Consumer
4940,Marie Snyder,USA,NY,Consumer
4880,Carol Banks,USA,CA,Consumer
11394,Vincent Smith,USA,CA,Consumer
1705,Mary Smith,USA,FL,Consumer
9575,John Richards,USA,CA,Consumer
5617,Barbara Smith,USA,NY,Consumer
5552,Mary Smith,USA,OH,Consumer
1955,Arthur West,USA,OR,Consumer
8560,Sandra Reynolds,USA,NJ,Consumer
8025,Frank Foster,USA,NY,Consumer
1046,Mary Smith,USA,TX,Consumer
3002,Mary Carter,USA,NY,Consumer
3582,Ruth Smith,USA,NY,Consumer
9427,Douglas Berry,USA,TX,Consumer
3977,Mary Smith,USA,MI,Consumer
3728,Mary Smith,USA,OH,Consumer
7956,Patricia Maynard,USA,FL,Consumer
3337,Jeffrey Smith,USA,MD,Consumer
5773,Mary Ellis,USA,FL,Consumer
5894,Lauren Smith,USA,IL,Consumer
10257,Michael Smith,USA,AZ,Consumer
11630,Mary Clark,USA,FL,Consumer
6264,Thomas Irwin,USA,IL,Consumer
5905,Denise Smith,USA,NM,Consumer
11330,Arthur Johnson,USA,PA,Consumer
6903,Alexander Moore,USA,NY,Consumer
14724,Emily Reyes,USA,CA,Consumer
13059,Macy Leblanc,USA,AZ,Consumer
13472,Ivy Page,USA,FL,Consumer
14536,Lynn Mckinney,USA,TX,Consumer
13501,Quail Alexander,USA,CA,Consumer
14601,Signe Patton,USA,KY,Consumer
9308,Deborah Smith,USA,IL,Consumer
9166,Jesse Benitez,USA,NM,Consumer
4347,Angela Merritt,USA,CA,Consumer
6330,Mary Hodges,USA,MD,Consumer
5103,Mary Davis,USA,CA,Consumer
535,Patricia Hunt,USA,NY,Consumer
84,Douglas Smith,USA,FL,Consumer
9693,Mary Cortez,USA,TX,Consumer
6391,Mary Smith,USA,NY,Consumer
12022,Mary Smith,USA,FL,Consumer
7059,Mary Smith,USA,CO,Consumer
8173,Brian Nguyen,USA,CA,Consumer
7858,Mary Smith,USA,FL,Consumer
12539,Tatiana Roach,USA,CO,Consumer
12603,Ila Case,USA,OH,Consumer
15000,Wynne Stevens,USA,TX,Consumer
10572,Mary Smith,USA,IL,Consumer
7100,Jessica Mckenzie,USA,KS,Consumer
9106,Mary Perez,USA,IL,Consumer
3931,Linda Vasquez,USA,IL,Consumer
10320,David Smith,USA,FL,Consumer
1821,Mary Trevino,USA,OH,Consumer
6160,William Schroeder,USA,DC,Consumer
1137,Frank Brown,USA,MI,Consumer
4582,Brian House,USA,CA,Consumer
82,Jonathan Cook,USA,TX,Consumer
794,Lawrence Bennett,USA,FL,Consumer
10942,Donald Smith,USA,TX,Consumer
9151,Aaron Smith,USA,MD,Consumer
10101,Mary Lindsey,USA,CA,Consumer
6449,Daniel Padilla,USA,CA,Consumer
1649,Amber Smith,USA,NJ,Consumer
20102,Alea Terry,USA,PA,Consumer
19068,Karleigh Whitney,USA,IL,Consumer
16563,Kyra Humphrey,USA,AZ,Consumer
19238,Lareina Figueroa,USA,GA,Consumer
18845,Margaret Bridges,USA,NJ,Consumer
7694,Donald Smith,USA,CA,Consumer
9312,John Campos,USA,OH,Consumer
4364,Samantha Anderson,USA,CA,Consumer
5791,Debra Lutz,USA,CA,Consumer
6761,Ethan Burgess,USA,FL,Consumer
17677,Susan Rosa,USA,CA,Consumer
2712,Mary Castillo,USA,CA,Consumer
20435,Yeo Booker,USA,CA,Consumer
12249,Susan Mann,USA,FL,Consumer
16079,Phoebe Noel,USA,CA,Consumer
15642,Aileen Rodriguez,USA,NY,Consumer
11683,James Guzman,USA,NY,Consumer
451,Mary Baldwin,USA,NC,Consumer
12320,Mary Smith,USA,OH,Consumer
8797,Lisa Edwards,USA,CA,Consumer
20093,Rebekah Justice,USA,CA,Consumer
17054,Alfreda Wong,USA,CA,Consumer
15184,Dahlia Benjamin,USA,VA,Consumer
11282,Maria Cook,USA,CA,Consumer
9188,Mary Gomez,USA,CA,Consumer
3826,Patricia Vincent,USA,VA,Consumer
2158,Mary Smith,USA,CA,Consumer
7561,Mary Smith,USA,AZ,Consumer
7219,Theresa Smith,USA,MI,Consumer
8531,Marie Harris,Puerto Rico,PR,Consumer
4092,Amber Williams,Puerto Rico,PR,Consumer
3675,Joyce Pittman,Puerto Rico,PR,Consumer
7153,Victoria Smith,Puerto Rico,PR,Consumer
10567,Diana Smith,Puerto Rico,PR,Consumer
6487,Stephen Salinas,Puerto Rico,PR,Consumer
2693,Raymond Wallace,Puerto Rico,PR,Consumer
12926,Rylee Sanford,Puerto Rico,PR,Consumer
14948,Hadley Gross,Puerto Rico,PR,Consumer
454,Robert Fitzpatrick,Puerto Rico,PR,Consumer
10482,Mary Rivera,Puerto Rico,PR,Consumer
7117,Teresa Edwards,Puerto Rico,PR,Consumer
3536,Mary Tanner,Puerto Rico,PR,Consumer
1371,Mary Smith,Puerto Rico,PR,Consumer
8059,Mary Smith,Puerto Rico,PR,Consumer
12372,Rachel Smith,Puerto Rico,PR,Consumer
11,Mary Huffman,Puerto Rico,PR,Consumer
7840,Mary Smith,Puerto Rico,PR,Consumer
3036,Mary Huerta,Puerto Rico,PR,Consumer
617,Stephanie Smith,Puerto Rico,PR,Consumer
11834,Betty Hansen,Puerto Rico,PR,Consumer
4659,Paul Smith,Puerto Rico,PR,Consumer
939,Mary Todd,Puerto Rico,PR,Consumer
4080,Mary Smith,Puerto Rico,PR,Consumer
10847,Mary Estes,Puerto Rico,PR,Consumer
12107,Sharon Patterson,Puerto Rico,PR,Consumer
7876,Emily Black,Puerto Rico,PR,Consumer
7012,Mary Allen,Puerto Rico,PR,Consumer
6250,Sarah Smith,Puerto Rico,PR,Consumer
10127,Mary Warren,Puerto Rico,PR,Consumer
6265,Mary Smith,Puerto Rico,PR,Consumer
4100,Mary Wilson,Puerto Rico,PR,Consumer
7693,Mary Walsh,Puerto Rico,PR,Consumer
776,Keith Smith,Puerto Rico,PR,Consumer
7121,Jason Smith,Puerto Rico,PR,Consumer
2632,John Smith,Puerto Rico,PR,Consumer
8713,Mary Newman,Puerto Rico,PR,Consumer
7726,Sarah Dawson,Puerto Rico,PR,Consumer
5620,Randy Watts,Puerto Rico,PR,Consumer
9558,Jessica Morton,Puerto Rico,PR,Consumer
12247,Brittany Smith,Puerto Rico,PR,Consumer
1548,Mary Rodriguez,Puerto Rico,PR,Consumer
10875,Mary Thompson,Puerto Rico,PR,Consumer
7849,Kenneth Rogers,Puerto Rico,PR,Consumer
6526,Amanda Campbell,Puerto Rico,PR,Consumer
2804,Matthew Norman,Puerto Rico,PR,Consumer
8140,Mary Green,Puerto Rico,PR,Consumer
3526,Kevin Durham,Puerto Rico,PR,Consumer
3076,Mary Smith,Puerto Rico,PR,Consumer
5826,Mary Smith,Puerto Rico,PR,Consumer
7728,Mary Campbell,Puerto Rico,PR,Consumer
7285,Kathryn West,Puerto Rico,PR,Consumer
7364,Janet Smith,Puerto Rico,PR,Consumer
3593,Christina Lewis,Puerto Rico,PR,Consumer
1739,Justin Smith,Puerto Rico,PR,Consumer
9783,Alexander Dominguez,Puerto Rico,PR,Consumer
7254,Mary Smith,Puerto Rico,PR,Consumer
10675,Brenda Smith,Puerto Rico,PR,Consumer
1404,Jean Gonzalez,Puerto Rico,PR,Consumer
1830,Angela Smith,Puerto Rico,PR,Consumer
10688,Pamela Rivers,Puerto Rico,PR,Consumer
4929,Janet Harvey,Puerto Rico,PR,Consumer
4932,Gerald Burton,Puerto Rico,PR,Consumer
12140,Lauren Smith,Puerto Rico,PR,Consumer
416,Rachel Dunn,Puerto Rico,PR,Consumer
10910,Michelle Smith,Puerto Rico,PR,Consumer
12073,Mildred Merritt,Puerto Rico,PR,Consumer
3247,Mary Pierce,Puerto Rico,PR,Consumer
11199,Mary Sellers,Puerto Rico,PR,Consumer
3418,Gerald Macdonald,Puerto Rico,PR,Consumer
6552,Brenda Smith,Puerto Rico,PR,Consumer
3872,Lisa Smith,Puerto Rico,PR,Consumer
10380,Mary Smith,Puerto Rico,PR,Consumer
2488,Mary Simon,Puerto Rico,PR,Consumer
12287,Robert Lee,Puerto Rico,PR,Consumer
5290,Mary Smith,Puerto Rico,PR,Consumer
2415,Mary Smith,Puerto Rico,PR,Consumer
4335,Mary Smith,Puerto Rico,PR,Consumer
3339,Mary Payne,Puerto Rico,PR,Consumer
6452,Tiffany Smith,Puerto Rico,PR,Consumer
7936,Deborah Miles,Puerto Rico,PR,Consumer
1149,Cynthia Harper,Puerto Rico,PR,Consumer
10340,Nicholas Stevens,Puerto Rico,PR,Consumer
5895,Mary Sullivan,Puerto Rico,PR,Consumer
9888,Jacqueline Smith,Puerto Rico,PR,Consumer
501,Mary Harvey,Puerto Rico,PR,Consumer
4796,Kelly Mcbride,Puerto Rico,PR,Consumer
10034,Elizabeth Smith,Puerto Rico,PR,Consumer
2584,Mary Williams,Puerto Rico,PR,Consumer
3683,Mary Fernandez,Puerto Rico,PR,Consumer
9103,Nathan Smith,Puerto Rico,PR,Consumer
8935,John Smith,Puerto Rico,PR,Consumer
7334,Mary Wilkerson,Puerto Rico,PR,Consumer
11687,Mary Wall,Puerto Rico,PR,Consumer
7054,Maria Arnold,Puerto Rico,PR,Consumer
1391,Philip Hart,Puerto Rico,PR,Consumer
12314,Bruce Smith,Puerto Rico,PR,Consumer
4136,John Estrada,Puerto Rico,PR,Consumer
4504,Betty Weiss,Puerto Rico,PR,Consumer
7459,Mary Davidson,Puerto Rico,PR,Consumer
4003,Joseph Harper,Puerto Rico,PR,Consumer
12199,Mary Smith,Puerto Rico,PR,Consumer
5167,Louis Salinas,Puerto Rico,PR,Consumer
6977,Mary Short,Puerto Rico,PR,Consumer
5252,Mary Smith,Puerto Rico,PR,Consumer
2349,William Smith,Puerto Rico,PR,Consumer
10391,Mary Smith,Puerto Rico,PR,Consumer
4163,Grace Welch,Puerto Rico,PR,Consumer
714,Mark Beltran,Puerto Rico,PR,Consumer
2595,Amy Smith,Puerto Rico,PR,Consumer
506,Richard Holloway,Puerto Rico,PR,Consumer
6318,Gerald Garza,Puerto Rico,PR,Consumer
11118,Mary Smith,Puerto Rico,PR,Consumer
2955,Mary Williams,Puerto Rico,PR,Consumer
3745,Kimberly Smith,Puerto Rico,PR,Consumer
3038,Mary Schmidt,Puerto Rico,PR,Consumer
6604,Heather Smith,Puerto Rico,PR,Consumer
12114,Mary Todd,Puerto Rico,PR,Consumer
9988,Brenda Simmons,Puerto Rico,PR,Consumer
5193,Amanda Stokes,Puerto Rico,PR,Consumer
1663,Raymond Adams,Puerto Rico,PR,Consumer
7723,Mary Whitney,Puerto Rico,PR,Consumer
6430,Mary Jackson,Puerto Rico,PR,Consumer
863,Katherine Scott,Puerto Rico,PR,Consumer
4562,Mary Smith,Puerto Rico,PR,Consumer
1411,David Sandoval,Puerto Rico,PR,Consumer
1908,Beverly Pugh,Puerto Rico,PR,Consumer
8172,Mary Smith,Puerto Rico,PR,Consumer
247,Angela Smith,Puerto Rico,PR,Consumer
6535,Brittany Cummings,Puerto Rico,PR,Consumer
1798,Mary Kaiser,Puerto Rico,PR,Consumer
4951,Mary Peck,Puerto Rico,PR,Consumer
937,Daniel Cole,Puerto Rico,PR,Consumer
6775,Mary Smith,Puerto Rico,PR,Consumer
6338,Sharon Snyder,Puerto Rico,PR,Consumer
2466,Gary Davis,Puerto Rico,PR,Consumer
11102,Mary Jackson,Puerto Rico,PR,Consumer
1582,Carol Merritt,Puerto Rico,PR,Consumer
4705,Mary Smith,Puerto Rico,PR,Consumer
1299,Mary Smith,Puerto Rico,PR,Consumer
75,Mary Smith,Puerto Rico,PR,Consumer
7706,Mary Cook,Puerto Rico,PR,Consumer
4857,Nancy Whitaker,Puerto Rico,PR,Consumer
4220,Mary Morgan,Puerto Rico,PR,Consumer
12082,Stephanie Morris,Puerto Rico,PR,Consumer
6750,Alan Smith,Puerto Rico,PR,Consumer
425,Mary Sexton,Puerto Rico,PR,Consumer
12188,Donald Green,Puerto Rico,PR,Consumer
815,Johnny Smith,Puerto Rico,PR,Consumer
9062,James Farmer,Puerto Rico,PR,Consumer
8199,William Smith,Puerto Rico,PR,Consumer
927,Diana Smith,Puerto Rico,PR,Consumer
10025,Alexander Smith,Puerto Rico,PR,Consumer
4971,Mary Hogan,Puerto Rico,PR,Consumer
1053,Mary Martinez,Puerto Rico,PR,Consumer
11566,Marilyn Smith,Puerto Rico,PR,Consumer
1066,Virginia Clark,Puerto Rico,PR,Consumer
9923,David Lawrence,Puerto Rico,PR,Consumer
10956,Mary Smith,Puerto Rico,PR,Consumer
2721,Matthew Smith,Puerto Rico,PR,Consumer
12123,Jeremy Tucker,Puerto Rico,PR,Consumer
8415,Andrew Garza,Puerto Rico,PR,Consumer
10999,Crystal Ballard,Puerto Rico,PR,Consumer
12411,Mary Perez,Puerto Rico,PR,Consumer
2388,Teresa Murphy,Puerto Rico,PR,Consumer
8407,Mary Pittman,Puerto Rico,PR,Consumer
6099,Helen Smith,Puerto Rico,PR,Consumer
3968,Catherine Pacheco,Puerto Rico,PR,Consumer
8506,Elizabeth Smith,Puerto Rico,PR,Consumer
8908,Mary Jenkins,Puerto Rico,PR,Consumer
7458,Philip Williams,Puerto Rico,PR,Consumer
3810,Rose Lamb,Puerto Rico,PR,Consumer
2042,Sara Castro,Puerto Rico,PR,Consumer
4154,Mary Smith,Puerto Rico,PR,Consumer
2873,Joyce Padilla,Puerto Rico,PR,Consumer
1350,Joseph Patterson,Puerto Rico,PR,Consumer
10495,Janet Gentry,Puerto Rico,PR,Consumer
11668,Jean Smith,Puerto Rico,PR,Consumer
10003,Robert Kerr,Puerto Rico,PR,Consumer
4656,Eric Smith,Puerto Rico,PR,Consumer
1198,Beverly Tate,Puerto Rico,PR,Consumer
11889,Mary Smith,Puerto Rico,PR,Consumer
7574,Mary Smith,Puerto Rico,PR,Consumer
727,Mary Smith,Puerto Rico,PR,Consumer
6482,Mary Sellers,Puerto Rico,PR,Consumer
7745,Mary Solis,Puerto Rico,PR,Consumer
2435,Roger Gaines,Puerto Rico,PR,Consumer
8270,Steven Moran,Puerto Rico,PR,Consumer
408,Elizabeth Raymond,Puerto Rico,PR,Consumer
12042,Doris Smith,Puerto Rico,PR,Consumer
10818,James Smith,Puerto Rico,PR,Consumer
7209,Mary Berry,Puerto Rico,PR,Consumer
12276,Martha Smith,Puerto Rico,PR,Consumer
9984,Mary Parker,Puerto Rico,PR,Consumer
10740,Mary Garner,Puerto Rico,PR,Consumer
12024,Mary Smith,Puerto Rico,PR,Consumer
3691,Mary Campos,Puerto Rico,PR,Consumer
9645,Andrea Smith,Puerto Rico,PR,Consumer
6792,Mary Smith,Puerto Rico,PR,Consumer
2879,William Garcia,Puerto Rico,PR,Consumer
12375,Bruce Moore,Puerto Rico,PR,Consumer
997,Mary Price,Puerto Rico,PR,Consumer
12322,Mary Cain,Puerto Rico,PR,Consumer
1106,Daniel Smith,Puerto Rico,PR,Consumer
6002,Nathan Reyes,Puerto Rico,PR,Consumer
7570,Cynthia Jimenez,Puerto Rico,PR,Consumer
11517,Kathy Kelley,Puerto Rico,PR,Consumer
7543,Robert Roberson,Puerto Rico,PR,Consumer
9785,Barbara Barnes,Puerto Rico,PR,Consumer
12354,Brenda Wells,Puerto Rico,PR,Consumer
10554,Justin Smith,Puerto Rico,PR,Consumer
5901,Matthew Smith,Puerto Rico,PR,Consumer
2942,Mary Taylor,Puerto Rico,PR,Consumer
10703,Richard Dickson,Puerto Rico,PR,Consumer
11557,Mary Smith,Puerto Rico,PR,Consumer
1794,Paul Smith,Puerto Rico,PR,Consumer
10284,Mary Stafford,Puerto Rico,PR,Consumer
9680,Robert Smith,Puerto Rico,PR,Consumer
4408,Anna Smith,Puerto Rico,PR,Consumer
4191,Kimberly Salazar,Puerto Rico,PR,Consumer
4788,Mary Charles,Puerto Rico,PR,Consumer
243,Deborah Smith,Puerto Rico,PR,Consumer
8295,Margaret Lynch,Puerto Rico,PR,Consumer
8892,Russell Dennis,Puerto Rico,PR,Consumer
3221,Scott Smith,Puerto Rico,PR,Consumer
7915,Justin Murphy,Puerto Rico,PR,Consumer
9044,Mary Smith,Puerto Rico,PR,Consumer
11938,Laura Smith,Puerto Rico,PR,Consumer
10215,Lauren Brown,Puerto Rico,PR,Consumer
720,Thomas Smith,Puerto Rico,PR,Consumer
5574,Mary Castillo,Puerto Rico,PR,Consumer
8740,Mary Zimmerman,Puerto Rico,PR,Consumer
6059,Mary Diaz,Puerto Rico,PR,Consumer
11093,Dorothy Smith,Puerto Rico,PR,Consumer
5021,Mary Smith,Puerto Rico,PR,Consumer
10908,Jessica Smith,Puerto Rico,PR,Consumer
10206,Christopher Bentley,Puerto Rico,PR,Consumer
8399,Donna Sims,Puerto Rico,PR,Consumer
12409,Mary Mccann,Puerto Rico,PR,Consumer
2404,Mary Keller,Puerto Rico,PR,Consumer
4955,Frank Vaughn,Puerto Rico,PR,Consumer
3621,Mary West,Puerto Rico,PR,Consumer
18100,Regina Sloan,Puerto Rico,PR,Consumer
18172,Sierra Mcfadden,Puerto Rico,PR,Consumer
18153,Robina Schultz,Puerto Rico,PR,Consumer
18080,Ann Bailey,Puerto Rico,PR,Consumer
18060,Mia Wall,Puerto Rico,PR,Consumer
18221,Cassady Dyer,Puerto Rico,PR,Consumer
17890,Lois Ryan,Puerto Rico,PR,Consumer
18199,Joan Silva,Puerto Rico,PR,Consumer
18145,Moana Pickett,Puerto Rico,PR,Consumer
18036,Mariam Dickson,Puerto Rico,PR,Consumer
18234,Sylvia Lopez,Puerto Rico,PR,Consumer
18251,Alea Emerson,Puerto Rico,PR,Consumer
18249,Aileen Townsend,Puerto Rico,PR,Consumer
16449,Buffy Parrish,Puerto Rico,PR,Consumer
19086,Gemma Madden,Puerto Rico,PR,Consumer
16572,Carolyn Tyson,Puerto Rico,PR,Consumer
19138,Alea Flynn,Puerto Rico,PR,Consumer
16516,Kevyn Rojas,Puerto Rico,PR,Consumer
16587,Yolanda Lyons,Puerto Rico,PR,Consumer
19119,Selma Martinez,Puerto Rico,PR,Consumer
16622,Alma Mcintyre,Puerto Rico,PR,Consumer
16514,Melyssa Ramsey,Puerto Rico,PR,Consumer
19224,Emily Chaney,Puerto Rico,PR,Consumer
16492,Chantale Walters,Puerto Rico,PR,Consumer
19221,Beverly Mills,Puerto Rico,PR,Consumer
16455,Glenna Frost,Puerto Rico,PR,Consumer
16399,Amela Cochran,Puerto Rico,PR,Consumer
16525,Nyssa Francis,Puerto Rico,PR,Consumer
16398,Christine King,Puerto Rico,PR,Consumer
16452,Evangeline Sears,Puerto Rico,PR,Consumer
16434,Kaitlin Barber,Puerto Rico,PR,Consumer
19181,Vera Mcdaniel,Puerto Rico,PR,Consumer
16541,Iris Flowers,Puerto Rico,PR,Consumer
19091,Minerva Clayton,Puerto Rico,PR,Consumer
16415,Sheila Gonzales,Puerto Rico,PR,Consumer
16432,Lesley Taylor,Puerto Rico,PR,Consumer
15881,Gillian Nixon,Puerto Rico,PR,Consumer
15717,Roanna Mathis,Puerto Rico,PR,Consumer
15680,Suki Mcintyre,Puerto Rico,PR,Consumer
15787,Brianna Pace,Puerto Rico,PR,Consumer
18840,Brynn Dean,Puerto Rico,PR,Consumer
18749,Daryl Kerr,Puerto Rico,PR,Consumer
15747,Nayda Rocha,Puerto Rico,PR,Consumer
15745,Melinda Compton,Puerto Rico,PR,Consumer
15763,Heather Long,Puerto Rico,PR,Consumer
15708,Christen Velez,Puerto Rico,PR,Consumer
15796,Amber Burke,Puerto Rico,PR,Consumer
18742,Olivia Colon,Puerto Rico,PR,Consumer
18849,Bryar Chaney,Puerto Rico,PR,Consumer
18795,Sara Craft,Puerto Rico,PR,Consumer
15811,Kendall Hammond,Puerto Rico,PR,Consumer
15720,Hedy Cooper,Puerto Rico,PR,Consumer
2670,Mary Smith,Puerto Rico,PR,Consumer
9586,Mary Olson,Puerto Rico,PR,Consumer
7412,Terry Smith,Puerto Rico,PR,Consumer
7294,Sharon Ball,Puerto Rico,PR,Consumer
3348,James Lynn,Puerto Rico,PR,Consumer
3,Ann Smith,Puerto Rico,PR,Consumer
20698,Winter Maddox,Puerto Rico,PR,Consumer
6667,Mary Smith,Puerto Rico,PR,Consumer
20410,Taylor Osborn,Puerto Rico,PR,Consumer
17489,Giselle Spears,Puerto Rico,PR,Consumer
18337,Amena Perry,Puerto Rico,PR,Consumer
1090,Katherine Massey,Puerto Rico,PR,Consumer
17507,Ima Taylor,Puerto Rico,PR,Consumer
17650,Isabella Shaw,Puerto Rico,PR,Consumer
18463,Felicia Vaughn,Puerto Rico,PR,Consumer
18427,Haley Perry,Puerto Rico,PR,Consumer
2055,Mary Smith,Puerto Rico,PR,Consumer
3371,David Dixon,Puerto Rico,PR,Consumer
9440,Mary Leonard,Puerto Rico,PR,Consumer
17290,Patience Sheppard,Puerto Rico,PR,Consumer
17434,Lucy Mayo,Puerto Rico,PR,Consumer
17995,Faith Bray,Puerto Rico,PR,Consumer
15966,Hannah Ortega,Puerto Rico,PR,Consumer
1631,Mary Sweeney,Puerto Rico,PR,Consumer
11392,Mary Smith,Puerto Rico,PR,Consumer
18425,Basia Vega,Puerto Rico,PR,Consumer
1139,Benjamin Smith,Puerto Rico,PR,Consumer
18442,Skyler Gay,Puerto Rico,PR,Consumer
2065,Wayne Smith,Puerto Rico,PR,Consumer
9020,Deborah Smith,Puerto Rico,PR,Consumer
7550,Mary Smith,Puerto Rico,PR,Consumer
17342,Eliana Skinner,Puerto Rico,PR,Consumer
18496,Morgan Holcomb,Puerto Rico,PR,Consumer
6720,Olivia Moran,Puerto Rico,PR,Consumer
12238,Rebecca Gallagher,Puerto Rico,PR,Consumer
1151,Mary Griffith,Puerto Rico,PR,Consumer
16017,Rowan Mcdowell,Puerto Rico,PR,Consumer
16035,Megan Dale,Puerto Rico,PR,Consumer
9519,Mary Taylor,Puerto Rico,PR,Consumer
20675,Aubrey Patel,Puerto Rico,PR,Consumer
15999,Jade Mendez,Puerto Rico,PR,Consumer
2695,Mary Weeks,Puerto Rico,PR,Consumer
11629,Cynthia Smith,Puerto Rico,PR,Consumer
17991,Rhoda Gutierrez,Puerto Rico,PR,Consumer
3198,Sarah Smith,Puerto Rico,PR,Consumer
7699,Judith Ray,Puerto Rico,PR,Consumer
18873,Isadora Gentry,Puerto Rico,PR,Consumer
20710,Maia Floyd,Puerto Rico,PR,Consumer
20638,Noelani Savage,Puerto Rico,PR,Consumer
11714,Larry Terrell,Puerto Rico,PR,Consumer
3345,Christine Smith,Puerto Rico,PR,Consumer
18438,Donna Boyle,Puerto Rico,PR,Consumer
2002,Amy Perez,Puerto Rico,PR,Consumer
17972,Evangeline Soto,Puerto Rico,PR,Consumer
18510,Kamy Delacruz,Puerto Rico,PR,Consumer
9926,Aaron Bush,Puerto Rico,PR,Consumer
9173,Matthew Williams,Puerto Rico,PR,Consumer
11241,Mary Smith,Puerto Rico,PR,Consumer
17463,Zelda Sims,Puerto Rico,PR,Consumer
11895,Timothy Walter,Puerto Rico,PR,Consumer
5299,Mary Randall,Puerto Rico,PR,Consumer
9077,Sean Smith,Puerto Rico,PR,Consumer
10562,Bruce Hester,Puerto Rico,PR,Consumer
20636,Quemby Mathews,Puerto Rico,PR,Consumer
9754,Mary Matthews,Puerto Rico,PR,Consumer
6331,Amy Smith,Puerto Rico,PR,Consumer
18490,Leilani Mann,Puerto Rico,PR,Consumer
18274,Quyn Middleton,Puerto Rico,PR,Consumer
20599,Carol Pittman,Puerto Rico,PR,Consumer
2107,Paul Smith,Puerto Rico,PR,Consumer
456,Douglas Turner,Puerto Rico,PR,Consumer
10967,Alexander Cunningham,Puerto Rico,PR,Consumer
15922,Aurora Kane,Puerto Rico,PR,Consumer
20382,Beverly Hansen,Puerto Rico,PR,Consumer
540,Mary Tran,Puerto Rico,PR,Consumer
15958,Abigail Sykes,Puerto Rico,PR,Consumer
7806,Mary Smith,Puerto Rico,PR,Consumer
8773,Samantha Floyd,Puerto Rico,PR,Consumer
20616,Ivana Zamora,Puerto Rico,PR,Consumer
1635,Catherine Smith,Puerto Rico,PR,Consumer
11064,Mark Mays,Puerto Rico,PR,Consumer
20489,Giselle Glass,Puerto Rico,PR,Consumer
17496,Briar Sheppard,Puerto Rico,PR,Consumer
11433,Peter Smith,Puerto Rico,PR,Consumer
17369,Lilah Petty,Puerto Rico,PR,Consumer
4833,Mary Smith,Puerto Rico,PR,Consumer
20380,Madeline Allen,Puerto Rico,PR,Consumer
17655,Whitney Holloway,Puerto Rico,PR,Consumer
8331,Mary Norman,Puerto Rico,PR,Consumer
17404,Jennifer Patrick,Puerto Rico,PR,Consumer
3865,Jessica Hunter,Puerto Rico,PR,Consumer
7853,Aaron Smith,Puerto Rico,PR,Consumer
7151,George Henry,Puerto Rico,PR,Consumer
4302,Nicole Downs,Puerto Rico,PR,Consumer
16025,Minerva Wilkerson,Puerto Rico,PR,Consumer
15935,Yeo Turner,Puerto Rico,PR,Consumer
1599,Andrew Smith,Puerto Rico,PR,Consumer
20413,Kay Hubbard,Puerto Rico,PR,Consumer
3453,Mary Smith,Puerto Rico,PR,Consumer
11139,Brenda Fisher,Puerto Rico,PR,Consumer
17257,Beatrice Thomas,Puerto Rico,PR,Consumer
17670,Katell Fletcher,Puerto Rico,PR,Consumer
2567,Mary Mclean,Puerto Rico,PR,Consumer
18483,Diana Hoover,Puerto Rico,PR,Consumer
8471,Lauren Smith,Puerto Rico,PR,Consumer
1541,Victoria Smith,Puerto Rico,PR,Consumer
18518,Ayanna Gallegos,Puerto Rico,PR,Consumer
20465,Vivian Roman,Puerto Rico,PR,Consumer
10477,Mary Holder,Puerto Rico,PR,Consumer
4958,Mary Smith,Puerto Rico,PR,Consumer
8201,Lauren Smith,Puerto Rico,PR,Consumer
3186,Jack Smith,Puerto Rico,PR,Consumer
4392,Mary Diaz,Puerto Rico,PR,Consumer
8938,Raymond Gould,Puerto Rico,PR,Consumer
10063,Julia Lopez,Puerto Rico,PR,Consumer
3549,Adam Morris,Puerto Rico,PR,Consumer
7743,Melissa Smith,Puerto Rico,PR,Consumer
745,Mary Smith,Puerto Rico,PR,Consumer
18737,Tatyana Cortez,Puerto Rico,PR,Consumer
7444,Pamela Andrade,Puerto Rico,PR,Consumer
15341,Aiko Acosta,Puerto Rico,PR,Consumer
15430,September Ward,Puerto Rico,PR,Consumer
15448,Quail Gonzales,Puerto Rico,PR,Consumer
15591,September Burgess,Puerto Rico,PR,Consumer
15302,Danielle Greer,Puerto Rico,PR,Consumer
15446,Moana Kim,Puerto Rico,PR,Consumer
18716,Dorothy Copeland,Puerto Rico,PR,Consumer
15373,Oprah Shaffer,Puerto Rico,PR,Consumer
15640,Emerald Hatfield,Puerto Rico,PR,Consumer
18657,Alma Cherry,Puerto Rico,PR,Consumer
15440,Britanney Mccoy,Puerto Rico,PR,Consumer
15509,Jordan Beck,Puerto Rico,PR,Consumer
18705,Kelsey Wilkins,Puerto Rico,PR,Consumer
15669,Portia Montoya,Puerto Rico,PR,Consumer
15345,Lareina Stone,Puerto Rico,PR,Consumer
15326,Angelica David,Puerto Rico,PR,Consumer
15378,Kai Shepherd,Puerto Rico,PR,Consumer
15324,Madeline Brady,Puerto Rico,PR,Consumer
18648,Marcia Johns,Puerto Rico,PR,Consumer
2134,Mary Gibbs,Puerto Rico,PR,Consumer
11174,Teresa Smith,Puerto Rico,PR,Consumer
5453,Grace English,Puerto Rico,PR,Consumer
4581,Jessica May,Puerto Rico,PR,Consumer
7435,Susan Smith,Puerto Rico,PR,Consumer
4019,Mary Parsons,Puerto Rico,PR,Consumer
105,Mary Smith,Puerto Rico,PR,Consumer
4513,Mary Robinson,Puerto Rico,PR,Consumer
4194,Lisa Smith,Puerto Rico,PR,Consumer
11824,Stephanie Smith,Puerto Rico,PR,Consumer
4786,Mary Bond,Puerto Rico,PR,Consumer
10598,Jason Smith,Puerto Rico,PR,Consumer
12336,Joe Smith,Puerto Rico,PR,Consumer
1497,Judith Richards,Puerto Rico,PR,Consumer
5378,Mary Frye,Puerto Rico,PR,Consumer
4641,Rachel Smith,Puerto Rico,PR,Consumer
1993,Diana Smith,Puerto Rico,PR,Consumer
6849,Mary Smith,Puerto Rico,PR,Consumer
3343,Vincent Smith,Puerto Rico,PR,Consumer
2727,Henry Smith,Puerto Rico,PR,Consumer
5605,Mary Smith,Puerto Rico,PR,Consumer
338,Ryan Smith,Puerto Rico,PR,Consumer
5779,Mary Powell,Puerto Rico,PR,Consumer
2627,Mary King,Puerto Rico,PR,Consumer
6569,Samantha Allen,Puerto Rico,PR,Consumer
3965,Mary Douglas,Puerto Rico,PR,Consumer
17586,Aimee Weiss,Puerto Rico,PR,Consumer
17602,Basia Mays,Puerto Rico,PR,Consumer
20261,Kiayada Sweeney,Puerto Rico,PR,Consumer
17819,Isabella Wilson,Puerto Rico,PR,Consumer
17801,Quin Rodgers,Puerto Rico,PR,Consumer
18629,Rosalyn Ward,Puerto Rico,PR,Consumer
16295,Raya Garrison,Puerto Rico,PR,Consumer
20044,Quincy Snow,Puerto Rico,PR,Consumer
20187,Glenna Bowen,Puerto Rico,PR,Consumer
19989,Hiroko Stout,Puerto Rico,PR,Consumer
19809,Bertha Blankenship,Puerto Rico,PR,Consumer
19880,Kathleen Huffman,Puerto Rico,PR,Consumer
17116,Ivana Mullins,Puerto Rico,PR,Consumer
18591,Kimberley Giles,Puerto Rico,PR,Consumer
18537,Lucy Slater,Puerto Rico,PR,Consumer
15229,Reagan Chan,Puerto Rico,PR,Consumer
18963,Sylvia Rhodes,Puerto Rico,PR,Consumer
18572,Mariam Wilcox,Puerto Rico,PR,Consumer
19807,Chelsea Cooley,Puerto Rico,PR,Consumer
19824,Angelica Dill,Puerto Rico,PR,Consumer
18943,Noelle Watts,Puerto Rico,PR,Consumer
19986,Avye Juarez,Puerto Rico,PR,Consumer
17113,Maryam Evans,Puerto Rico,PR,Consumer
20039,Zena Knox,Puerto Rico,PR,Consumer
19984,Signe Quinn,Puerto Rico,PR,Consumer
16235,Marah Christian,Puerto Rico,PR,Consumer
15242,Mechelle Gardner,Puerto Rico,PR,Consumer
20217,Roanna Higgins,Puerto Rico,PR,Consumer
19964,Adara Hancock,Puerto Rico,PR,Consumer
17775,Darryl Bates,Puerto Rico,PR,Consumer
17110,Jade Velez,Puerto Rico,PR,Consumer
17074,Ainsley Simon,Puerto Rico,PR,Consumer
20180,Suki Moss,Puerto Rico,PR,Consumer
19874,Faith Mckinney,Puerto Rico,PR,Consumer
20233,Madonna Barnett,Puerto Rico,PR,Consumer
20017,Serina Orr,Puerto Rico,PR,Consumer
17773,Bertha Clements,Puerto Rico,PR,Consumer
18619,Zelda Graves,Puerto Rico,PR,Consumer
15167,McKenzie Cox,Puerto Rico,PR,Consumer
20034,Ursa Buckley,Puerto Rico,PR,Consumer
19782,Roanna Morin,Puerto Rico,PR,Consumer
17035,Lydia Huffman,Puerto Rico,PR,Consumer
16356,Nichole Lindsay,Puerto Rico,PR,Consumer
17125,Dawn Swanson,Puerto Rico,PR,Consumer
19780,Hyacinth Moss,Puerto Rico,PR,Consumer
18562,Piper Hart,Puerto Rico,PR,Consumer
18526,Rowan Barr,Puerto Rico,PR,Consumer
18988,Xantha Compton,Puerto Rico,PR,Consumer
20319,Geraldine Francis,Puerto Rico,PR,Consumer
17122,Kevyn Marsh,Puerto Rico,PR,Consumer
15181,Dorothy Harper,Puerto Rico,PR,Consumer
17068,Ila Hatfield,Puerto Rico,PR,Consumer
20245,Melinda Suarez,Puerto Rico,PR,Consumer
20371,Linda Faulkner,Puerto Rico,PR,Consumer
20317,Ella Kidd,Puerto Rico,PR,Consumer
17247,Nayda Thomas,Puerto Rico,PR,Consumer
18595,Mia James,Puerto Rico,PR,Consumer
20100,Iola Fletcher,Puerto Rico,PR,Consumer
18895,Camille Burke,Puerto Rico,PR,Consumer
17102,Alea Freeman,Puerto Rico,PR,Consumer
18044,Selma Long,Puerto Rico,PR,Consumer
18042,Dorothy Beach,Puerto Rico,PR,Consumer
16467,Zenaida Johnson,Puerto Rico,PR,Consumer
19176,Emerald Kim,Puerto Rico,PR,Consumer
19174,Audrey Spears,Puerto Rico,PR,Consumer
19043,Mallory David,Puerto Rico,PR,Consumer
19130,Nerea Ochoa,Puerto Rico,PR,Consumer
19237,Illiana Sykes,Puerto Rico,PR,Consumer
18782,Cailin Ruiz,Puerto Rico,PR,Consumer
3886,Brian Smith,Puerto Rico,PR,Consumer
4792,Dorothy Montoya,Puerto Rico,PR,Consumer
3442,Mary Henson,Puerto Rico,PR,Consumer
15985,Harriet Witt,Puerto Rico,PR,Consumer
4939,Carol Jackson,Puerto Rico,PR,Consumer
5677,Paul Mccullough,Puerto Rico,PR,Consumer
17432,Roary Short,Puerto Rico,PR,Consumer
8434,Mary York,Puerto Rico,PR,Consumer
4845,Douglas Smith,Puerto Rico,PR,Consumer
4712,Nicholas Pope,Puerto Rico,PR,Consumer
17411,Marah Potts,Puerto Rico,PR,Consumer
17321,Tara Pate,Puerto Rico,PR,Consumer
571,Mary Smith,Puerto Rico,PR,Consumer
18492,Hedy Rivas,Puerto Rico,PR,Consumer
16015,Lael Mayo,Puerto Rico,PR,Consumer
961,David Smith,Puerto Rico,PR,Consumer
17695,Ivory King,Puerto Rico,PR,Consumer
8758,Mary Shelton,Puerto Rico,PR,Consumer
18341,Aiko Barr,Puerto Rico,PR,Consumer
8787,Janice Pittman,Puerto Rico,PR,Consumer
2816,Mary Cunningham,Puerto Rico,PR,Consumer
7566,Mary Smith,Puerto Rico,PR,Consumer
1084,Gary Smith,Puerto Rico,PR,Consumer
17491,Brynn Salinas,Puerto Rico,PR,Consumer
734,Mary Smith,Puerto Rico,PR,Consumer
17998,Violet Bullock,Puerto Rico,PR,Consumer
17274,Debra Underwood,Puerto Rico,PR,Consumer
1734,Bobby Hardy,Puerto Rico,PR,Consumer
9438,Mary Dawson,Puerto Rico,PR,Consumer
2236,Jeffrey Whitney,Puerto Rico,PR,Consumer
11493,Julia Flores,Puerto Rico,PR,Consumer
7545,Christopher Roberts,Puerto Rico,PR,Consumer
4327,Sarah Greene,Puerto Rico,PR,Consumer
3043,Catherine Smith,Puerto Rico,PR,Consumer
12264,Olivia Smith,Puerto Rico,PR,Consumer
17551,Alma Mcclain,Puerto Rico,PR,Consumer
19954,Shea Kinney,Puerto Rico,PR,Consumer
20367,Emi Wilder,Puerto Rico,PR,Consumer
20132,Laurel Washington,Puerto Rico,PR,Consumer
20274,Debra Rosa,Puerto Rico,PR,Consumer
17796,Mechelle Camacho,Puerto Rico,PR,Consumer
18978,Jemima Wagner,Puerto Rico,PR,Consumer
19928,Lacey Olson,Puerto Rico,PR,Consumer
19784,Minerva Mcdaniel,Puerto Rico,PR,Consumer
20172,Veronica Brock,Puerto Rico,PR,Consumer
17048,Kiayada Gilmore,Puerto Rico,PR,Consumer
11509,Sharon Wood,Puerto Rico,PR,Consumer
12154,Kevin Andrews,Puerto Rico,PR,Consumer
3281,Teresa Werner,Puerto Rico,PR,Consumer
551,Doris Weaver,Puerto Rico,PR,Consumer
6080,Mary Smith,Puerto Rico,PR,Consumer
492,Mary Mckinney,Puerto Rico,PR,Consumer
10487,Juan Moyer,Puerto Rico,PR,Consumer
828,Johnny Herrera,Puerto Rico,PR,Consumer
11021,Brenda Shaw,Puerto Rico,PR,Consumer
10021,Donald Davila,Puerto Rico,PR,Consumer
7119,Russell Smith,Puerto Rico,PR,Consumer
8736,Aaron Calhoun,Puerto Rico,PR,Consumer
9138,Gary Erickson,Puerto Rico,PR,Consumer
1701,Aaron Sharp,Puerto Rico,PR,Consumer
12384,Raymond Berry,Puerto Rico,PR,Consumer
2531,Mary Fitzpatrick,Puerto Rico,PR,Consumer
6117,Gloria Smith,Puerto Rico,PR,Consumer
8591,Mary Smith,Puerto Rico,PR,Consumer
9499,Joshua Brown,Puerto Rico,PR,Consumer
2211,Debra Harvey,Puerto Rico,PR,Consumer
4761,Mary Shannon,Puerto Rico,PR,Consumer
2998,Denise Smith,Puerto Rico,PR,Consumer
4105,Mary Smith,Puerto Rico,PR,Consumer
11881,Maria Richards,Puerto Rico,PR,Consumer
3483,Michael Smith,Puerto Rico,PR,Consumer
10214,Raymond Smith,Puerto Rico,PR,Consumer
7206,Lori Ellis,Puerto Rico,PR,Consumer
1437,Mary Watson,Puerto Rico,PR,Consumer
7136,Mary Smith,Puerto Rico,PR,Consumer
3823,Charles Ortega,Puerto Rico,PR,Consumer
11600,Jean Finley,Puerto Rico,PR,Consumer
7430,Wayne Smith,Puerto Rico,PR,Consumer
9266,Brittany Whitney,Puerto Rico,PR,Consumer
6599,Robert Moreno,Puerto Rico,PR,Consumer
10225,Diane English,Puerto Rico,PR,Consumer
7553,Mary Thompson,Puerto Rico,PR,Consumer
7328,Mary Smith,Puerto Rico,PR,Consumer
767,Christine Horne,Puerto Rico,PR,Consumer
12345,Phillip Hancock,Puerto Rico,PR,Consumer
6854,Mary Wade,Puerto Rico,PR,Consumer
9335,Joseph Smith,Puerto Rico,PR,Consumer
6336,Richard Maddox,Puerto Rico,PR,Consumer
2674,John Smith,Puerto Rico,PR,Consumer
3601,Rose Robertson,Puerto Rico,PR,Consumer
8670,Mary Smith,Puerto Rico,PR,Consumer
8119,Mary Smith,Puerto Rico,PR,Consumer
9764,John Smith,Puerto Rico,PR,Consumer
4218,Mary Rodgers,Puerto Rico,PR,Consumer
6377,Mary Lee,Puerto Rico,PR,Consumer
1334,Roger Dunlap,Puerto Rico,PR,Consumer
370,Mary Smith,Puerto Rico,PR,Consumer
7585,Angela Martin,Puerto Rico,PR,Consumer
6579,Mary Long,Puerto Rico,PR,Consumer
802,Mary Rogers,Puerto Rico,PR,Consumer
69,Megan Smith,Puerto Rico,PR,Consumer
9752,Mary Smith,Puerto Rico,PR,Consumer
2715,Mary Smith,Puerto Rico,PR,Consumer
6678,Mary Church,Puerto Rico,PR,Consumer
10709,Mary Ritter,Puerto Rico,PR,Consumer
9310,Timothy Smith,Puerto Rico,PR,Consumer
1353,Victoria Rocha,Puerto Rico,PR,Consumer
6592,Tyler Austin,Puerto Rico,PR,Consumer
7502,Joe Smith,Puerto Rico,PR,Consumer
6759,Matthew Smith,Puerto Rico,PR,Consumer
11548,Hannah Gardner,Puerto Rico,PR,Consumer
9153,Sharon Jenkins,Puerto Rico,PR,Consumer
7126,James Smith,Puerto Rico,PR,Consumer
124,Judy Smith,Puerto Rico,PR,Consumer
6651,Ashley Smith,Puerto Rico,PR,Consumer
11968,Emily Winters,Puerto Rico,PR,Consumer
5199,Patricia Martinez,Puerto Rico,PR,Consumer
11800,James Solis,Puerto Rico,PR,Consumer
3841,Mary Sawyer,Puerto Rico,PR,Consumer
10032,Shawn Smith,Puerto Rico,PR,Consumer
11637,Mary Smith,Puerto Rico,PR,Consumer
2524,Mary Mays,Puerto Rico,PR,Consumer
9473,Michelle Smith,Puerto Rico,PR,Consumer
11952,Mary Smith,Puerto Rico,PR,Consumer
9574,Mary Smith,Puerto Rico,PR,Consumer
2140,Samuel Smith,Puerto Rico,PR,Consumer
5464,Peter Smith,Puerto Rico,PR,Consumer
2549,Stephanie Smith,Puerto Rico,PR,Consumer
10464,Emily Smith,Puerto Rico,PR,Consumer
10585,Michael Keller,Puerto Rico,PR,Consumer
6975,Mary Brown,Puerto Rico,PR,Consumer
8039,Gerald Arellano,Puerto Rico,PR,Consumer
2516,Mary Graham,Puerto Rico,PR,Consumer
9652,Mary Smith,Puerto Rico,PR,Consumer
11593,Joan Haynes,Puerto Rico,PR,Consumer
5924,Virginia Williams,Puerto Rico,PR,Consumer
4728,Mary Smith,Puerto Rico,PR,Consumer
4063,Mary Robinson,Puerto Rico,PR,Consumer
9533,Mary Hess,Puerto Rico,PR,Consumer
11584,Jeffrey Wilcox,Puerto Rico,PR,Consumer
10423,Mary Rios,Puerto Rico,PR,Consumer
4148,Debra Hendrix,Puerto Rico,PR,Consumer
4800,Mary Smith,Puerto Rico,PR,Consumer
762,Mary Smith,Puerto Rico,PR,Consumer
5904,Catherine Peterson,Puerto Rico,PR,Consumer
194,Mary Bates,Puerto Rico,PR,Consumer
4893,William Smith,Puerto Rico,PR,Consumer
447,Mary Nelson,Puerto Rico,PR,Consumer
1245,Gregory Torres,Puerto Rico,PR,Consumer
3067,Mary Lee,Puerto Rico,PR,Consumer
11766,Mary Mason,Puerto Rico,PR,Consumer
6262,Mary Brennan,Puerto Rico,PR,Consumer
2629,Mary Smith,Puerto Rico,PR,Consumer
1580,Kelly Simmons,Puerto Rico,PR,Consumer
8673,Carolyn Smith,Puerto Rico,PR,Consumer
8738,Donald Jackson,Puerto Rico,PR,Consumer
11572,Mary Salazar,Puerto Rico,PR,Consumer
8702,Mary Ramos,Puerto Rico,PR,Consumer
11556,Hannah Watson,Puerto Rico,PR,Consumer
7685,Mary Mcdowell,Puerto Rico,PR,Consumer
9395,Pamela Hayden,Puerto Rico,PR,Consumer
4975,Diane Flores,Puerto Rico,PR,Consumer
4551,Jonathan Blackwell,Puerto Rico,PR,Consumer
6418,Olivia Owens,Puerto Rico,PR,Consumer
10832,Mary Khan,Puerto Rico,PR,Consumer
12285,Patrick Mcgee,Puerto Rico,PR,Consumer
5034,Rose Williams,Puerto Rico,PR,Consumer
7786,Mary Price,Puerto Rico,PR,Consumer
11464,Timothy Mckinney,Puerto Rico,PR,Consumer
3087,Mary Hendricks,Puerto Rico,PR,Consumer
2991,Julie Francis,Puerto Rico,PR,Consumer
5583,Mary Skinner,Puerto Rico,PR,Consumer
5724,Christian Doyle,Puerto Rico,PR,Consumer
11487,Cheryl Evans,Puerto Rico,PR,Consumer
7944,Gloria Mcneil,Puerto Rico,PR,Consumer
404,Mary Adkins,Puerto Rico,PR,Consumer
2143,Elizabeth Herrera,Puerto Rico,PR,Consumer
10272,Jonathan Molina,Puerto Rico,PR,Consumer
4240,Kenneth Collins,Puerto Rico,PR,Consumer
2275,Lisa Smith,Puerto Rico,PR,Consumer
5477,Mary Smith,Puerto Rico,PR,Consumer
10473,Betty Hartman,Puerto Rico,PR,Consumer
7972,Mary Hoffman,Puerto Rico,PR,Consumer
9223,Carl Perez,Puerto Rico,PR,Consumer
7867,Mary Glenn,Puerto Rico,PR,Consumer
3065,Amy Cummings,Puerto Rico,PR,Consumer
6960,Mary Smith,Puerto Rico,PR,Consumer
10150,Mary Vasquez,Puerto Rico,PR,Consumer
11836,Mary Clayton,Puerto Rico,PR,Consumer
7021,Debra Smith,Puerto Rico,PR,Consumer
7095,Amanda Hogan,Puerto Rico,PR,Consumer
9160,Teresa Garrett,Puerto Rico,PR,Consumer
1493,Mary Smith,Puerto Rico,PR,Consumer
7582,Aaron Valdez,Puerto Rico,PR,Consumer
11635,Mary Smith,Puerto Rico,PR,Consumer
3953,Mary Smith,Puerto Rico,PR,Consumer
8297,Debra Johnson,Puerto Rico,PR,Consumer
5284,Mary Smith,Puerto Rico,PR,Consumer
12085,Mark Lopez,Puerto Rico,PR,Consumer
3063,John Roberson,Puerto Rico,PR,Consumer
10253,Kyle Smith,Puerto Rico,PR,Consumer
10353,Harold Taylor,Puerto Rico,PR,Consumer
6394,Jacqueline Carroll,Puerto Rico,PR,Consumer
3740,Mary Smith,Puerto Rico,PR,Consumer
2937,Mary Mcclure,Puerto Rico,PR,Consumer
333,Elizabeth Ferguson,Puerto Rico,PR,Consumer
7169,Cheryl Smith,Puerto Rico,PR,Consumer
9372,Kevin Jarvis,Puerto Rico,PR,Consumer
5933,Megan Reyes,Puerto Rico,PR,Consumer
7904,Mary Smith,Puerto Rico,PR,Consumer
7292,Jonathan Hernandez,Puerto Rico,PR,Consumer
11906,Mary Mendoza,Puerto Rico,PR,Consumer
830,William Herrera,Puerto Rico,PR,Consumer
3209,Mary Smith,Puerto Rico,PR,Consumer
6621,Joan Hayes,Puerto Rico,PR,Consumer
8383,Mary Smith,Puerto Rico,PR,Consumer
1647,Kevin Sims,Puerto Rico,PR,Consumer
14435,Jael Ashley,USA,NJ,Corporate
13457,Ora Cleveland,USA,NY,Corporate
7664,Brandon Walker,USA,NJ,Corporate
310,Mary Fox,USA,PA,Corporate
2409,Patrick Smith,USA,IL,Corporate
1803,Mary Jones,USA,CT,Corporate
14789,Mariko Juarez,USA,TX,Corporate
684,Christopher Terrell,USA,MI,Corporate
13645,Maggie Barker,USA,TX,Corporate
14861,Echo Sullivan,USA,CA,Corporate
10867,David Obrien,USA,CA,Corporate
14752,Maggie Bass,USA,NJ,Corporate
12184,Mary Ford,USA,CA,Corporate
13912,Germane Williamson,USA,HI,Corporate
6719,Mary Smith,USA,CA,Corporate
4972,Matthew Smith,USA,IL,Corporate
12776,Zoe Duffy,USA,TX,Corporate
621,Mary Shannon,USA,CA,Corporate
4681,Mary Smith,USA,GA,Corporate
13764,Reagan Avila,USA,NJ,Corporate
13710,Xerxes Walker,USA,VA,Corporate
14800,Chantale Spencer,USA,TX,Corporate
10561,Mary Smith,USA,IL,Corporate
9052,Mary Odom,USA,GA,Corporate
93,Mary Robbins,USA,MD,Corporate
14798,Zoe Jimenez,USA,CA,Corporate
10822,Mary Chase,USA,TX,Corporate
5181,Mary Smith,USA,OK,Corporate
8579,Mary Conrad,USA,TX,Corporate
13814,Darrel Lynch,USA,CA,Corporate
6718,Kelly Simmons,USA,CA,Corporate
13939,Regan Cleveland,USA,NV,Corporate
11364,Jacqueline Smith,USA,AZ,Corporate
8457,Joseph Larsen,USA,CA,Corporate
12053,Wayne Mcclure,USA,CA,Corporate
7778,Mary Cross,USA,CA,Corporate
3739,Terry Long,USA,MD,Corporate
6894,Gerald Nichols,USA,NC,Corporate
7064,Ann Morris,USA,CA,Corporate
4338,Mary Michael,USA,CA,Corporate
9211,Lauren Kramer,USA,WA,Corporate
4305,Mary Smith,USA,CA,Corporate
10922,Mary Smith,USA,OR,Corporate
11469,Judy Smith,USA,OH,Corporate
527,Mary Gregory,USA,MA,Corporate
10597,Elizabeth Raymond,USA,TN,Corporate
2019,Pamela Smith,USA,NY,Corporate
161,Mary Smith,USA,FL,Corporate
12137,Eugene Barrera,USA,DC,Corporate
11235,Judy Church,USA,OR,Corporate
4516,Harry Blake,USA,NY,Corporate
9024,Walter Smith,USA,WA,Corporate
12486,Yvette Lester,USA,CA,Corporate
12735,Octavia Fernandez,USA,MI,Corporate
12551,Lacy Snider,USA,CA,Corporate
12656,Alma Berger,USA,CA,Corporate
12636,Nayda Ochoa,USA,MA,Corporate
12707,Veronica Logan,USA,CA,Corporate
15015,Grace Terrell,USA,CA,Corporate
12884,Brenna Gill,USA,CA,Corporate
12864,Amity Patrick,USA,CA,Corporate
12935,Wynter Cameron,USA,CA,Corporate
15009,Frances Spencer,USA,FL,Corporate
12891,Nelle Barron,USA,CO,Corporate
15071,Renee Suarez,USA,TX,Corporate
12407,Megan Smith,USA,PA,Corporate
9488,Mary Smith,USA,FL,Corporate
4725,Gerald Camacho,USA,GA,Corporate
9716,Dorothy Gonzalez,USA,MA,Corporate
10233,Mary Bennett,USA,NY,Corporate
4069,Steven Smith,USA,IL,Corporate
6972,Grace Black,USA,CA,Corporate
9447,James Smith,USA,CA,Corporate
1478,Anna Sanchez,USA,NY,Corporate
383,Evelyn Smith,USA,CA,Corporate
12380,Jacqueline Shaw,USA,VA,Corporate
5631,Gloria Goodman,USA,CA,Corporate
11279,Mary Wells,USA,IL,Corporate
319,Arthur Brown,USA,IL,Corporate
8417,Mary Smith,USA,TX,Corporate
1745,Mary Smith,USA,CA,Corporate
12207,Jose Smith,USA,TX,Corporate
842,Patrick Murphy,USA,CT,Corporate
8843,Juan Smith,USA,TX,Corporate
136,Ryan Griffin,USA,MA,Corporate
6225,Mary Smith,USA,CA,Corporate
1638,William Reyes,USA,IL,Corporate
2831,Mary Padilla,USA,CA,Corporate
6877,Mary Savage,USA,PA,Corporate
8690,Howard Smith,USA,HI,Corporate
4281,Kenneth Phelps,USA,TX,Corporate
7507,Mary Banks,USA,DC,Corporate
4421,Carolyn Smith,USA,GA,Corporate
8474,Anna Bennett,USA,CA,Corporate
7416,Lisa Rivera,USA,OH,Corporate
7164,Paul Miller,USA,NY,Corporate
11603,Theresa Leonard,USA,CA,Corporate
11932,Mary Smith,USA,OK,Corporate
18058,Stella Rowe,USA,NV,Corporate
18270,Germaine Wilkerson,USA,UT,Corporate
19232,Jolene Melton,USA,MD,Corporate
16606,Hillary Booth,USA,TX,Corporate
19145,Bertha Schultz,USA,IL,Corporate
19126,Winifred Kelley,USA,NY,Corporate
18774,Skyler Best,USA,CA,Corporate
15877,Renee Ashley,USA,NY,Corporate
18751,Sacha Mcclure,USA,MI,Corporate
15870,May Cleveland,USA,NC,Corporate
15866,Cynthia Bryan,USA,TX,Corporate
8405,Stephen Cummings,USA,MD,Corporate
10609,Mary Smith,USA,CA,Corporate
5322,Christine Smith,USA,NY,Corporate
5699,Mildred Murphy,USA,CA,Corporate
18878,Beatrice Jefferson,USA,TX,Corporate
17977,Mara Stark,USA,CA,Corporate
10249,Jennifer Mendez,USA,NJ,Corporate
4723,Terry Smith,USA,NY,Corporate
6503,Heather Smith,USA,CA,Corporate
20694,Cynthia May,USA,SC,Corporate
20693,Morgan Garrett,USA,MI,Corporate
11253,Mary Barron,USA,CA,Corporate
20692,Cynthia Chapman,USA,CA,Corporate
20547,Maisie Stevenson,USA,IN,Corporate
20600,Deborah Schultz,USA,NY,Corporate
15923,Ainsley Dominguez,USA,OH,Corporate
16049,Sopoline Griffin,USA,NY,Corporate
17282,Quail Hansen,USA,NY,Corporate
16085,Yolanda Page,USA,CA,Corporate
18398,Jordan Dunn,USA,NV,Corporate
8999,Paul Smith,USA,OR,Corporate
17513,Hilary Leblanc,USA,NY,Corporate
18358,Kimberly Callahan,USA,IL,Corporate
2988,Amy Torres,USA,CA,Corporate
17293,Rae Lynn,USA,MD,Corporate
15575,Iola Best,USA,NY,Corporate
18665,Blair Wynn,USA,CA,Corporate
8445,Mary Smith,USA,OH,Corporate
15656,Leigh Oneal,USA,CA,Corporate
15331,Rachel Jennings,USA,TX,Corporate
15564,Ivy Henderson,USA,NJ,Corporate
5323,Julia James,USA,TN,Corporate
15435,Scarlett Deleon,USA,AZ,Corporate
15614,Iona Rios,USA,OH,Corporate
8492,Mary Cole,USA,CA,Corporate
1850,Emily Riggs,USA,MI,Corporate
4355,Mary Smith,USA,CA,Corporate
4711,Ryan Smith,USA,TX,Corporate
6373,Mary Walker,USA,KY,Corporate
7174,Kenneth Smith,USA,CA,Corporate
1347,Alan Gillespie,USA,CA,Corporate
15196,Hiroko Crane,USA,CA,Corporate
18912,Odette Little,USA,PA,Corporate
18965,September Bryan,USA,CA,Corporate
19791,Cally Herring,USA,TX,Corporate
17134,Carolyn Wilkerson,USA,OH,Corporate
15138,Kevyn Weber,USA,HI,Corporate
19789,Chava Fowler,USA,CA,Corporate
17780,Eve Maldonado,USA,KY,Corporate
17204,Gwendolyn Joseph,USA,NY,Corporate
15191,Hollee Skinner,USA,CO,Corporate
19841,Ignacia Langley,USA,NJ,Corporate
18939,Rachel Herring,USA,IL,Corporate
17163,Margaret Kinney,USA,NY,Corporate
18584,Kaye Henson,USA,CA,Corporate
19783,Jacqueline Cabrera,USA,MI,Corporate
15275,Ayanna Steele,USA,GA,Corporate
15148,Camille Powers,USA,CA,Corporate
18580,Selma Valentine,USA,PA,Corporate
16318,Karina Fisher,USA,PA,Corporate
19830,Cheryl Greer,USA,NY,Corporate
9350,Robert Burton,USA,OH,Corporate
3232,Olivia Smith,USA,CA,Corporate
10736,Mary Smith,USA,CA,Corporate
3293,Mary Barker,USA,CA,Corporate
12423,Stephen Smith,USA,CA,Corporate
1968,Mary Cooper,USA,CA,Corporate
3602,Mary Warner,USA,CT,Corporate
5544,Mary Welch,USA,CA,Corporate
9279,Donna Aguilar,USA,IN,Corporate
1539,Sarah Chase,USA,MO,Corporate
6383,David Maxwell,USA,CA,Corporate
8759,Terry Hodges,USA,CA,Corporate
10271,Mary Moore,USA,RI,Corporate
3882,Joshua Campbell,USA,PA,Corporate
7008,Sandra Rangel,USA,FL,Corporate
2068,Donna Smith,USA,GA,Corporate
833,Alexander Smith,USA,IA,Corporate
5432,Denise Smith,USA,MD,Corporate
11698,Julie Tran,USA,IL,Corporate
6965,Mary Chang,USA,FL,Corporate
5497,Katherine Skinner,USA,CA,Corporate
6186,Randy Figueroa,USA,NY,Corporate
12009,Matthew Smith,USA,NY,Corporate
2407,Lisa Smith,USA,CA,Corporate
9373,Mary Smith,USA,NY,Corporate
905,Virginia Smith,USA,CA,Corporate
1841,Douglas Knight,USA,OH,Corporate
211,Mary Smith,USA,GA,Corporate
5531,Philip Bowman,USA,IL,Corporate
2776,James Meadows,USA,NV,Corporate
8289,Mary Smith,USA,CA,Corporate
3157,Mary Diaz,USA,UT,Corporate
8262,George Porter,USA,NJ,Corporate
195,Richard Smith,USA,CA,Corporate
10130,Joseph Smith,USA,VA,Corporate
5435,Mary Smith,USA,GA,Corporate
2570,Michael Smith,USA,NY,Corporate
8489,Mary French,USA,CA,Corporate
12312,Jessica Figueroa,USA,MD,Corporate
4027,Robert Blankenship,USA,CA,Corporate
9802,Diane Hayes,USA,CA,Corporate
2933,George Smith,USA,HI,Corporate
1120,Mary Grant,USA,CT,Corporate
5744,Walter Smith,USA,NY,Corporate
4694,Mary Rivera,USA,TX,Corporate
1513,Karen Smith,USA,CA,Corporate
6639,Mary Smith,USA,CA,Corporate
3130,Dylan Smith,USA,LA,Corporate
4715,Kenneth Smith,USA,IL,Corporate
14682,Aubrey Byrd,USA,CA,Corporate
13199,Hannah Edwards,USA,IL,Corporate
14143,Jessica Blankenship,USA,HI,Corporate
13466,Tamara Garza,USA,CO,Corporate
13249,Elaine Dixon,USA,CA,Corporate
14393,Carolyn Chambers,USA,IL,Corporate
14267,Shannon Barry,USA,MD,Corporate
13355,Xerxes Chandler,USA,CA,Corporate
14583,Deborah Doyle,USA,KS,Corporate
12993,Abigail James,USA,HI,Corporate
13317,Mariko Humphrey,USA,TN,Corporate
13316,Gloria Cline,USA,GA,Corporate
13241,Belle Haynes,USA,MI,Corporate
10952,Mary Suarez,USA,CO,Corporate
2100,Mary Smith,USA,TX,Corporate
13734,Joan Lindsey,USA,CA,Corporate
13554,Chanda Barrett,USA,CA,Corporate
14782,Darryl Henry,USA,TX,Corporate
13926,Iona Sexton,USA,OR,Corporate
12772,Skyler Bernard,USA,NY,Corporate
5696,Mary Rogers,USA,PA,Corporate
12767,Zenaida Thornton,USA,AZ,Corporate
13776,Sybil Gillespie,USA,PA,Corporate
13686,Fatima Nixon,USA,MA,Corporate
14773,Calista Fuentes,USA,TX,Corporate
7869,Grace Gonzales,USA,WA,Corporate
7450,Mary Robertson,USA,TX,Corporate
1122,Joan Alexander,USA,CA,Corporate
1986,Mary Smith,USA,AZ,Corporate
8079,Mary Burnett,USA,NY,Corporate
1713,Mary Gardner,USA,KY,Corporate
3637,Mary Wu,USA,NY,Corporate
2455,Mary Love,USA,IL,Corporate
7961,Mary Kerr,USA,FL,Corporate
1392,Mary Hardy,USA,TX,Corporate
6290,Mary Smith,USA,CA,Corporate
7277,Justin Moore,USA,CO,Corporate
12440,Joanha Mirkckociv,USA,CA,Corporate
12862,Geraldine Weaver,USA,NY,Corporate
14989,Neve Crosby,USA,CA,Corporate
12908,Odessa Warner,USA,CA,Corporate
14077,Amy Robinson,USA,CO,Corporate
12994,Tatyana Hale,USA,PA,Corporate
8356,Mary Bailey,USA,NY,Corporate
7149,Billy Weeks,USA,OH,Corporate
1164,Mary Hahn,USA,OH,Corporate
13830,Basia Powell,USA,NV,Corporate
8886,Aaron Deleon,USA,FL,Corporate
12592,Leandra Jefferson,USA,CA,Corporate
8547,Melissa Cunningham,USA,FL,Corporate
11323,Mary Moore,USA,CA,Corporate
6504,Mary Herman,USA,FL,Corporate
5156,Stephen Smith,USA,MI,Corporate
11280,James Snyder,USA,CA,Corporate
5852,Mary Harris,USA,NV,Corporate
2930,Ronald Petty,USA,NJ,Corporate
4310,Andrew Smith,USA,CA,Corporate
790,Martha Robinson,USA,HI,Corporate
5045,Nathan Stevens,USA,TN,Corporate
6433,Mary Smith,USA,NJ,Corporate
9406,Mary Jones,USA,IL,Corporate
11971,Donald Klein,USA,PA,Corporate
9128,Robert Smith,USA,CA,Corporate
7065,Mary Watson,USA,KS,Corporate
9937,Mary Atkins,USA,CA,Corporate
4743,Mary Smith,USA,DC,Corporate
956,Karen Smith,USA,NY,Corporate
3461,Jose Smith,USA,FL,Corporate
18165,Chastity Crawford,USA,TX,Corporate
18138,Kevyn Christian,USA,TX,Corporate
19139,Yetta Morton,USA,MD,Corporate
19245,Indira Webster,USA,FL,Corporate
16496,Quintessa Cochran,USA,NC,Corporate
16494,Brynn Ruiz,USA,CA,Corporate
16438,Rachel Farley,USA,GA,Corporate
16595,Sylvia Franklin,USA,TX,Corporate
18756,Cassady Todd,USA,CA,Corporate
18852,Clementine Lowe,USA,UT,Corporate
15868,Tana Pickett,USA,NY,Corporate
18832,Leandra Bishop,USA,FL,Corporate
11038,Arthur Smith,USA,NJ,Corporate
5880,Jennifer Kerr,USA,CA,Corporate
18445,Tashya Travis,USA,CA,Corporate
18300,Stella Sellers,USA,CA,Corporate
17645,Lynn Mullins,USA,CA,Corporate
17428,Jael Mckenzie,USA,MA,Corporate
17264,Pearl Harvey,USA,IL,Corporate
106,Lauren Freeman,USA,CA,Corporate
20633,Maite Hendricks,USA,CA,Corporate
18452,Nevada Mccoy,USA,GA,Corporate
20560,Dana Cardenas,USA,CA,Corporate
8458,Carol Smith,USA,NC,Corporate
18449,Lunea Padilla,USA,NY,Corporate
17724,Eden Ortega,USA,PA,Corporate
17741,Carissa Hanson,USA,NY,Corporate
18677,Lareina Workman,USA,MD,Corporate
15652,Constance Mcclure,USA,NJ,Corporate
15471,Melinda Holman,USA,IL,Corporate
15306,Orli Mcintosh,USA,TX,Corporate
9828,Mary Smith,USA,TX,Corporate
6597,Albert Smith,USA,IL,Corporate
20296,Amber Barber,USA,CA,Corporate
16348,Hollee Mckinney,USA,NY,Corporate
16222,Holly Hayes,USA,TX,Corporate
16221,Nora Whitehead,USA,NV,Corporate
15190,Eden Mckee,USA,CA,Corporate
20110,Jade House,USA,PA,Corporate
19875,Jolene Lara,USA,NY,Corporate
16107,Blythe Spencer,USA,OH,Corporate
16177,Susan Harding,USA,OH,Corporate
17144,Willow Mccarty,USA,CA,Corporate
18936,Keelie Harper,USA,AZ,Corporate
18636,Lesley Slater,USA,NY,Corporate
17143,Katelyn Mills,USA,IL,Corporate
20302,Whitney Franks,USA,IL,Corporate
20050,Gemma Morrison,USA,IL,Corporate
20355,Aimee Cotton,USA,FL,Corporate
16353,Astra Goff,USA,OR,Corporate
20046,Rhonda Love,USA,CO,Corporate
19199,Margaret Robertson,USA,IL,Corporate
20462,Martina Nielsen,USA,OH,Corporate
17665,Paula Bowman,USA,TX,Corporate
18890,Olga Mooney,USA,TX,Corporate
17480,Victoria Campbell,USA,DE,Corporate
11268,Cynthia Jenkins,USA,CO,Corporate
4749,Michelle Terry,USA,TX,Corporate
18638,Christine Roman,USA,NY,Corporate
19996,Morgan Harrington,USA,CA,Corporate
15272,Jane Kramer,USA,NC,Corporate
1093,Julia Bowers,USA,CA,Corporate
3669,Mary Soto,USA,CA,Corporate
5278,Raymond Kennedy,USA,CA,Corporate
7976,Mary Smith,USA,NJ,Corporate
2557,Mary Bradshaw,USA,MI,Corporate
7526,Mary Kim,USA,FL,Corporate
9229,Mary Hernandez,USA,CA,Corporate
3791,Mary Smith,USA,NY,Corporate
11960,Ryan Allen,USA,VA,Corporate
11707,Carol Schwartz,USA,CA,Corporate
444,Walter Lambert,USA,CA,Corporate
5336,Mary Smith,USA,FL,Corporate
11953,Willie Galvan,USA,TX,Corporate
3300,Mary Simpson,USA,TN,Corporate
2460,David Larsen,USA,CA,Corporate
3917,Terry David,USA,OR,Corporate
4834,Shirley Miller,USA,MI,Corporate
2883,Christine Smith,USA,WI,Corporate
11120,Mary Smith,USA,MO,Corporate
1221,Mary Smith,USA,CO,Corporate
1610,Mary Le,USA,CA,Corporate
1953,Maria Ortiz,USA,MD,Corporate
7372,Kenneth King,USA,OH,Corporate
12122,Mary Smith,USA,OH,Corporate
5524,Mark Gamble,USA,NY,Corporate
7608,Diana Moyer,USA,CA,Corporate
10285,Jason Smith,USA,CA,Corporate
1522,Mary Yates,USA,CT,Corporate
6934,Mary Ellis,USA,OH,Corporate
2896,Mary Smith,Puerto Rico,PR,Corporate
11109,William Smith,Puerto Rico,PR,Corporate
7028,Elizabeth Edwards,Puerto Rico,PR,Corporate
1844,Teresa Smith,Puerto Rico,PR,Corporate
1981,Betty Romero,Puerto Rico,PR,Corporate
17606,Clare Sutton,Puerto Rico,PR,Corporate
18948,Briar Graves,Puerto Rico,PR,Corporate
19019,Deanna Glenn,Puerto Rico,PR,Corporate
19790,Stacey Suarez,Puerto Rico,PR,Corporate
16255,Cally Barlow,Puerto Rico,PR,Corporate
19966,Brenna Berger,Puerto Rico,PR,Corporate
17166,Claire Hardin,Puerto Rico,PR,Corporate
19999,Sharon Ewing,Puerto Rico,PR,Corporate
19853,Jaime Mcneil,Puerto Rico,PR,Corporate
20284,Ila Bradley,Puerto Rico,PR,Corporate
20281,Hyacinth Aguirre,Puerto Rico,PR,Corporate
1128,Mary Chung,Puerto Rico,PR,Corporate
2560,Mary Gilmore,Puerto Rico,PR,Corporate
637,Mary Smith,Puerto Rico,PR,Corporate
9260,Joyce Smith,Puerto Rico,PR,Corporate
11560,Walter Walton,Puerto Rico,PR,Corporate
297,Catherine Smith,Puerto Rico,PR,Corporate
5985,Mary Smith,Puerto Rico,PR,Corporate
6971,Shirley Smith,Puerto Rico,PR,Corporate
11474,Willie Greene,Puerto Rico,PR,Corporate
7821,Willie Smith,Puerto Rico,PR,Corporate
5201,Michelle Keith,Puerto Rico,PR,Corporate
7533,Beverly Cantrell,Puerto Rico,PR,Corporate
9006,Brenda Smith,Puerto Rico,PR,Corporate
7017,Mary Ewing,Puerto Rico,PR,Corporate
4699,William Smith,Puerto Rico,PR,Corporate
1016,Mary Wilson,Puerto Rico,PR,Corporate
11610,Mary Smith,Puerto Rico,PR,Corporate
3132,Mary Gutierrez,Puerto Rico,PR,Corporate
4197,George Smith,Puerto Rico,PR,Corporate
8719,John Smith,Puerto Rico,PR,Corporate
8479,William Smith,Puerto Rico,PR,Corporate
2101,Patrick Lopez,Puerto Rico,PR,Corporate
1143,Mary Woods,Puerto Rico,PR,Corporate
5207,Catherine Erickson,Puerto Rico,PR,Corporate
6709,Pamela Smith,Puerto Rico,PR,Corporate
11515,Mary Proctor,Puerto Rico,PR,Corporate
7256,Mary Cross,Puerto Rico,PR,Corporate
1550,Mary Smith,Puerto Rico,PR,Corporate
9883,Michelle Waters,Puerto Rico,PR,Corporate
1954,Mary Smith,Puerto Rico,PR,Corporate
1637,Mary Smith,Puerto Rico,PR,Corporate
5881,Dorothy Smith,Puerto Rico,PR,Corporate
9739,Sara Rich,Puerto Rico,PR,Corporate
2909,Sarah Snyder,Puerto Rico,PR,Corporate
5628,Zachary Holt,Puerto Rico,PR,Corporate
11773,Alexander Santos,Puerto Rico,PR,Corporate
7508,Theresa Atkins,Puerto Rico,PR,Corporate
11818,John Perry,Puerto Rico,PR,Corporate
9549,Mary Byrd,Puerto Rico,PR,Corporate
4724,Mary Nelson,Puerto Rico,PR,Corporate
4482,Randy Elliott,Puerto Rico,PR,Corporate
11414,Mary Maxwell,Puerto Rico,PR,Corporate
1966,Gregory Dunn,Puerto Rico,PR,Corporate
1023,William Morgan,Puerto Rico,PR,Corporate
3191,Kathleen Tate,Puerto Rico,PR,Corporate
2598,Brittany Meyer,Puerto Rico,PR,Corporate
2623,Olivia Smith,Puerto Rico,PR,Corporate
1011,Mary Smith,Puerto Rico,PR,Corporate
7557,Mary Hull,Puerto Rico,PR,Corporate
5165,Mary Smith,Puerto Rico,PR,Corporate
10038,Julie Smith,Puerto Rico,PR,Corporate
5722,Mary Smith,Puerto Rico,PR,Corporate
9215,William Robbins,Puerto Rico,PR,Corporate
3119,Shirley Hinton,Puerto Rico,PR,Corporate
225,Megan Watson,Puerto Rico,PR,Corporate
1815,Russell Smith,Puerto Rico,PR,Corporate
11564,Mary Hall,Puerto Rico,PR,Corporate
8158,Donald Pugh,Puerto Rico,PR,Corporate
7371,Mark Smith,Puerto Rico,PR,Corporate
7172,Louis Smith,Puerto Rico,PR,Corporate
9979,Mary Smith,Puerto Rico,PR,Corporate
8041,Carol Ball,Puerto Rico,PR,Corporate
3429,Mary Smith,Puerto Rico,PR,Corporate
2920,Mary Ayers,Puerto Rico,PR,Corporate
5982,Sharon Smith,Puerto Rico,PR,Corporate
9226,Grace Davis,Puerto Rico,PR,Corporate
3129,Mary Morton,Puerto Rico,PR,Corporate
2146,Mary Hall,Puerto Rico,PR,Corporate
8613,Mary Kirk,Puerto Rico,PR,Corporate
4138,Mary Smith,Puerto Rico,PR,Corporate
2203,Evelyn Davenport,Puerto Rico,PR,Corporate
11642,James Smith,Puerto Rico,PR,Corporate
10211,Jeffrey Smith,Puerto Rico,PR,Corporate
7440,James French,Puerto Rico,PR,Corporate
5874,Mary Smith,Puerto Rico,PR,Corporate
4071,William Smith,Puerto Rico,PR,Corporate
2785,Frances Lawrence,Puerto Rico,PR,Corporate
3834,Denise Ritter,Puerto Rico,PR,Corporate
12138,Mary Smith,Puerto Rico,PR,Corporate
109,Mary Thompson,Puerto Rico,PR,Corporate
8110,Catherine Smith,Puerto Rico,PR,Corporate
255,Mary Smith,Puerto Rico,PR,Corporate
8304,Mary Mills,Puerto Rico,PR,Corporate
6239,Karen Mcdonald,Puerto Rico,PR,Corporate
11472,Nicole Case,Puerto Rico,PR,Corporate
667,Mary Smith,Puerto Rico,PR,Corporate
2074,Mary Gross,Puerto Rico,PR,Corporate
10876,William Beasley,Puerto Rico,PR,Corporate
8265,William Smith,Puerto Rico,PR,Corporate
5068,Anna Smith,Puerto Rico,PR,Corporate
8849,Daniel Santos,Puerto Rico,PR,Corporate
7804,Mary Bennett,Puerto Rico,PR,Corporate
14293,Xyla Cain,Puerto Rico,PR,Corporate
12980,Cassandra Lucas,Puerto Rico,PR,Corporate
14142,Jaquelyn Holman,Puerto Rico,PR,Corporate
13176,Renee Pennington,Puerto Rico,PR,Corporate
13354,Isabella Manning,Puerto Rico,PR,Corporate
13318,Evelyn Melendez,Puerto Rico,PR,Corporate
13174,Nora Baker,Puerto Rico,PR,Corporate
13352,Jaime Jordan,Puerto Rico,PR,Corporate
12992,Clementine Henson,Puerto Rico,PR,Corporate
14406,Hyacinth Graham,Puerto Rico,PR,Corporate
13242,Brittany Sims,Puerto Rico,PR,Corporate
14223,Kelsie Guerrero,Puerto Rico,PR,Corporate
12167,Christopher Smith,Puerto Rico,PR,Corporate
3946,Nathan West,Puerto Rico,PR,Corporate
2395,Frances Johnson,Puerto Rico,PR,Corporate
6289,Madison Gould,Puerto Rico,PR,Corporate
87,Gloria Brown,Puerto Rico,PR,Corporate
9685,Mary Kennedy,Puerto Rico,PR,Corporate
10447,Mary Smith,Puerto Rico,PR,Corporate
400,Matthew Vaughan,Puerto Rico,PR,Corporate
1254,Mary Barker,Puerto Rico,PR,Corporate
11061,Joseph Webster,Puerto Rico,PR,Corporate
7929,Mary Marquez,Puerto Rico,PR,Corporate
7230,David Saunders,Puerto Rico,PR,Corporate
11694,Margaret Rios,Puerto Rico,PR,Corporate
3511,Mary Orozco,Puerto Rico,PR,Corporate
10319,Mary Johnston,Puerto Rico,PR,Corporate
3776,Amber Faulkner,Puerto Rico,PR,Corporate
8255,Mary Smith,Puerto Rico,PR,Corporate
5226,Martha Cook,Puerto Rico,PR,Corporate
12377,James Smith,Puerto Rico,PR,Corporate
13777,Mechelle Combs,Puerto Rico,PR,Corporate
477,Dylan Smith,Puerto Rico,PR,Corporate
3861,Mary Smith,Puerto Rico,PR,Corporate
8327,Mary Paul,Puerto Rico,PR,Corporate
11946,Grace Solomon,Puerto Rico,PR,Corporate
11956,Alan Campos,Puerto Rico,PR,Corporate
380,Linda Smith,Puerto Rico,PR,Corporate
11913,James Smith,Puerto Rico,PR,Corporate
10331,Megan Collier,Puerto Rico,PR,Corporate
6023,Shirley Webb,Puerto Rico,PR,Corporate
2185,Mary Mitchell,Puerto Rico,PR,Corporate
11195,Jacqueline Smith,Puerto Rico,PR,Corporate
4824,Mary Sanchez,Puerto Rico,PR,Corporate
9280,Mary Blankenship,Puerto Rico,PR,Corporate
10183,Mary Smith,Puerto Rico,PR,Corporate
3591,Lori Farmer,Puerto Rico,PR,Corporate
8338,Mary Jefferson,Puerto Rico,PR,Corporate
1132,Samantha Smith,Puerto Rico,PR,Corporate
7213,Daniel Lowe,Puerto Rico,PR,Corporate
12303,Mary Smith,Puerto Rico,PR,Corporate
1762,Nicholas Smith,Puerto Rico,PR,Corporate
15100,Regina Wagner,Puerto Rico,PR,Corporate
14946,Chloe Delgado,Puerto Rico,PR,Corporate
13361,Signe Melendez,Puerto Rico,PR,Corporate
12995,Zoe Lawson,Puerto Rico,PR,Corporate
13403,Denise Vasquez,Puerto Rico,PR,Corporate
13096,Genevieve Mcfarland,Puerto Rico,PR,Corporate
6915,Robert Whitney,Puerto Rico,PR,Corporate
7741,Kathryn Smith,Puerto Rico,PR,Corporate
12591,Summer Hardin,Puerto Rico,PR,Corporate
8526,James Martinez,Puerto Rico,PR,Corporate
3688,Judy Smith,Puerto Rico,PR,Corporate
8666,Mary Smith,Puerto Rico,PR,Corporate
6833,Matthew Watkins,Puerto Rico,PR,Corporate
12225,Helen Hardin,Puerto Rico,PR,Corporate
11978,Jeffrey Hayes,Puerto Rico,PR,Corporate
3040,Kathy Brown,Puerto Rico,PR,Corporate
4251,Mary Serrano,Puerto Rico,PR,Corporate
4869,Mary Smith,Puerto Rico,PR,Corporate
9657,Roy Williams,Puerto Rico,PR,Corporate
8122,Jesse Webster,Puerto Rico,PR,Corporate
5706,Mary Chan,Puerto Rico,PR,Corporate
5647,Mary Phelps,Puerto Rico,PR,Corporate
5220,Mary Evans,Puerto Rico,PR,Corporate
9774,Jennifer Snyder,Puerto Rico,PR,Corporate
9789,Daniel Valdez,Puerto Rico,PR,Corporate
8518,Mary Lewis,Puerto Rico,PR,Corporate
8157,Mary Marshall,Puerto Rico,PR,Corporate
463,Harry Smith,Puerto Rico,PR,Corporate
11076,Robert Leonard,Puerto Rico,PR,Corporate
5540,Deborah Smith,Puerto Rico,PR,Corporate
6212,Mary Smith,Puerto Rico,PR,Corporate
9735,Jack Smith,Puerto Rico,PR,Corporate
12132,Mary Larson,Puerto Rico,PR,Corporate
10006,Mary Smith,Puerto Rico,PR,Corporate
9075,Scott Hayes,Puerto Rico,PR,Corporate
3830,William Smith,Puerto Rico,PR,Corporate
2541,Daniel Cardenas,Puerto Rico,PR,Corporate
10959,Mary Morton,Puerto Rico,PR,Corporate
1060,Julia Smith,Puerto Rico,PR,Corporate
5419,Jennifer Smith,Puerto Rico,PR,Corporate
3854,Mary Gilbert,Puerto Rico,PR,Corporate
10777,Martha Smith,Puerto Rico,PR,Corporate
10242,Mary Smith,Puerto Rico,PR,Corporate
9142,Mary Nash,Puerto Rico,PR,Corporate
3070,Brian Chavez,Puerto Rico,PR,Corporate
4073,Mary Smith,Puerto Rico,PR,Corporate
10883,Catherine Zamora,Puerto Rico,PR,Corporate
5498,Mary Smith,Puerto Rico,PR,Corporate
3480,James Smith,Puerto Rico,PR,Corporate
11127,Mary Tucker,Puerto Rico,PR,Corporate
7769,Mary Andrade,Puerto Rico,PR,Corporate
18137,Stacy Wilson,Puerto Rico,PR,Corporate
18050,Eden Rivas,Puerto Rico,PR,Corporate
18230,Shana Carroll,Puerto Rico,PR,Corporate
18228,Hillary Glenn,Puerto Rico,PR,Corporate
16580,Ann Kane,Puerto Rico,PR,Corporate
16596,Sonia Diaz,Puerto Rico,PR,Corporate
18789,Xena Holman,Puerto Rico,PR,Corporate
12396,Rachel Horn,Puerto Rico,PR,Corporate
9839,Beverly Doyle,Puerto Rico,PR,Corporate
9956,Mary Smith,Puerto Rico,PR,Corporate
11995,Mary Smith,Puerto Rico,PR,Corporate
10590,James Camacho,Puerto Rico,PR,Corporate
6883,Mary Smith,Puerto Rico,PR,Corporate
10337,Edward Smith,Puerto Rico,PR,Corporate
2155,Joshua Mckinney,Puerto Rico,PR,Corporate
10235,Joseph Singh,Puerto Rico,PR,Corporate
4277,Mary Juarez,Puerto Rico,PR,Corporate
15947,Germane Vargas,Puerto Rico,PR,Corporate
9234,Katherine Smith,Puerto Rico,PR,Corporate
18891,Giselle Velazquez,Puerto Rico,PR,Corporate
1379,Raymond Harvey,Puerto Rico,PR,Corporate
6874,Jordan Freeman,Puerto Rico,PR,Corporate
5044,Linda Sanchez,Puerto Rico,PR,Corporate
6566,David Beck,Puerto Rico,PR,Corporate
4626,Brian Clark,Puerto Rico,PR,Corporate
7232,Mary Garcia,Puerto Rico,PR,Corporate
3171,Elizabeth Moss,Puerto Rico,PR,Corporate
1082,Angela Contreras,Puerto Rico,PR,Corporate
18448,Quail Rogers,Puerto Rico,PR,Corporate
9836,Shirley Sullivan,Puerto Rico,PR,Corporate
4400,Madison Morris,Puerto Rico,PR,Corporate
6327,Mary Coleman,Puerto Rico,PR,Corporate
20448,Oprah Wyatt,Puerto Rico,PR,Corporate
17364,Medge Kinney,Puerto Rico,PR,Corporate
7339,Mary Smith,Puerto Rico,PR,Corporate
9358,Mary Smith,Puerto Rico,PR,Corporate
11851,Mary Shepherd,Puerto Rico,PR,Corporate
6104,Roger Cordova,Puerto Rico,PR,Corporate
15503,Kalia Doyle,Puerto Rico,PR,Corporate
15456,Bertha Bennett,Puerto Rico,PR,Corporate
15290,Nita Riddle,Puerto Rico,PR,Corporate
5204,Andrew Smith,Puerto Rico,PR,Corporate
5635,Mary Chavez,Puerto Rico,PR,Corporate
5389,Mary Smith,Puerto Rico,PR,Corporate
4812,Nathan Fritz,Puerto Rico,PR,Corporate
877,Gerald Adkins,Puerto Rico,PR,Corporate
4679,Sarah Simpson,Puerto Rico,PR,Corporate
5710,Mary Garcia,Puerto Rico,PR,Corporate
3147,Daniel Diaz,Puerto Rico,PR,Corporate
6964,Gregory Dominguez,Puerto Rico,PR,Corporate
17571,Ocean Floyd,Puerto Rico,PR,Corporate
19865,Karly Roman,Puerto Rico,PR,Corporate
16330,Liberty Small,Puerto Rico,PR,Corporate
16165,Paula Rodriguez,Puerto Rico,PR,Corporate
20111,Christine Cotton,Puerto Rico,PR,Corporate
20145,Vera Hunter,Puerto Rico,PR,Corporate
20304,Lenore Joseph,Puerto Rico,PR,Corporate
17826,Signe Daugherty,Puerto Rico,PR,Corporate
18528,Chantale Nunez,Puerto Rico,PR,Corporate
17823,Remedios Wade,Puerto Rico,PR,Corporate
20156,Leigh Workman,Puerto Rico,PR,Corporate
16351,Caryn Pennington,Puerto Rico,PR,Corporate
2890,Mary Taylor,Puerto Rico,PR,Corporate
17430,Hannah Hughes,Puerto Rico,PR,Corporate
6061,Mary Powell,Puerto Rico,PR,Corporate
18641,Hillary Rose,Puerto Rico,PR,Corporate
19902,Hillary Perkins,Puerto Rico,PR,Corporate
5519,Deborah Archer,Puerto Rico,PR,Corporate
4462,Mary Dillon,Puerto Rico,PR,Corporate
3435,Mary Smith,Puerto Rico,PR,Corporate
4805,Karen Rivas,Puerto Rico,PR,Corporate
4404,Helen Smith,Puerto Rico,PR,Corporate
3696,Martha Holloway,Puerto Rico,PR,Corporate
843,Mary Smith,Puerto Rico,PR,Corporate
8259,Mary Smith,Puerto Rico,PR,Corporate
5957,Harold Smith,Puerto Rico,PR,Corporate
3486,Carol Thompson,Puerto Rico,PR,Corporate
2451,Joshua Garcia,Puerto Rico,PR,Corporate
2766,Mary Smith,Puerto Rico,PR,Corporate
6816,Steven Smith,Puerto Rico,PR,Corporate
5571,David Murphy,Puerto Rico,PR,Corporate
4455,Jessica Perry,Puerto Rico,PR,Corporate
4701,Joyce Barker,Puerto Rico,PR,Corporate
3996,Mary Smith,Puerto Rico,PR,Corporate
2934,Judy Hale,Puerto Rico,PR,Corporate
8593,Jacqueline Smith,Puerto Rico,PR,Corporate
3211,Mary Smith,Puerto Rico,PR,Corporate
947,Mary Henry,Puerto Rico,PR,Corporate
5296,Evelyn Jefferson,Puerto Rico,PR,Corporate
7596,Christopher Mejia,Puerto Rico,PR,Corporate
11386,Edward Barnett,Puerto Rico,PR,Corporate
11748,James Smith,Puerto Rico,PR,Corporate
9972,William Serrano,Puerto Rico,PR,Corporate
819,Roy Smith,Puerto Rico,PR,Corporate
6681,Mary Morton,Puerto Rico,PR,Corporate
5548,Michael Crawford,Puerto Rico,PR,Corporate
2731,Joshua Smith,Puerto Rico,PR,Corporate
4380,Mary Lopez,Puerto Rico,PR,Corporate
330,Mary Smith,Puerto Rico,PR,Corporate
3303,Mary Robinson,Puerto Rico,PR,Corporate
834,Mary Stafford,Puerto Rico,PR,Corporate
6414,Mary Smith,Puerto Rico,PR,Corporate
11086,Lauren Hobbs,Puerto Rico,PR,Corporate
1406,Amy Smith,Puerto Rico,PR,Corporate
4171,Jordan White,Puerto Rico,PR,Corporate
1983,Diana Smith,Puerto Rico,PR,Corporate
7599,Gerald Smith,Puerto Rico,PR,Corporate
6876,Helen Smith,Puerto Rico,PR,Corporate
3644,Debra Ryan,Puerto Rico,PR,Corporate
10280,Nicholas Knapp,Puerto Rico,PR,Corporate
12165,Christine Smith,Puerto Rico,PR,Corporate
2020,Mary Caldwell,Puerto Rico,PR,Corporate
1805,Mary Porter,Puerto Rico,PR,Corporate
427,Paul Brown,Puerto Rico,PR,Corporate
366,Larry Williamson,Puerto Rico,PR,Corporate
7771,Janice Jackson,Puerto Rico,PR,Corporate
4502,Ruth Smith,Puerto Rico,PR,Corporate
280,Mary Ortiz,Puerto Rico,PR,Corporate
4445,Mary Jordan,Puerto Rico,PR,Corporate
2894,Mary Smith,Puerto Rico,PR,Corporate
8546,Mary Smith,Puerto Rico,PR,Corporate
7704,John Smith,Puerto Rico,PR,Corporate
5157,Mary Tyler,Puerto Rico,PR,Corporate
2309,Evelyn Gibson,Puerto Rico,PR,Corporate
9811,Deborah Smith,Puerto Rico,PR,Corporate
7068,Gloria Freeman,Puerto Rico,PR,Corporate
4635,Mary Gamble,Puerto Rico,PR,Corporate
10724,Mary Delgado,Puerto Rico,PR,Corporate
5846,Betty Smith,Puerto Rico,PR,Corporate
10144,Doris Smith,Puerto Rico,PR,Corporate
13181,Larissa Cooke,Puerto Rico,PR,Corporate
5822,Maria Smith,Puerto Rico,PR,Corporate
13785,Marny Cross,Puerto Rico,PR,Corporate
3627,Mary Smith,Puerto Rico,PR,Corporate
2298,Elizabeth Smith,Puerto Rico,PR,Corporate
12147,Kathleen Smith,Puerto Rico,PR,Corporate
10065,Betty Padilla,Puerto Rico,PR,Corporate
9158,Mary Bender,Puerto Rico,PR,Corporate
564,Mary Mccann,Puerto Rico,PR,Corporate
11578,Joseph Hall,Puerto Rico,PR,Corporate
5692,Shirley Harvey,Puerto Rico,PR,Corporate
207,Jose Powers,Puerto Rico,PR,Corporate
7115,Brandon Willis,Puerto Rico,PR,Corporate
12861,Anika Witt,Puerto Rico,PR,Corporate
2249,Dorothy Rivera,USA,CA,Corporate
1650,Mary Bennett,USA,NJ,Corporate
12274,Joyce Smith,USA,NY,Corporate
12405,Ashley Williams,USA,OK,Corporate
4351,Patricia Mahoney,USA,TN,Corporate
4746,Jean Smith,USA,CA,Corporate
4379,George Smith,USA,MI,Corporate
239,Mary Simpson,USA,TX,Corporate
8334,Sandra Smith,USA,NM,Corporate
9681,Mary Sweeney,USA,TX,Corporate
4006,Mary Smith,USA,NJ,Corporate
7488,Mary Clark,USA,TN,Corporate
5073,Mary Frazier,USA,CA,Corporate
10254,Mary Austin,USA,CA,Corporate
2202,Mary Smith,USA,TX,Corporate
1259,John Smith,USA,WA,Corporate
796,Donna Smith,USA,FL,Corporate
4430,Grace Smith,USA,MI,Corporate
1202,Andrea Clayton,USA,IL,Corporate
6243,Virginia Odom,USA,IL,Corporate
2413,Mary Smith,USA,VA,Corporate
11870,Rachel Hernandez,USA,CA,Corporate
1728,Mary Smith,USA,CA,Corporate
2893,Russell Wyatt,USA,CA,Corporate
5067,Robert Glass,USA,UT,Corporate
4414,Robert Lopez,USA,CA,Corporate
4446,Cynthia Berry,USA,CA,Corporate
6236,Mary Martinez,USA,IL,Corporate
8875,Mary Lawrence,USA,MO,Corporate
6293,Mary Porter,USA,CT,Corporate
7350,Rose Smith,USA,UT,Corporate
1551,Eric Collins,USA,NJ,Corporate
9981,Mary Maynard,USA,CA,Corporate
5559,Alice Smith,USA,IL,Corporate
1166,Tammy Blake,USA,NV,Corporate
4926,Mary Smith,USA,NY,Corporate
3869,Mary Roberts,USA,CA,Corporate
1971,Richard Stokes,USA,WA,Corporate
10236,Christopher Smith,USA,CA,Corporate
7529,John Smith,USA,CO,Corporate
6259,Samantha Morales,USA,MI,Corporate
260,Kenneth Smith,USA,CA,Corporate
2782,Bruce Smith,USA,CA,Corporate
5806,Mary Smith,USA,VA,Corporate
5099,Mary Mercer,USA,IL,Corporate
4405,Anna Merritt,USA,MD,Corporate
10901,Donald Dixon,USA,CA,Corporate
13779,Maxine Knox,USA,TX,Corporate
13090,Xantha Shannon,USA,FL,Corporate
12979,Natalie Gould,USA,NC,Corporate
13246,Anastasia Moore,USA,NV,Corporate
13353,Karina Strickland,USA,IL,Corporate
13243,Cassady Gilmore,USA,CA,Corporate
14404,Xerxes Bowers,USA,CA,Corporate
3212,Laura Griffin,USA,DC,Corporate
11393,Steven Wong,USA,NY,Corporate
5400,Mary Torres,USA,CT,Corporate
10427,Mary Smith,USA,GA,Corporate
13911,Rachel Gentry,USA,CA,Corporate
13981,Anastasia Estes,USA,CA,Corporate
3666,Mary Smith,USA,NJ,Corporate
10374,Barbara Smith,USA,NY,Corporate
14795,Angelica Freeman,USA,PA,Corporate
13937,September Knight,USA,IL,Corporate
1719,Ruth Smith,USA,CA,Corporate
4241,Mary Long,USA,CA,Corporate
3555,Gregory Walker,USA,NY,Corporate
725,Mary Smith,USA,CA,Corporate
4284,Mary Smith,USA,CA,Corporate
5348,Mary Wilson,USA,CA,Corporate
547,Kathleen Contreras,USA,MD,Corporate
8644,Kenneth Smith,USA,CO,Corporate
7456,Mary Gallegos,USA,NY,Corporate
2990,Michael Smith,USA,CA,Corporate
6182,Pamela Smith,USA,NY,Corporate
2897,Daniel Mckinney,USA,IL,Corporate
44,Howard Smith,USA,CA,Corporate
5636,Hannah Smith,USA,GA,Corporate
12141,Mary Allen,USA,IL,Corporate
3730,Eric Clements,USA,VA,Corporate
1220,Samantha Terry,USA,MI,Corporate
15560,Chantale Snider,USA,NY,Corporate
17825,Iona William,USA,CA,Corporate
18130,Blair Dalton,USA,CA,Corporate
19113,Candice Atkins,USA,MI,Corporate
15890,Dakota Melendez,USA,NY,Corporate
9540,David Hall,USA,CO,Corporate
3025,Sarah Smith,USA,TX,Corporate
18497,Remedios Tyson,USA,CA,Corporate
16000,Belle Mccall,USA,NV,Corporate
17429,Evelyn Sweeney,USA,MD,Corporate
18330,Kiara Dale,USA,TN,Corporate
18437,Leila Stewart,USA,CA,Corporate
20690,Brenna Carroll,USA,MI,Corporate
4793,Cynthia Macdonald,USA,FL,Corporate
18436,Kelsey Cole,USA,TX,Corporate
18450,Bo Jensen,USA,MD,Corporate
18866,Rachel Knapp,USA,VA,Corporate
15973,Ursula Andrade,USA,CA,Corporate
17983,Ramona Miller,USA,OR,Corporate
20449,Nichole Vasquez,USA,IL,Corporate
17383,Chloe Wiggins,USA,TX,Corporate
18446,Moana Obrien,USA,TX,Corporate
18708,Wendy Lowery,USA,NY,Corporate
67,Samantha Smith,USA,IL,Corporate
11406,James Perry,USA,NM,Corporate
103,Mary Williams,USA,CO,Corporate
4527,Mary Rush,USA,OH,Corporate
16350,Imani Spencer,USA,CT,Corporate
18997,Cally Knapp,USA,MN,Corporate
16300,Felicia Mcfarland,USA,TX,Corporate
16299,Ila Nichols,USA,TN,Corporate
16298,Karla Holmes,USA,CA,Corporate
9508,Alan Smith,USA,CA,Corporate
5891,Margaret Chang,USA,NV,Corporate
10995,Joe Juarez,USA,FL,Corporate
6808,Mary Smith,USA,NY,Corporate
1357,Mary Smith,USA,CA,Corporate
7344,Jeffrey Hardin,USA,PA,Corporate
1079,Carolyn Galvan,USA,KY,Corporate
3616,Jean Holder,USA,IL,Corporate
9274,Mary Long,USA,TN,Corporate
5595,Samuel Santos,USA,CA,Corporate
9468,Mary Smith,USA,OH,Corporate
5094,Mary Smith,USA,NY,Corporate
524,Catherine Cox,USA,MA,Corporate
3069,Mary Perez,USA,CA,Corporate
3023,Mary Harris,USA,CA,Corporate
4605,Andrew Horne,USA,OR,Corporate
10557,Rebecca Contreras,USA,PA,Corporate
9684,Wayne Smith,USA,NM,Corporate
4401,Mary Hoover,USA,GA,Corporate
2748,Nicole Michael,USA,VA,Corporate
12043,Alexander Jordan,USA,MD,Corporate
12605,Amy Thomas,USA,NY,Corporate
12814,Yvette Henry,USA,GA,Corporate
12813,Ina Rose,USA,CA,Corporate
5956,Mary Buchanan,USA,TX,Corporate
12510,Yoshi Howell,USA,NC,Corporate
12860,Dana Gordon,USA,PA,Corporate
12895,Charity Chambers,USA,NC,Corporate
3620,Jeremy Morris,USA,CO,Corporate
2995,Paul Singh,USA,MN,Corporate
18951,Camilla Weiss,USA,MI,Corporate
19065,Madonna Trujillo,USA,TX,Corporate
19243,Chastity Rogers,USA,CA,Corporate
10618,Mary Ortega,USA,TX,Corporate
17294,Mariam Chang,USA,CA,Corporate
18689,Mari Clarke,USA,PA,Corporate
15616,Ivana Rodgers,USA,CA,Corporate
5700,Mary Simmons,USA,CA,Corporate
8795,Bobby Thomas,USA,NC,Corporate
17569,Jillian Turner,USA,NY,Corporate
17530,Sydnee Hudson,USA,MI,Corporate
20331,Illiana Hines,USA,CT,Corporate
17816,Wynter Murray,USA,IL,Corporate
20329,Amity Alexander,USA,CA,Corporate
16219,Amity Browning,USA,TX,Corporate
16339,Jolene Mcneil,USA,OH,Corporate
16338,Faith Woodward,USA,CA,Corporate
20339,Lara Powers,USA,NJ,Corporate
15236,Eliana Adams,USA,MI,Corporate
18632,Venus Franklin,USA,CT,Corporate
9891,Mary Smith,USA,MD,Corporate
4461,Jeremy Miller,USA,CA,Corporate
3156,Kathleen Smith,USA,VA,Corporate
7373,Angela Holt,USA,MD,Corporate
5205,Diane Adams,USA,MI,Corporate
4312,Mary Smith,USA,CA,Corporate
15102,Lacey Brooks,USA,CA,Corporate
14432,Basia Torres,USA,NY,Corporate
13039,Azalia Henson,USA,CA,Corporate
13107,Genevieve Mathis,USA,AZ,Corporate
13250,Camille Knapp,USA,IL,Corporate
14302,Imelda Henry,USA,NY,Corporate
14354,Ifeoma Nolan,USA,CA,Corporate
14421,Sybill Russell,USA,TX,Corporate
12974,Bo Ewing,USA,CA,Corporate
13331,Mechelle Tate,USA,IL,Corporate
10568,Terry Wilson,USA,CT,Corporate
169,Debra Mccarthy,USA,NY,Corporate
2828,Mary Smith,USA,CA,Corporate
13680,Moana Malone,USA,WI,Corporate
6680,Heather Moore,USA,NJ,Corporate
13945,Donna Buckner,USA,NY,Corporate
4216,Michael Smith,USA,TX,Corporate
13962,Martina Vance,USA,NY,Corporate
13799,Camille Barton,USA,DC,Corporate
9209,Mary Smith,USA,CA,Corporate
11207,Gerald Smith,USA,NM,Corporate
14814,Zia Miranda,USA,PA,Corporate
13921,Ruth Oneal,USA,NJ,Corporate
13795,Lesley Rowland,USA,CA,Corporate
13920,Briar Mullins,USA,VA,Corporate
14776,Kitra Lang,USA,CO,Corporate
9973,Amy Hood,USA,MD,Corporate
13684,Stella King,USA,CA,Corporate
13989,Kai Ayala,USA,CA,Corporate
12174,Mary Mitchell,USA,MI,Corporate
9493,Mary Smith,USA,CA,Corporate
1133,Tiffany Ryan,USA,CA,Corporate
12596,Cynthia Melton,USA,NY,Corporate
12670,Jaquelyn Gilmore,USA,FL,Corporate
3919,Charles Little,USA,CA,Corporate
2978,Mary Le,USA,CA,Corporate
3713,Helen Smith,USA,IL,Corporate
10693,Andrea Sparks,USA,PA,Corporate
6689,Adam Wright,USA,FL,Corporate
596,Mary Serrano,USA,FL,Corporate
4978,Mary Small,USA,TX,Corporate
405,Kathleen Smith,USA,FL,Corporate
19901,Maggie Fuller,USA,MO,Corporate
18161,Kimberly Haynes,USA,CA,Corporate
18086,Nadine Boyle,USA,PA,Corporate
16589,Gemma Mcdowell,USA,TX,Corporate
16390,Lois Tate,USA,CA,Corporate
19264,Amanda Frazier,USA,GA,Corporate
19263,Brynne Massey,USA,MD,Corporate
19047,Tatiana Vargas,USA,MO,Corporate
19280,Bree Rutledge,USA,TX,Corporate
19152,Ivana Gilmore,USA,IL,Corporate
19200,Halee Grimes,USA,TX,Corporate
15819,Geraldine Bolton,USA,NY,Corporate
15692,Aspen Cobb,USA,DE,Corporate
15832,Morgan Castro,USA,CA,Corporate
530,Mary Smith,USA,NJ,Corporate
1194,Matthew Zimmerman,USA,CA,Corporate
17631,Shaine Barton,USA,CA,Corporate
17629,Sonia Ramos,USA,CA,Corporate
17484,Madonna Sherman,USA,CA,Corporate
20548,Deanna Stanley,USA,TX,Corporate
16052,Gemma Gilmore,USA,IL,Corporate
17302,Whitney Buchanan,USA,SC,Corporate
3084,Mary Fisher,USA,IL,Corporate
17356,Nelle Mccall,USA,IL,Corporate
17301,Kylie Kelley,USA,IL,Corporate
20564,Sade Delaney,USA,MD,Corporate
17498,Tamara Newton,USA,CT,Corporate
20705,Jorden Mccray,USA,VA,Corporate
17931,Tamara Dunlap,USA,NY,Corporate
18325,Isabelle Hopper,USA,CA,Corporate
20685,Iona Alvarado,USA,CA,Corporate
15664,Halee Melton,USA,NY,Corporate
15516,Lacy Guerrero,USA,OH,Corporate
15513,Stella Mckenzie,USA,CA,Corporate
15621,Alma Schwartz,USA,AL,Corporate
850,Sean Smith,USA,NJ,Corporate
10028,Jose Smith,USA,UT,Corporate
18558,Xaviera Cherry,USA,CA,Corporate
20278,Ina Baker,USA,HI,Corporate
16310,Blythe Huffman,USA,CA,Corporate
16126,Sloane Stevens,USA,VA,Corporate
17091,September Nunez,USA,TN,Corporate
15239,Skyler Sullivan,USA,OR,Corporate
16321,Nita Vega,USA,CA,Corporate
20142,Aileen Guthrie,USA,ID,Corporate
19835,Ila Allen,USA,CA,Corporate
16175,Aubrey Chan,USA,MD,Corporate
17159,Mikayla Burnett,USA,CA,Corporate
20298,Moana Salazar,USA,CA,Corporate
2327,Helen Martin,USA,PA,Corporate
6153,Mary Smith,USA,NY,Corporate
6839,Bobby Bean,USA,TX,Corporate
2542,Ryan Smith,USA,TN,Corporate
7335,Robert Smith,USA,OH,Corporate
10456,Mary Smith,USA,CA,Corporate
1777,Kenneth Snyder,USA,TX,Corporate
1654,Mary Smith,USA,CA,Corporate
8349,Jose Smith,USA,CA,Corporate
7322,Linda Smith,USA,IL,Corporate
10491,Nicole James,USA,MI,Corporate
2162,Margaret Smith,USA,GA,Corporate
8228,Gregory Allen,USA,NJ,Corporate
7033,Robert Hayes,USA,VA,Corporate
2506,Anthony Wood,USA,CA,Corporate
9583,Sarah Smith,Puerto Rico,PR,Home Office
6496,Rose Smith,Puerto Rico,PR,Home Office
2433,James Smith,Puerto Rico,PR,Home Office
12628,Rebekah Watts,Puerto Rico,PR,Home Office
14924,Oprah Olson,Puerto Rico,PR,Home Office
13437,Kerry Rivera,Puerto Rico,PR,Home Office
14182,Blythe Lowe,Puerto Rico,PR,Home Office
13367,Darrel Trujillo,Puerto Rico,PR,Home Office
13642,Nita Reeves,Puerto Rico,PR,Home Office
7555,Mary Smith,Puerto Rico,PR,Home Office
5813,Mary Brock,Puerto Rico,PR,Home Office
3499,Mildred Cole,Puerto Rico,PR,Home Office
2176,Nicholas Meyers,Puerto Rico,PR,Home Office
10717,Kelly Smith,Puerto Rico,PR,Home Office
10544,Mary Holland,Puerto Rico,PR,Home Office
5633,Mary Smith,Puerto Rico,PR,Home Office
11513,David Smith,Puerto Rico,PR,Home Office
8824,Mary Smith,Puerto Rico,PR,Home Office
2645,Jeremy Leblanc,Puerto Rico,PR,Home Office
3052,Mary Morales,Puerto Rico,PR,Home Office
8883,Marie Davis,Puerto Rico,PR,Home Office
6770,Gregory Smith,Puerto Rico,PR,Home Office
6764,Scott Smith,Puerto Rico,PR,Home Office
9649,Barbara Smith,Puerto Rico,PR,Home Office
8562,Sara Williams,Puerto Rico,PR,Home Office
2354,David Flores,Puerto Rico,PR,Home Office
12219,Beverly Nguyen,Puerto Rico,PR,Home Office
6825,Mary Smith,Puerto Rico,PR,Home Office
236,Ashley Clark,Puerto Rico,PR,Home Office
3808,Nancy Smith,Puerto Rico,PR,Home Office
612,Mary Cochran,Puerto Rico,PR,Home Office
10920,Mary Morgan,Puerto Rico,PR,Home Office
5737,Brenda Miller,Puerto Rico,PR,Home Office
11451,Mary Shepherd,Puerto Rico,PR,Home Office
2841,Mary Smith,Puerto Rico,PR,Home Office
10803,Laura Carey,Puerto Rico,PR,Home Office
1897,Patrick Baker,Puerto Rico,PR,Home Office
1279,Alexander Williams,Puerto Rico,PR,Home Office
2862,Ashley Castaneda,Puerto Rico,PR,Home Office
17323,Sybil Leach,Puerto Rico,PR,Home Office
4263,Paul Atkins,Puerto Rico,PR,Home Office
15350,Freya Fitzgerald,Puerto Rico,PR,Home Office
20205,Maya Parrish,Puerto Rico,PR,Home Office
20202,Lareina Freeman,Puerto Rico,PR,Home Office
19122,Venus Witt,Puerto Rico,PR,Home Office
19093,Leandra Haley,Puerto Rico,PR,Home Office
18745,Nell Hood,Puerto Rico,PR,Home Office
20584,Calista Sherman,Puerto Rico,PR,Home Office
20438,Kim Hutchinson,Puerto Rico,PR,Home Office
17281,Hyacinth Church,Puerto Rico,PR,Home Office
17420,Amy Casey,Puerto Rico,PR,Home Office
8311,Mary Morgan,Puerto Rico,PR,Home Office
1699,Mary Webb,Puerto Rico,PR,Home Office
15365,Alfreda Mitchell,Puerto Rico,PR,Home Office
15634,Carolyn Horne,Puerto Rico,PR,Home Office
8080,Matthew Smith,Puerto Rico,PR,Home Office
17559,Jessamine Lee,Puerto Rico,PR,Home Office
17612,Illana Kidd,Puerto Rico,PR,Home Office
15142,Lareina Kline,Puerto Rico,PR,Home Office
17153,Illana Dean,Puerto Rico,PR,Home Office
15139,Kirby Francis,Puerto Rico,PR,Home Office
16274,Patience Dunn,Puerto Rico,PR,Home Office
15207,Olivia Downs,Puerto Rico,PR,Home Office
19979,Destiny Luna,Puerto Rico,PR,Home Office
18614,Ila York,Puerto Rico,PR,Home Office
16099,Carol Robertson,Puerto Rico,PR,Home Office
18057,Gloria Quinn,Puerto Rico,PR,Home Office
19089,Galena Robbins,Puerto Rico,PR,Home Office
15871,Linda Duran,Puerto Rico,PR,Home Office
18353,Brenda Pitts,Puerto Rico,PR,Home Office
20677,Susy Haley,Puerto Rico,PR,Home Office
8333,Mary Solomon,Puerto Rico,PR,Home Office
16054,Donna Luna,Puerto Rico,PR,Home Office
20458,Abigail Tate,Puerto Rico,PR,Home Office
11555,Mary Smith,Puerto Rico,PR,Home Office
18381,Nayda Albert,Puerto Rico,PR,Home Office
3260,Matthew Smith,Puerto Rico,PR,Home Office
20723,Ayanna Garza,Puerto Rico,PR,Home Office
20669,Gay Turner,Puerto Rico,PR,Home Office
15523,Freya Colon,Puerto Rico,PR,Home Office
2481,Mary Clements,Puerto Rico,PR,Home Office
17546,Willa Gilmore,Puerto Rico,PR,Home Office
17137,Rina Garner,Puerto Rico,PR,Home Office
17783,Evelyn Simon,Puerto Rico,PR,Home Office
17168,Lenore Mcdaniel,Puerto Rico,PR,Home Office
17868,Denise Norris,Puerto Rico,PR,Home Office
19839,Abra Walsh,Puerto Rico,PR,Home Office
19857,Nita Shepherd,Puerto Rico,PR,Home Office
16358,Ginger Sharp,Puerto Rico,PR,Home Office
17235,Doris Riddle,Puerto Rico,PR,Home Office
16158,Jennifer Ware,Puerto Rico,PR,Home Office
15144,Moana Hayes,Puerto Rico,PR,Home Office
16172,April Blackburn,Puerto Rico,PR,Home Office
15287,Noel Lynn,Puerto Rico,PR,Home Office
18014,Melyssa Rodgers,Puerto Rico,PR,Home Office
15463,Felicia Ashley,Puerto Rico,PR,Home Office
7622,Mary Hodges,Puerto Rico,PR,Home Office
5592,Mary Bush,Puerto Rico,PR,Home Office
9453,Amy Murray,Puerto Rico,PR,Home Office
7514,Heather Clarke,Puerto Rico,PR,Home Office
1341,Joseph Brown,Puerto Rico,PR,Home Office
5412,Roger Smith,Puerto Rico,PR,Home Office
7396,Mary Madden,Puerto Rico,PR,Home Office
3927,Mary Smith,Puerto Rico,PR,Home Office
1268,Jerry Smith,Puerto Rico,PR,Home Office
9647,Charles Butler,Puerto Rico,PR,Home Office
5551,Diane Lambert,Puerto Rico,PR,Home Office
6754,Beverly Smith,Puerto Rico,PR,Home Office
6314,Vincent Williams,Puerto Rico,PR,Home Office
8299,Sean Smith,Puerto Rico,PR,Home Office
10633,Joyce Garcia,Puerto Rico,PR,Home Office
10917,Mary Bryant,Puerto Rico,PR,Home Office
5312,Nancy Flores,Puerto Rico,PR,Home Office
8821,Mary Rios,Puerto Rico,PR,Home Office
5809,Mary Nunez,Puerto Rico,PR,Home Office
10370,Mary Mcintosh,Puerto Rico,PR,Home Office
5086,Mary Parker,Puerto Rico,PR,Home Office
2421,Tyler Obrien,Puerto Rico,PR,Home Office
2148,Jean Mcguire,Puerto Rico,PR,Home Office
994,Lisa Massey,Puerto Rico,PR,Home Office
3563,Mary Stout,Puerto Rico,PR,Home Office
4259,Thomas Trujillo,Puerto Rico,PR,Home Office
8138,Mary Montgomery,Puerto Rico,PR,Home Office
7042,Mary Hudson,Puerto Rico,PR,Home Office
1886,Mark Smith,Puerto Rico,PR,Home Office
6016,Mary Smith,Puerto Rico,PR,Home Office
7824,Mary Jackson,Puerto Rico,PR,Home Office
4331,David Smith,Puerto Rico,PR,Home Office
11614,Zachary Thomas,Puerto Rico,PR,Home Office
6683,Zachary Reyes,Puerto Rico,PR,Home Office
689,Mary Smith,Puerto Rico,PR,Home Office
3759,Mary Taylor,Puerto Rico,PR,Home Office
7107,Mary Caldwell,Puerto Rico,PR,Home Office
1644,Kimberly Smith,Puerto Rico,PR,Home Office
991,John Smith,Puerto Rico,PR,Home Office
5868,Mary Baxter,Puerto Rico,PR,Home Office
4134,Johnny Smith,Puerto Rico,PR,Home Office
6119,Sandra Leach,Puerto Rico,PR,Home Office
8180,Albert Smith,USA,NY,Home Office
9831,Daniel Smith,USA,MD,Home Office
6089,Laura Blair,USA,IL,Home Office
7565,Jean Donovan,USA,NV,Consumer
10421,Rebecca Smith,Puerto Rico,PR,Corporate
9731,Mary Smith,USA,TX,Home Office
306,Alan Boyle,USA,AZ,Home Office
8252,Laura Smith,USA,OH,Home Office
7427,Russell Smith,USA,IL,Home Office
172,Lauren Rush,USA,CA,Home Office
5190,Mary Smith,USA,CT,Home Office
6691,John Smith,USA,FL,Home Office
8895,Mary Ferguson,USA,NM,Home Office
1583,Sean Smith,USA,TX,Home Office
6069,Helen Smith,USA,FL,Consumer
6176,William Garza,USA,NY,Home Office
5055,Emma Clay,Puerto Rico,PR,Home Office
4265,Debra Smith,USA,CA,Home Office
5788,Mary Barrera,USA,CA,Home Office
5962,Jordan Smith,USA,CA,Home Office
8253,Shirley Arnold,Puerto Rico,PR,Consumer
2190,Mary Reyes,Puerto Rico,PR,Corporate
918,Nathan Smith,Puerto Rico,PR,Corporate
6630,Roy Malone,USA,NJ,Home Office
5386,Brenda Smith,USA,VA,Corporate
2968,Julia Scott,Puerto Rico,PR,Consumer
8533,Austin Smith,Puerto Rico,PR,Consumer
5765,Maria Smith,USA,OH,Home Office
3928,Joseph Jones,USA,NY,Home Office
11401,Mary Smith,Puerto Rico,PR,Consumer
764,David Smith,USA,HI,Home Office
2294,Jacob Smith,USA,CA,Corporate
968,Mary Larson,USA,OH,Consumer
347,Bryan Marsh,USA,TX,Home Office
7323,Sarah Neal,Puerto Rico,PR,Corporate
3432,John Smith,USA,NY,Corporate
1197,Michael Smith,USA,TX,Consumer
10974,Mary Smith,USA,NJ,Consumer
5049,Mary Walton,Puerto Rico,PR,Consumer
5735,Ashley Aguirre,Puerto Rico,PR,Consumer
4814,Paul Suarez,USA,CA,Corporate
3753,Hannah Smith,USA,CA,Home Office
8832,Victoria Reyes,USA,NY,Home Office
5337,Samuel Stephenson,Puerto Rico,PR,Home Office
4935,Sarah Nielsen,USA,FL,Home Office
480,Mary Smith,USA,TX,Consumer
11783,Maria Smith,USA,MI,Home Office
3574,Mary Smith,USA,UT,Home Office
5847,Mary Torres,USA,NY,Home Office
1817,Teresa Mitchell,USA,MO,Home Office
10551,Jacqueline Williams,USA,AZ,Consumer
5857,Mary Gregory,Puerto Rico,PR,Consumer
7453,John Smith,Puerto Rico,PR,Corporate
2853,Mary Alvarez,USA,CA,Home Office
2418,Helen Smith,USA,CT,Home Office
8332,Bruce Smith,USA,CA,Home Office
5473,Randy Smith,Puerto Rico,PR,Consumer
11850,Deborah Smith,Puerto Rico,PR,Corporate
8595,Elizabeth Smith,Puerto Rico,PR,Corporate
12201,Mary Burton,USA,MA,Consumer
9749,Anthony Mcguire,Puerto Rico,PR,Consumer
10810,Mary Smith,USA,NJ,Consumer
10267,Mary Smith,Puerto Rico,PR,Corporate
12308,Joseph Smith,USA,IL,Consumer
10458,Mary Estrada,USA,CA,Consumer
2913,Victoria Sharp,USA,NM,Home Office
6730,Mary Gallegos,Puerto Rico,PR,Corporate
1419,Mary Black,USA,NY,Home Office
6105,Mary Smith,USA,CA,Consumer
8947,Mary Rose,USA,CT,Home Office
8941,Mary Drake,USA,VA,Home Office
10938,Carolyn Morris,Puerto Rico,PR,Consumer
8891,Michael Smith,USA,MI,Consumer
9481,Julie Smith,USA,WA,Consumer
11400,Frances Holmes,USA,TX,Home Office
388,Robert Smith,USA,CA,Consumer
1702,Mary Smith,USA,TX,Consumer
7587,Mary Barnett,Puerto Rico,PR,Home Office
6008,Mary Cervantes,Puerto Rico,PR,Consumer
7408,Mary Holmes,USA,AZ,Home Office
4272,Mary Brewer,USA,CA,Home Office
5951,Brenda Oconnell,USA,AZ,Consumer
8827,Brian Wilson,USA,TX,Home Office
3847,Julie Brewer,USA,MO,Home Office
6351,Michael Atkins,USA,PA,Home Office
3060,Mary Smith,USA,CA,Consumer
3656,Willie Smith,USA,PA,Home Office
11942,Mary Bernard,Puerto Rico,PR,Consumer
707,Shawn Ortiz,Puerto Rico,PR,Consumer
10625,Mark Davis,USA,CA,Consumer
8965,Peter Smith,Puerto Rico,PR,Home Office
7093,Mary Ochoa,USA,GA,Consumer
11422,Mary Jones,USA,CA,Home Office
3316,Mary Oconnor,Puerto Rico,PR,Consumer
1882,Jacob Wood,USA,NY,Home Office
1926,Mary Williams,USA,CA,Consumer
5882,Mary Ruiz,USA,CA,Consumer
3164,Karen Smith,USA,RI,Consumer
7358,Michael Simpson,USA,CA,Consumer
8852,John Smith,Puerto Rico,PR,Consumer
2066,Mary Garcia,USA,NY,Consumer
7402,Joseph Frye,Puerto Rico,PR,Consumer
11690,Mary Jenkins,USA,TX,Consumer
2124,Matthew Montgomery,USA,NJ,Home Office
181,Mary Jones,USA,PA,Home Office
2614,William Rocha,USA,GA,Consumer
5335,Phillip Paul,Puerto Rico,PR,Corporate
3495,Mary Mcdonald,USA,FL,Consumer
11191,Mary Peterson,Puerto Rico,PR,Consumer
6371,Mary Lloyd,Puerto Rico,PR,Home Office
8907,Michelle Smith,Puerto Rico,PR,Corporate
11126,Joe Smith,USA,OH,Consumer
3963,Mary Ross,Puerto Rico,PR,Corporate
11377,Brandon Smith,Puerto Rico,PR,Consumer
6981,Mary Brennan,USA,CA,Home Office
1924,Mary Ingram,USA,AZ,Consumer
10718,Mary Lambert,USA,GA,Home Office
7601,Mary Smith,Puerto Rico,PR,Corporate
5853,Ralph Hicks,Puerto Rico,PR,Corporate
9258,John Rodgers,USA,LA,Consumer
3252,Mary Smith,Puerto Rico,PR,Consumer
9919,Mary Daniel,USA,NC,Consumer
334,Kathleen Oconnor,USA,CA,Consumer
3285,Michelle Gilbert,USA,NY,Corporate
2099,Dylan Preston,Puerto Rico,PR,Corporate
5218,Timothy George,USA,CA,Consumer
10550,Elizabeth Smith,Puerto Rico,PR,Corporate
4255,Brittany Smith,Puerto Rico,PR,Consumer
12081,Margaret Smith,USA,FL,Home Office
307,Mary Smith,USA,MD,Consumer
6622,Mary Smith,USA,CA,Consumer
8023,Mary Pope,USA,FL,Consumer
10944,Brittany Smith,Puerto Rico,PR,Corporate
2669,Dorothy Buck,USA,CA,Home Office
12198,Peter Hart,USA,FL,Consumer
2744,Amanda Fitzgerald,USA,IL,Home Office
6794,Wayne Hendricks,Puerto Rico,PR,Consumer
5804,Mary Burns,USA,PA,Corporate
8235,Bruce Horton,USA,TX,Consumer
12268,Harry Lee,USA,CA,Corporate
2108,Rachel Marshall,USA,IL,Consumer
5170,Mary Smith,USA,CA,Consumer
11429,Janice Smith,USA,HI,Home Office
6870,Jessica Owens,USA,CA,Home Office
5416,Justin Garcia,USA,MA,Home Office
10824,Mary Smith,Puerto Rico,PR,Corporate
11790,Janet Anderson,Puerto Rico,PR,Corporate
4520,Mary Chavez,USA,IL,Home Office
2494,Mary Griffin,USA,OH,Consumer
10573,Roger Jackson,USA,NY,Consumer
11541,Marie Ruiz,USA,CA,Consumer
9043,Henry Norris,USA,OH,Consumer
6044,Megan Fernandez,Puerto Rico,PR,Corporate
1403,Mary Smith,USA,UT,Consumer
2509,Grace Smith,USA,FL,Consumer
9534,Christopher Smith,USA,NV,Consumer
750,Mary Smith,USA,IL,Consumer
7118,Ethan Watkins,USA,PA,Consumer
4363,Mary Smith,Puerto Rico,PR,Consumer
1356,Albert Mitchell,Puerto Rico,PR,Corporate
4419,Elizabeth Fernandez,USA,CA,Home Office
8809,Christina Velasquez,USA,CA,Consumer
1799,John Smith,USA,OH,Consumer
8503,Amy Smith,USA,TX,Corporate
8943,Brian Yates,USA,NV,Home Office
3115,Tammy Leblanc,Puerto Rico,PR,Consumer
5163,Patricia Freeman,USA,IL,Consumer
7127,Catherine Escobar,USA,NY,Consumer
5000,Mary Cannon,Puerto Rico,PR,Consumer
11097,Mary Hatfield,Puerto Rico,PR,Consumer
10637,Matthew Smith,USA,WA,Consumer
11729,Christine Johnson,USA,OH,Consumer
2376,David Black,USA,CT,Home Office
4730,Karen Smith,USA,FL,Corporate
9842,Mary Smith,Puerto Rico,PR,Consumer
5726,Terry Hartman,USA,CA,Consumer
2239,Mary Smith,USA,MD,Home Office
2076,George Brock,USA,OH,Home Office
8820,Jessica Smith,USA,CA,Home Office
3321,Robert Medina,Puerto Rico,PR,Consumer
10674,George Morton,USA,NY,Home Office
9420,Frank Johnson,USA,CA,Consumer
11601,Crystal Hayden,USA,AZ,Consumer
3208,Mildred Short,USA,FL,Consumer
12153,James Thomas,USA,CA,Home Office
9744,Donna Huff,USA,TN,Home Office
3417,Daniel Joseph,USA,IL,Home Office
5630,Raymond Smith,Puerto Rico,PR,Corporate
9748,Mary Smith,USA,FL,Consumer
5285,Heather Bentley,USA,UT,Consumer
10358,Larry Alvarez,Puerto Rico,PR,Home Office
8585,Sharon Smith,USA,CA,Consumer
2833,Eric Vega,Puerto Rico,PR,Corporate
2259,Mary Knapp,USA,NY,Home Office
5126,Karen Roberts,USA,WV,Consumer
10197,Judith Camacho,USA,PA,Home Office
7513,Mary Myers,USA,TX,Consumer
2475,Dennis Hall,USA,MI,Consumer
1451,Mary Harding,USA,FL,Home Office
5451,Wayne Torres,USA,IL,Home Office
5460,Lori Smith,USA,TX,Home Office
5896,Wayne Graham,USA,NY,Consumer
364,Jason Mcmahon,USA,CA,Home Office
6838,Lisa Garcia,USA,NY,Home Office
1382,Mary Aguilar,Puerto Rico,PR,Home Office
888,Mary Smith,USA,CA,Home Office
5350,Timothy Solomon,USA,CA,Home Office
8308,Kathy Smith,USA,OH,Consumer
6298,Mary Smith,USA,CA,Consumer
8256,James Parker,USA,AZ,Home Office
11965,Emma Noble,USA,TX,Consumer
2671,Nancy Moore,USA,OR,Consumer
11333,Mary Jones,USA,CA,Home Office
2352,Timothy Waller,Puerto Rico,PR,Consumer
8695,Larry Thomas,Puerto Rico,PR,Corporate
2220,James Smith,Puerto Rico,PR,Corporate
10073,Megan Lee,USA,NJ,Consumer
12015,Vincent Ortiz,Puerto Rico,PR,Corporate
8628,Frances Meyer,USA,FL,Consumer
10323,Eric Jensen,Puerto Rico,PR,Consumer
8320,James Smith,Puerto Rico,PR,Consumer
1606,Brandon Smith,Puerto Rico,PR,Corporate
4116,Mary Smith,USA,IL,Home Office
1903,Mary Sullivan,USA,VA,Consumer
4620,Carolyn Bennett,Puerto Rico,PR,Consumer
8649,Mary Smith,Puerto Rico,PR,Corporate
11363,Frank Paul,USA,TX,Consumer
9889,Mary Lee,USA,CA,Consumer
9058,Mary Ramos,USA,MI,Home Office
12149,Mary Smith,Puerto Rico,PR,Corporate
6790,Mary Smith,Puerto Rico,PR,Corporate
9340,Mary Smith,USA,CA,Consumer
941,Jeremy Rowe,USA,CA,Consumer
10649,Helen Gonzalez,Puerto Rico,PR,Corporate
3694,Mary Smith,USA,MI,Consumer
8194,David Winters,USA,UT,Consumer
1264,Melissa Smith,Puerto Rico,PR,Corporate
2826,Lisa Wallace,USA,CA,Home Office
7788,Diana Smith,USA,CA,Corporate
2563,Linda Robles,Puerto Rico,PR,Corporate
8777,Mary Campos,USA,WA,Consumer
8161,Ruth Ramirez,Puerto Rico,PR,Corporate
8226,Mary Ritter,Puerto Rico,PR,Corporate
4879,Helen Webb,USA,OR,Consumer
368,Pamela Flores,Puerto Rico,PR,Corporate
10302,Mary Adams,USA,OK,Home Office
6959,Joan Lin,USA,OH,Consumer
10742,Mary Smith,USA,OH,Home Office
6407,Steven Smith,USA,NY,Home Office
5340,Nicole Lewis,USA,CA,Home Office
2121,Mary Dillon,USA,VA,Consumer
1291,Mary Smith,USA,OH,Home Office
11042,Mary Hall,USA,CA,Corporate
7392,Benjamin Trevino,USA,PA,Home Office
2498,Mary Levine,USA,OR,Consumer
6823,Mary Wright,USA,IL,Home Office
6256,Mary Murray,USA,NJ,Home Office
83,Mary Wong,Puerto Rico,PR,Corporate
11652,Mary Smith,USA,CA,Home Office
6047,Mary Smith,USA,CA,Consumer
3415,Frances Gomez,USA,CA,Home Office
9319,David Smith,Puerto Rico,PR,Corporate
622,Karen Davies,Puerto Rico,PR,Corporate
2113,David Smith,USA,IL,Home Office
6132,Madison Smith,USA,CA,Consumer
4872,Mary Smith,USA,NY,Consumer
10192,Kathryn Smith,USA,IL,Home Office
10325,Patricia Duncan,Puerto Rico,PR,Home Office
10256,Mary Little,USA,TX,Home Office
6136,Mary Yu,Puerto Rico,PR,Consumer
9408,Mary Castaneda,USA,IL,Consumer
3128,Karen Turner,USA,NJ,Consumer
3959,Laura Shields,USA,FL,Consumer
10213,Justin Huff,Puerto Rico,PR,Consumer
9056,Andrew Smith,USA,CA,Home Office
1887,Katherine Jenkins,USA,IL,Home Office
10193,Mary Hernandez,USA,CA,Home Office
2964,Eugene Hamilton,USA,MN,Consumer
464,Mary Mcintyre,USA,PA,Consumer
7255,Joe Richardson,USA,MO,Consumer
7324,Jose Molina,USA,PA,Consumer
12404,Mary Smith,Puerto Rico,PR,Corporate
12121,Beverly Ellis,Puerto Rico,PR,Corporate
4086,James Smith,Puerto Rico,PR,Corporate
11105,Jason Lewis,USA,TX,Home Office
7034,Brenda Smith,USA,ND,Corporate
10455,Kenneth Oconnell,Puerto Rico,PR,Consumer
9941,Mary Smith,Puerto Rico,PR,Corporate
46,Jennifer Smith,USA,NY,Consumer
8058,Ryan Mosley,USA,HI,Consumer
2446,Paul Hamilton,USA,FL,Home Office
12084,Jennifer Taylor,USA,KY,Home Office
5627,Judith Ferguson,USA,FL,Consumer
10895,Mary Pierce,Puerto Rico,PR,Consumer
3440,Mary Edwards,USA,CA,Consumer
10103,Julie Hernandez,USA,CO,Corporate
10381,Tyler Martinez,USA,CA,Consumer
11877,Jeffrey Krueger,USA,CA,Home Office
3449,Joyce Gonzalez,USA,CA,Consumer
1062,Philip Smith,Puerto Rico,PR,Corporate
3309,Mary Williams,Puerto Rico,PR,Corporate
2692,Mary Smith,USA,TX,Consumer
9798,Brittany French,USA,TX,Home Office
284,John Harrington,Puerto Rico,PR,Consumer
11799,Mary Tate,USA,NY,Home Office
5053,Mary Smith,Puerto Rico,PR,Corporate
3693,Megan Trevino,USA,CA,Consumer
3733,Elizabeth Mckee,Puerto Rico,PR,Corporate
1512,Mary Rowe,Puerto Rico,PR,Corporate
5293,Michelle Callahan,USA,CA,Consumer
11058,Charles Wright,USA,NY,Home Office
9567,Donna Booker,USA,NY,Consumer
4506,Michael Mccann,USA,VA,Consumer
12058,Mary Smith,USA,DC,Home Office
753,Sandra Stafford,USA,NY,Home Office
969,Rose Smith,USA,CA,Consumer
1892,Nicholas Smith,Puerto Rico,PR,Consumer
6853,Kelly Smith,USA,OH,Consumer
10787,Mary Acosta,USA,VA,Consumer
4575,Ashley Whitaker,USA,FL,Home Office
4959,Laura Baldwin,USA,NY,Home Office
6309,Cynthia Smith,USA,PA,Consumer
417,Teresa Smith,USA,NY,Corporate
9000,Amber White,Puerto Rico,PR,Corporate
4324,Carolyn Munoz,USA,CA,Consumer
5426,Mary Smith,USA,CA,Home Office
1514,Christine Taylor,Puerto Rico,PR,Consumer
11373,William Cohen,Puerto Rico,PR,Consumer
4630,Mary Stark,USA,IL,Home Office
2390,Pamela Smith,Puerto Rico,PR,Corporate
3700,Stephen Bailey,USA,NV,Corporate
9642,Mary Bowers,USA,UT,Consumer
12400,Mary Smith,Puerto Rico,PR,Corporate
393,Mary Chambers,Puerto Rico,PR,Corporate
3806,Adam Carson,USA,CA,Home Office
9935,Mary Garcia,Puerto Rico,PR,Corporate
7165,Douglas Watts,Puerto Rico,PR,Home Office
3790,Alan Estes,USA,GA,Consumer
2842,Charles Johnson,USA,CA,Home Office
7091,Elizabeth Wells,USA,MA,Consumer
4054,Mary Smith,USA,TX,Home Office
4881,Kelly Smith,Puerto Rico,PR,Consumer
8521,Joe Clay,USA,IL,Consumer
171,Evelyn Potter,Puerto Rico,PR,Consumer
162,John Garcia,Puerto Rico,PR,Corporate
2039,Mary Key,USA,NY,Consumer
6014,Mary Washington,USA,AZ,Home Office
1262,Mary Smith,Puerto Rico,PR,Consumer
5035,Mary Drake,USA,NY,Consumer
11847,Mary Pierce,USA,NC,Home Office
4519,Kevin Russell,Puerto Rico,PR,Home Office
4615,Christopher Barnett,USA,IL,Consumer
9273,Bobby Smith,USA,LA,Home Office
2359,Emily Hubbard,USA,PA,Home Office
8801,Ashley Montgomery,USA,CA,Consumer
3332,Mary Robinson,USA,CA,Consumer
7148,Kyle Martinez,Puerto Rico,PR,Corporate
7143,Mary Burnett,USA,NY,Home Office
7627,Bruce Huff,USA,PA,Home Office
8012,Gregory Smith,USA,CA,Home Office
498,Kyle Smith,USA,IL,Home Office
9934,Kathleen Smith,USA,NJ,Home Office
7046,Crystal Davis,USA,TN,Home Office
520,Mary Reid,Puerto Rico,PR,Consumer
10309,Robert Vasquez,USA,NY,Home Office
3397,Mary Coleman,Puerto Rico,PR,Corporate
11925,James Huerta,USA,IL,Corporate
5161,Mary Zavala,USA,CA,Consumer
2147,Joyce Smith,USA,KS,Home Office
3794,Julia Smith,USA,CT,Home Office
10189,Harry Chung,USA,HI,Corporate
10486,Ronald Ballard,USA,IL,Consumer
5682,Mary Proctor,USA,WA,Home Office
2781,Jean Morton,Puerto Rico,PR,Corporate
10593,Mary Phillips,Puerto Rico,PR,Corporate
6671,Randy Chambers,Puerto Rico,PR,Corporate
3712,Mary Meza,Puerto Rico,PR,Consumer
3716,Hannah Jarvis,USA,CA,Consumer
5836,Mary Orr,USA,NY,Consumer
10493,Frances Taylor,USA,IL,Home Office
11520,Mary Anderson,Puerto Rico,PR,Corporate
5655,Mary Bryant,USA,CA,Home Office
2835,Bryan Gould,Puerto Rico,PR,Corporate
6015,Emily Banks,USA,CA,Home Office
3006,Barbara Norris,Puerto Rico,PR,Corporate
4043,Mary Cabrera,USA,CA,Home Office
8904,Ashley Short,Puerto Rico,PR,Consumer
1010,Carolyn Moss,USA,CA,Consumer
11085,Christopher Smith,USA,NM,Home Office
7447,Janet Dillon,USA,CA,Consumer
8669,Amanda Whitaker,USA,NY,Consumer
11495,Mary Smith,USA,IL,Consumer
7875,Mary Gonzales,USA,NC,Corporate
6974,Michael Smith,USA,IL,Home Office
4133,Mary Snyder,USA,CA,Consumer
3443,James Smith,USA,IN,Consumer
9441,Victoria Smith,USA,CO,Corporate
2306,Mary Chen,Puerto Rico,PR,Corporate
11749,William Murphy,USA,NY,Consumer
8780,Alice Smith,Puerto Rico,PR,Home Office
4739,Mary Jimenez,Puerto Rico,PR,Home Office
4827,Mary Day,Puerto Rico,PR,Consumer
2925,Mary Baird,USA,TX,Home Office
9617,Mary Guerrero,USA,CA,Consumer
2213,Henry Castaneda,USA,NC,Consumer
2347,Rose Smith,Puerto Rico,PR,Consumer
761,Sara Rowland,USA,CA,Consumer
7128,Randy Smith,USA,CA,Consumer
1389,Elizabeth Dominguez,USA,CA,Corporate
8564,Melissa Benitez,USA,TX,Home Office
459,Sean Smith,USA,NC,Home Office
4882,Mary Daniels,USA,MI,Consumer
8973,Mary Smith,Puerto Rico,PR,Consumer
8326,Steven Wade,USA,OR,Home Office
11538,Christian Smith,Puerto Rico,PR,Home Office
1363,Kathy Rios,USA,DC,Home Office
8373,Christina Smith,USA,CA,Home Office
7224,Margaret Knight,USA,NY,Home Office
10853,Michelle Smith,USA,NV,Home Office
6036,Barbara Smith,USA,VA,Consumer
6656,Ruth Price,Puerto Rico,PR,Corporate
10627,Jerry Smith,USA,NJ,Home Office
5298,Lisa Moore,USA,NY,Consumer
3139,Mary Pope,USA,NY,Consumer
2646,Mary Daugherty,USA,CA,Home Office
9050,Mary Smith,USA,OH,Home Office
9725,Robert Sloan,USA,MO,Consumer
11349,Mary Fisher,Puerto Rico,PR,Consumer
4456,Evelyn Spencer,USA,FL,Consumer
12271,Mary Small,USA,CA,Consumer
1236,Virginia Robertson,USA,NC,Home Office
1372,Shawn Pace,USA,VA,Home Office
9877,Shawn Moreno,USA,CA,Home Office
1008,Mary Smith,USA,CA,Home Office
9949,Ashley Smith,USA,TX,Home Office
6120,Mary Smith,USA,NY,Home Office
249,Mary Randolph,USA,OR,Consumer
3545,Austin Guzman,USA,NY,Home Office
6152,Joseph Jordan,Puerto Rico,PR,Consumer
7210,Mary Barry,USA,NY,Consumer
11374,Stephen Smith,USA,TX,Consumer
11096,Carol Hill,USA,IL,Home Office
6134,James Reyes,USA,NY,Home Office
4952,Elizabeth Smith,USA,CA,Consumer
6752,Daniel Smith,Puerto Rico,PR,Consumer
55,Janet Farley,USA,AZ,Home Office
3839,Adam Smith,USA,PA,Consumer
2268,Mary Smith,USA,GA,Home Office
8292,Emma Smith,USA,CA,Consumer
11080,Mary Bush,USA,CA,Consumer
4396,Mary Smith,USA,NY,Consumer
3781,Richard Lara,USA,MI,Home Office
813,Jack Johnson,USA,CA,Corporate
2453,Stephen Smith,Puerto Rico,PR,Corporate
4110,Maria Ho,USA,MD,Home Office
9762,Ronald Johnson,USA,CA,Consumer
4417,Arthur Alvarez,USA,NY,Home Office
10565,Mary Velasquez,USA,FL,Consumer
2517,Jose Kane,USA,MD,Consumer
8365,Matthew Norman,Puerto Rico,PR,Consumer
7922,Jennifer Smith,USA,VA,Home Office
2394,Mary Smith,USA,NY,Consumer
13806,Heather Ford,USA,MI,Consumer
11128,Timothy Lyons,USA,FL,Consumer
14896,Medge Brewer,USA,CA,Consumer
996,Amanda Smith,USA,TX,Consumer
5970,Mary Smith,USA,CT,Consumer
14823,Wynter Mccullough,USA,CA,Consumer
14894,Blythe Osborne,USA,HI,Consumer
2274,Mary Reed,USA,CA,Consumer
7952,Jose Smith,USA,OR,Consumer
3856,Mary Long,USA,TX,Consumer
13731,Hiroko Morton,USA,CA,Consumer
2523,Emily Smith,USA,NY,Consumer
10984,Joseph Smith,USA,MO,Consumer
6252,Kevin Smith,USA,TX,Consumer
13836,Amelia Schroeder,USA,FL,Consumer
4150,Jordan Riley,USA,CA,Consumer
5347,Madison Smith,USA,VA,Consumer
10297,Karen Smith,USA,NV,Consumer
12023,Olivia Silva,USA,NY,Consumer
13905,Jordan Sampson,USA,CA,Consumer
14850,Shelley Cooley,USA,AZ,Consumer
2029,Andrea Sheppard,USA,CA,Consumer
13615,Ann Newton,USA,OK,Consumer
9178,Sharon Fowler,USA,LA,Consumer
13903,Joelle Reilly,USA,AZ,Consumer
814,Mary Stark,USA,IL,Consumer
12036,Jacob Smith,USA,MO,Consumer
7973,Rebecca Smith,USA,NY,Consumer
13902,Chava Francis,USA,NC,Consumer
13866,Jenette Luna,USA,PA,Consumer
11901,Mary Smith,USA,MO,Consumer
7037,Mary Bauer,USA,NY,Consumer
1598,Mary Green,USA,NY,Consumer
7419,Mary Wilson,USA,NV,Consumer
14720,Ivory Middleton,USA,PA,Consumer
6836,Virginia Smith,USA,NM,Consumer
5658,Michael Wiley,USA,TX,Consumer
14737,Kelsie Bates,USA,CA,Consumer
10069,George Smith,USA,NM,Consumer
893,Dennis Mcbride,USA,UT,Consumer
13574,Irma Goodman,USA,MI,Consumer
2305,Donna Smith,USA,CA,Consumer
4390,Kelly Mcknight,USA,GA,Consumer
8328,Donna Smith,USA,IN,Consumer
1770,John Avila,USA,PA,Consumer
12360,Mary Hall,USA,IL,Consumer
6031,Mary Nguyen,USA,OR,Consumer
2815,Justin Patterson,USA,NJ,Consumer
3336,Sandra Hunter,USA,NY,Consumer
332,Mary Smith,USA,CA,Consumer
566,Mary Mcmahon,USA,OH,Consumer
11646,Joe Snyder,USA,AZ,Consumer
2684,Mary Walter,USA,FL,Consumer
10299,Mary Blake,USA,PA,Consumer
5604,Frances Randall,USA,MI,Consumer
4020,Angela Smith,USA,NY,Consumer
10523,Mary Rose,USA,IL,Consumer
373,George Sandoval,USA,NJ,Consumer
999,Mary Stephenson,USA,MN,Consumer
3135,Helen Ward,USA,TX,Consumer
570,Julia Whitney,USA,NY,Consumer
3523,Mary Mcgee,USA,FL,Consumer
8863,Henry Smith,USA,DC,Consumer
1862,Jerry Wright,USA,CA,Consumer
11803,Katherine Smith,USA,KS,Consumer
8236,Mary Smith,USA,AZ,Consumer
3178,Victoria Wu,USA,OH,Consumer
10838,Kathryn Smith,USA,NY,Consumer
7819,Mary Dunn,USA,CA,Consumer
9463,Mary Key,USA,OH,Consumer
4475,Bobby Davis,USA,AZ,Consumer
4035,Mary Mullen,USA,TX,Consumer
6831,Mary Stephens,USA,CA,Consumer
4753,Diana Cooper,USA,MO,Consumer
5031,Mary George,USA,TX,Consumer
3452,Mary Nelson,USA,FL,Consumer
12703,Lenore Vaughan,USA,OH,Consumer
12522,Nadine Bolton,USA,TX,Consumer
12662,Cassandra Fisher,USA,CA,Consumer
12496,Jessamine Young,USA,NY,Consumer
12564,Madonna Beach,USA,GA,Consumer
12436,Mike Gulvishvokov,USA,TX,Consumer
12453,Susan Goodman,USA,MI,Consumer
14998,Violet Delacruz,USA,NC,Consumer
12832,Constance Barron,USA,TX,Consumer
12882,Ifeoma Petty,USA,CA,Consumer
12828,Rae Mcclain,USA,PA,Consumer
15082,Callie Hill,USA,CA,Consumer
14956,Claudia Houston,USA,RI,Consumer
15114,Cathleen Wise,USA,CA,Consumer
12910,Tamekah Mcgowan,USA,PA,Consumer
15130,Blair Rojas,USA,PA,Consumer
14966,Quail Mullins,USA,MA,Consumer
15109,Donna Moran,USA,IL,Consumer
7251,Benjamin Hamilton,USA,CA,Consumer
10448,Nancy Gilbert,USA,TX,Consumer
6771,Victoria Moran,USA,AZ,Consumer
3110,Phillip Smith,USA,PA,Consumer
9225,Anthony Smith,USA,CA,Consumer
12177,Brenda Carter,USA,NY,Consumer
1667,Tammy Cross,USA,AZ,Consumer
18,Robert Smith,USA,CA,Consumer
4022,Mary Harding,USA,TX,Consumer
1530,David Smith,USA,PA,Consumer
7912,Mary Johnson,USA,OR,Consumer
7120,Mary Mcintyre,USA,NY,Consumer
737,Lawrence Smith,USA,CA,Consumer
8446,James Carlson,USA,MD,Consumer
7619,Mary Smith,USA,MD,Consumer
2425,Donna Smith,USA,CA,Consumer
5472,Joyce Vance,USA,MA,Consumer
3786,Mary Moody,USA,TX,Consumer
2367,Sean Smith,USA,OH,Consumer
8866,Rachel Smith,USA,PA,Consumer
5739,Mary Palmer,USA,MI,Consumer
5608,James Smith,USA,NY,Consumer
8870,Nicole Lyons,USA,FL,Consumer
9323,Debra Taylor,USA,FL,Consumer
6177,Olivia Bradford,USA,MI,Consumer
7019,Kelly Turner,USA,CA,Consumer
4018,Mildred Smith,USA,ND,Consumer
3763,Mary Martinez,USA,MI,Consumer
6361,Mary Mcfarland,USA,TX,Consumer
7678,Arthur Smith,USA,KY,Consumer
9527,Anna Smith,USA,CA,Consumer
11525,Mary Williams,USA,NY,Consumer
1992,Mary Mann,USA,VA,Consumer
1398,Cheryl Huang,USA,CO,Consumer
2673,Mary Klein,USA,IL,Consumer
9781,Mary Smith,USA,CA,Consumer
5712,Mary Smith,USA,AZ,Consumer
7919,Brittany Kent,USA,GA,Consumer
4036,David Smith,USA,IL,Consumer
7189,Pamela Smith,USA,AR,Consumer
9311,Mary Rodriguez,USA,MO,Consumer
7203,Mary King,USA,NY,Consumer
7043,Cheryl Smith,USA,NY,Consumer
9834,Mary Thompson,USA,CA,Consumer
6057,Mary Lyons,USA,NY,Consumer
7073,Joan Smith,USA,TX,Consumer
6668,Maria Carlson,USA,CA,Consumer
11179,Mary Allen,USA,CA,Consumer
11605,Cynthia Smith,USA,CA,Consumer
5320,Mary Garza,USA,CA,Consumer
11890,Kenneth Sampson,USA,CA,Consumer
2325,Mary Johnson,USA,CA,Consumer
6066,Mary Mora,USA,LA,Consumer
5012,Karen Smith,USA,NY,Consumer
11117,Peter Hebert,USA,CA,Consumer
5555,Mary Smith,USA,IL,Consumer
7815,Mary Bauer,USA,GA,Consumer
5738,Mildred Taylor,USA,MD,Consumer
1150,Judith Sandoval,USA,UT,Consumer
11599,Mary Malone,USA,NC,Consumer
10158,Robert Mathews,USA,NM,Consumer
18062,Sara Green,USA,NC,Consumer
18061,Imani Conway,USA,NY,Consumer
18094,Rosalyn Houston,USA,CA,Consumer
18200,Joelle Stephens,USA,VA,Consumer
18235,Tatum Roberson,USA,TX,Consumer
18174,Uta Mays,USA,FL,Consumer
18156,Marcia Henderson,USA,CA,Consumer
16431,Tamara Combs,USA,NV,Consumer
16413,Kim Gray,USA,MI,Consumer
19213,Kirby Alvarado,USA,IL,Consumer
16571,Renee Reed,USA,GA,Consumer
19120,Carly Waller,USA,NY,Consumer
19210,Blossom Little,USA,NY,Consumer
16406,Daryl Spence,USA,DC,Consumer
16620,Iola Navarro,USA,AR,Consumer
16548,Kaye Bradley,USA,OH,Consumer
19133,Fiona Nolan,USA,MA,Consumer
19132,Moana Le,USA,LA,Consumer
16510,Hanna Marshall,USA,PA,Consumer
19150,Iona Hinton,USA,TN,Consumer
19078,Meredith Delacruz,USA,IL,Consumer
19183,Pandora Faulkner,USA,TX,Consumer
16613,Marcia Warren,USA,VA,Consumer
19036,Justina Jackson,USA,NJ,Consumer
15682,Madonna Oliver,USA,CA,Consumer
18842,Darrel Petty,USA,TN,Consumer
15731,Kaitlin Edwards,USA,CA,Consumer
15785,Daria Robinson,USA,CA,Consumer
15712,Rosalyn Huffman,USA,PA,Consumer
15710,Rosalyn Chandler,USA,IL,Consumer
15709,Indira Sanford,USA,CA,Consumer
18762,Whoopi Robles,USA,GA,Consumer
15903,Mara West,USA,CA,Consumer
5686,Mary James,USA,NY,Consumer
1043,Mary Smith,USA,MO,Consumer
7928,Madison Smith,USA,TX,Consumer
3714,Kimberly Williams,USA,CA,Consumer
11864,Cheryl Hill,USA,CA,Consumer
4125,Mary Smith,USA,ID,Consumer
17273,Petra Robertson,USA,WA,Consumer
5124,Amber Smith,USA,CA,Consumer
7044,Mary Cooke,USA,MI,Consumer
45,Mary Nunez,USA,CO,Consumer
17942,Destiny Lawson,USA,CA,Consumer
17271,Clio Faulkner,USA,IL,Consumer
16091,Raya Noble,USA,IL,Consumer
16073,Hillary Burks,USA,NY,Consumer
2267,Rebecca Tran,USA,AZ,Consumer
3812,Robert Hayes,USA,TN,Consumer
18476,Kylie Herring,USA,CA,Consumer
18404,Rina Sears,USA,IL,Consumer
17992,Chantale Carpenter,USA,NY,Consumer
18350,Freya Miranda,USA,FL,Consumer
20639,Nora Velazquez,USA,TX,Consumer
18874,Kylynn Mccoy,USA,VA,Consumer
17304,Lenore Houston,USA,CA,Consumer
17448,Oprah Stanley,USA,CT,Consumer
17466,Hannah Estes,USA,NM,Consumer
9480,Mary Hunt,USA,CA,Consumer
20440,Ciara Velez,USA,CA,Consumer
18294,Angela Chaney,USA,NY,Consumer
17990,Rowan Mercado,USA,CT,Consumer
15961,Mikayla Alexander,USA,OH,Consumer
18008,Hiroko Snyder,USA,CA,Consumer
3234,Jacob Smith,USA,TX,Consumer
8540,Michael Baxter,USA,WA,Consumer
17641,Renee Erickson,USA,NY,Consumer
20383,Chloe Golden,USA,IL,Consumer
18291,Dawn Cantrell,USA,CA,Consumer
17353,Breanna Hardin,USA,NY,Consumer
18273,Hilary Church,USA,OH,Consumer
17915,Sheila Phelps,USA,NY,Consumer
18525,Neve Rose,USA,FL,Consumer
1898,Mary Hammond,USA,VA,Consumer
7837,Thomas Smith,USA,OR,Consumer
1901,Jacob Smith,USA,IL,Consumer
18343,Beatrice Sutton,USA,MO,Consumer
18361,Pamela Ball,USA,CA,Consumer
12074,Mary Smith,USA,AR,Consumer
20452,Kimberly White,USA,MI,Consumer
20631,Shaine Willi,USA,KY,Consumer
4938,Donald Smith,USA,NJ,Consumer
5798,Mary Butler,USA,NM,Consumer
28,Timothy Smith,USA,WA,Consumer
18485,Nora Dominguez,USA,AZ,Consumer
4660,Maria Higgins,USA,NY,Consumer
2487,Nicole Smith,USA,NM,Consumer
17276,Xyla Cabrera,USA,CA,Consumer
20593,Yvonne Harrison,USA,CA,Consumer
17455,Gillian Dalton,USA,CA,Consumer
483,Mary Smith,USA,CA,Consumer
1656,Mary Smith,USA,VA,Consumer
5984,Janet Norton,USA,TX,Consumer
10429,Mary Weaver,USA,FL,Consumer
5987,Mary Smith,USA,TX,Consumer
18647,Grace Gonzales,USA,MI,Consumer
15574,Ainsley Christensen,USA,TX,Consumer
15626,Myra Flores,USA,OH,Consumer
18715,Xandra Rodgers,USA,NC,Consumer
15319,Veda Riddle,USA,WI,Consumer
18729,Amela Hull,USA,CA,Consumer
15439,Amela Roman,USA,WI,Consumer
18727,Kameko Guerra,USA,MI,Consumer
15635,Jaquelyn Dudley,USA,NY,Consumer
18725,Eden Flores,USA,OR,Consumer
15328,Dakota Warren,USA,TX,Consumer
15633,Farrah Valencia,USA,CA,Consumer
6326,Mary Harris,USA,OH,Consumer
26,Johnny Hood,USA,IL,Consumer
10176,Katherine Smith,USA,OR,Consumer
9964,Mary Smith,USA,KY,Consumer
4081,Shawn Gordon,USA,TX,Consumer
6701,Mary Carter,USA,NY,Consumer
11481,Walter Pacheco,USA,OR,Consumer
2874,Denise Smith,USA,CA,Consumer
10712,Ann Rose,USA,NY,Consumer
17556,Kylie Fuller,USA,WA,Consumer
17591,Raya Bishop,USA,NJ,Consumer
20369,Lilah Roth,USA,GA,Consumer
20099,Phyllis Huber,USA,MD,Consumer
20351,Karly Campos,USA,FL,Consumer
19936,Xerxes Beck,USA,NV,Consumer
18557,Eleanor Merrill,USA,CA,Consumer
20260,Shannon Richards,USA,AZ,Consumer
19972,Jena Chan,USA,TX,Consumer
15140,Veronica Castro,USA,CA,Consumer
18964,Aspen Coleman,USA,IL,Consumer
16312,Melyssa King,USA,IL,Consumer
20366,Cynthia Castaneda,USA,IL,Consumer
17098,Laura Pena,USA,GA,Consumer
19826,Virginia Matthews,USA,TX,Consumer
16329,Karly Green,USA,CA,Consumer
19808,Madeline Kelley,USA,IL,Consumer
20275,Destiny Knight,USA,VA,Consumer
18944,Lillian Long,USA,CT,Consumer
18589,Kitra Clarke,USA,NV,Consumer
18925,Idola Oneil,USA,NY,Consumer
17240,Amena Waters,USA,MO,Consumer
19877,Karina Blevins,USA,DC,Consumer
15153,Robin Schultz,USA,NY,Consumer
15152,Felicia Livingston,USA,CA,Consumer
20144,Willow Ortiz,USA,MI,Consumer
20288,Mercedes Pope,USA,WA,Consumer
20269,Jacqueline Fleming,USA,NM,Consumer
18548,Camilla Gonzales,USA,CA,Consumer
16160,Sybill Cameron,USA,GA,Consumer
17791,Zoe Willis,USA,MI,Consumer
18618,Veronica Noel,USA,CA,Consumer
16248,Minerva Oneal,USA,TN,Consumer
18544,Hiroko Fischer,USA,CT,Consumer
15182,Paloma Garrett,USA,MI,Consumer
19851,Orli Knowles,USA,MI,Consumer
18987,Nevada French,USA,MD,Consumer
18597,Sara Gonzalez,USA,HI,Consumer
20012,Lynn Mcleod,USA,CT,Consumer
19004,Kelsey Campbell,USA,WA,Consumer
15180,Xandra Lowe,USA,IL,Consumer
19867,Deirdre Huff,USA,CA,Consumer
20370,May Carson,USA,CA,Consumer
9282,Austin Ayala,USA,CA,Consumer
10770,Anna Smith,USA,WI,Consumer
4894,Nancy Taylor,USA,CT,Consumer
10849,Hannah Simpson,USA,CA,Consumer
11272,Rose Jones,USA,LA,Consumer
8848,Mary Watson,USA,TX,Consumer
4252,Susan Livingston,USA,OH,Consumer
10198,Mary Smith,USA,OH,Consumer
881,Marilyn Orozco,USA,TN,Consumer
1427,Eric Smith,USA,TX,Consumer
7969,Sean Kelley,USA,GA,Consumer
807,Kevin Benjamin,USA,CA,Consumer
766,Mary Smith,USA,TX,Consumer
9379,Mary Smith,USA,CA,Consumer
6739,Matthew Mullins,USA,CA,Consumer
12281,Scott Miller,USA,KY,Consumer
1036,Mary Kramer,USA,FL,Consumer
4145,Tyler Fernandez,USA,NJ,Consumer
2001,Elizabeth Smith,USA,KS,Consumer
2997,Mary Gardner,USA,NJ,Consumer
7040,Mary Koch,USA,FL,Consumer
8408,Patrick Smith,USA,OH,Consumer
1612,Jeffrey Flores,USA,HI,Consumer
11692,Mary Weber,USA,OH,Consumer
392,Beverly Hanson,USA,PA,Consumer
8240,James Mack,USA,DE,Consumer
5932,Charles Smith,USA,CA,Consumer
8505,James Diaz,USA,CA,Consumer
10281,Lauren Smith,USA,NJ,Consumer
3034,Mary Smith,USA,AZ,Consumer
8476,Mary Smith,USA,CA,Consumer
4034,Pamela Alvarado,USA,CA,Consumer
7297,Philip Smith,USA,CA,Consumer
2007,Mary Schroeder,USA,MI,Consumer
5986,Matthew Rowe,USA,TX,Consumer
10326,Joshua Smith,USA,TX,Consumer
3054,Gregory Pope,USA,CA,Consumer
8406,Ethan Smith,USA,CA,Consumer
8429,Mary Owens,USA,OH,Consumer
12243,Sharon Price,USA,NY,Consumer
5711,Nicholas Patterson,USA,PA,Consumer
6919,Tyler Bradley,USA,CA,Consumer
1446,Carolyn Alexander,USA,TN,Consumer
209,Thomas Moore,USA,TX,Consumer
1096,David Smith,USA,DE,Consumer
5483,Mary Smith,USA,TN,Consumer
7057,Jennifer Smith,USA,CA,Consumer
7903,Harold Jenkins,USA,CA,Consumer
7946,Donald Brooks,USA,CA,Consumer
12424,Judy Phillips,USA,CA,Consumer
166,Steven Smith,USA,MO,Consumer
11437,Jason Dalton,USA,TX,Consumer
320,Mary Brooks,USA,IL,Consumer
428,Andrew Smith,USA,CA,Consumer
5102,Heather Smith,USA,FL,Consumer
1743,Mary Smith,USA,LA,Consumer
2253,Charles Jacobs,USA,TN,Consumer
1467,Mary Bradley,USA,AZ,Consumer
2047,Megan Kelly,USA,CA,Consumer
4921,Mary Smith,USA,FL,Consumer
5837,Denise Coffey,USA,NY,Consumer
6367,Daniel Smith,USA,NY,Consumer
5883,James Garner,USA,NC,Consumer
1545,Mary Smith,USA,CA,Consumer
805,Stephen Smith,USA,MI,Consumer
5760,Larry Beltran,USA,FL,Consumer
902,Virginia Smith,USA,MI,Consumer
12108,Gloria Stephens,USA,OH,Consumer
7102,David Bradley,USA,NY,Consumer
6978,Mary Whitaker,USA,CA,Consumer
10741,Gary Stuart,USA,MO,Consumer
4963,Mary Smith,USA,TX,Consumer
5014,Peter Smith,USA,MI,Consumer
7722,Sarah Freeman,USA,FL,Consumer
8633,Andrea Ball,USA,NC,Consumer
9113,Patricia Smith,USA,OR,Consumer
3610,Jordan Smith,USA,VA,Consumer
6118,Mary Smith,USA,CA,Consumer
4332,Mary Juarez,USA,OR,Consumer
7152,Mary Gilbert,USA,CA,Consumer
6907,Timothy Smith,USA,TX,Consumer
6528,Mary Ho,USA,CA,Consumer
1111,Mary Smith,USA,PA,Consumer
1666,Margaret Sullivan,USA,FL,Consumer
897,Anthony Schultz,USA,IL,Consumer
4566,Mary Walton,USA,CA,Consumer
10791,Mary Alvarado,USA,MN,Consumer
1578,Lisa Harper,USA,FL,Consumer
2875,Mary Roberts,USA,CT,Consumer
5736,Mary Smith,USA,CA,Consumer
7617,David Smith,USA,NY,Consumer
299,Katherine Smith,USA,MI,Consumer
12200,Sean Williams,USA,CA,Consumer
4837,Robert Garcia,USA,KY,Consumer
3895,Mary Contreras,USA,NY,Consumer
3333,James Massey,USA,MI,Consumer
5379,Ralph Smith,USA,VA,Consumer
4239,Mary Smith,USA,TX,Consumer
529,Kathy Jacobson,USA,IL,Consumer
6563,Kathy Thomas,USA,TX,Consumer
5022,Judy Baker,USA,CA,Consumer
4192,Mary Figueroa,USA,NY,Consumer
1749,Mary West,USA,OH,Consumer
1272,Mary Smith,USA,IL,Consumer
4508,Emma Calderon,USA,TX,Consumer
3481,Ronald Obrien,USA,MI,Consumer
7584,Patricia Smith,USA,IL,Consumer
6713,Mary Banks,USA,CA,Consumer
4738,Thomas Smith,USA,IL,Consumer
4776,Mary Potter,USA,NC,Consumer
2847,Theresa Mays,USA,NY,Consumer
2722,Harold Miller,USA,DE,Consumer
9653,Samuel Thomas,USA,NY,Consumer
2266,Kevin Garcia,USA,CA,Consumer
13328,Chantale Small,USA,TX,Consumer
13345,Blythe Klein,USA,WA,Consumer
13362,Danielle Meyers,USA,PA,Consumer
14483,Keelie Fowler,USA,CA,Consumer
14271,Pearl Strong,USA,NY,Consumer
14500,Basia Mclean,USA,TX,Consumer
12982,Germane Guerra,USA,UT,Consumer
14269,Maya Howard,USA,VA,Consumer
14179,Veronica Faulkner,USA,LA,Consumer
13177,Leigh Garcia,USA,NY,Consumer
14141,Carolyn Gibson,USA,FL,Consumer
14068,Cynthia Cline,USA,CA,Consumer
13319,Brenna Alvarado,USA,CA,Consumer
14264,Beatrice Byrd,USA,MN,Consumer
14209,Lareina Greer,USA,MI,Consumer
13532,Naida Holloway,USA,DE,Consumer
13369,Morgan Terrell,USA,NJ,Consumer
13135,Deborah Castaneda,USA,TX,Consumer
13314,Chava Rowe,USA,CA,Consumer
13511,Rhiannon Freeman,USA,DC,Consumer
13097,Eve Young,USA,MI,Consumer
13510,Indigo Rose,USA,CA,Consumer
14577,Sara Foreman,USA,CA,Consumer
14469,Martina Carver,USA,NJ,Consumer
4386,Rose Foster,USA,NY,Consumer
2691,Donald Jimenez,USA,WI,Consumer
7910,Mary Camacho,USA,TN,Consumer
9596,Mary Smith,USA,CA,Consumer
6865,Mary Becker,USA,IL,Consumer
7094,Mary Smith,USA,NJ,Consumer
12032,Mary Smith,USA,CA,Consumer
14751,Hyacinth Bolton,USA,TX,Consumer
9917,Kevin Lawson,USA,FL,Consumer
6456,Mary Richardson,USA,NV,Consumer
11814,Jack Gilmore,USA,AZ,Consumer
11172,Mary Smith,USA,NC,Consumer
8395,Theresa Smith,USA,NY,Consumer
12792,Beatrice Turner,USA,MD,Consumer
14890,Florence Roberson,USA,CA,Consumer
3154,Terry Thomas,USA,IL,Consumer
13600,Susan Livingston,USA,OH,Consumer
2870,Ronald Smith,USA,TX,Consumer
2301,Mary Smith,USA,CA,Consumer
11661,Johnny Mora,USA,IL,Consumer
9584,Maria Rowe,USA,NY,Consumer
9205,James Holmes,USA,OH,Consumer
1690,Elizabeth Holt,USA,IL,Consumer
1632,Deborah Smith,USA,CA,Consumer
6650,Sarah Gillespie,USA,FL,Consumer
14885,Tatiana Oneill,USA,IL,Consumer
14722,Camille Vaughn,USA,MD,Consumer
2272,Christopher Richardson,USA,SC,Consumer
8286,Jacqueline Butler,USA,CA,Consumer
13739,Veronica Everett,USA,TX,Consumer
14919,Iris Douglas,USA,NY,Consumer
13756,Cassady Everett,USA,CA,Consumer
816,Mary Hopkins,USA,FL,Consumer
12213,Mary Smith,USA,IL,Consumer
5330,Mary Smith,USA,GA,Consumer
13954,Mia Tate,USA,MD,Consumer
14918,Alyssa Brewer,USA,CA,Consumer
6103,Mary Mullen,USA,AZ,Consumer
13737,Tatyana Barrera,USA,CA,Consumer
10945,Mary Hamilton,USA,VA,Consumer
14755,Minerva Gregory,USA,MI,Consumer
11200,Shirley Smith,USA,MO,Consumer
11108,Mary Sandoval,USA,IL,Consumer
8909,Arthur Wallace,USA,CA,Consumer
4289,Robert Smith,USA,NY,Consumer
8345,Betty Perez,USA,MA,Consumer
7191,Cheryl Smith,USA,IL,Consumer
5239,Johnny Brown,USA,CA,Consumer
11691,Cheryl Kelley,USA,NJ,Consumer
10383,Martha Smith,USA,CO,Consumer
4451,Joseph Smith,USA,CA,Consumer
2714,Albert Mayer,USA,CA,Consumer
3475,Mary Smith,USA,GA,Consumer
2212,Mary Smith,USA,IL,Consumer
10645,Julie Mays,USA,NY,Consumer
7284,Evelyn Smith,USA,CO,Consumer
1246,Mary Smith,USA,WA,Consumer
3042,David Howell,USA,FL,Consumer
12722,Glenna Montgomery,USA,CA,Consumer
12698,Margaret Holcomb,USA,IL,Consumer
12642,Hedy West,USA,FL,Consumer
12696,Piper Bean,USA,CA,Consumer
12461,Desirae Griffin,USA,AZ,Consumer
12688,Illana Beck,USA,TX,Consumer
12957,Aurora Graham,USA,OR,Consumer
12955,Amy Waters,USA,UT,Consumer
12932,Xerxes Powell,USA,MA,Consumer
15023,Abigail Nielsen,USA,PA,Consumer
15036,Mariam Valdez,USA,CA,Consumer
12959,Dominique Charles,USA,CA,Consumer
13507,Evangeline Carver,USA,IL,Consumer
14502,Cora Ramos,USA,NY,Consumer
13128,Yvonne Mcmillan,USA,AZ,Consumer
13120,Yolanda Lopez,USA,MI,Consumer
14154,Pandora Cole,USA,NY,Consumer
13278,Kaitlin Mullins,USA,CT,Consumer
7406,Mary Smith,USA,GA,Consumer
9286,Mary Carroll,USA,NC,Consumer
6161,Benjamin Smith,USA,MN,Consumer
4864,Crystal Leon,USA,CA,Consumer
6886,Jessica Peck,USA,MA,Consumer
5248,James Smith,USA,NY,Consumer
11825,Mary Nunez,USA,NV,Consumer
583,Mary Wright,USA,TX,Consumer
1973,Mary Jones,USA,WA,Consumer
7736,Timothy Smith,USA,NY,Consumer
11315,Kimberly Campos,USA,TX,Consumer
12344,Mary Cruz,USA,CO,Consumer
2338,Catherine Stephenson,USA,NY,Consumer
2901,Emma Davis,USA,NY,Consumer
5254,Victoria Francis,USA,WI,Consumer
6848,Larry Maddox,USA,AZ,Consumer
1828,Doris Alvarez,USA,MN,Consumer
763,Michael Carpenter,USA,IL,Consumer
7606,Mary Khan,USA,TX,Consumer
10955,Jose Peck,USA,KS,Consumer
2010,Mary Smith,USA,TX,Consumer
5664,Teresa Allen,USA,CA,Consumer
3600,Jennifer Smith,USA,CA,Consumer
14231,Jaquelyn Shepherd,USA,DC,Consumer
9095,Henry Smith,USA,IL,Consumer
13997,Leilani Rowland,USA,TX,Consumer
2182,Mary Cook,USA,CA,Consumer
14347,Hermione Rush,USA,NC,Consumer
13365,Liberty Whitehead,USA,FL,Consumer
14593,Aimee Workman,USA,CA,Consumer
14646,Nora Monroe,USA,MO,Consumer
14556,Sopoline Harrington,USA,NY,Consumer
14664,Audrey Mejia,USA,CO,Consumer
13092,Aubrey Potter,USA,CA,Consumer
14573,Lila Trevino,USA,CA,Consumer
14163,Leigh Sharp,USA,NY,Consumer
14288,Hyacinth Vazquez,USA,NY,Consumer
14323,Lilah Curry,USA,IL,Consumer
14642,Hanae Weber,USA,CA,Consumer
13122,Darryl Ellis,USA,CA,Consumer
13193,Jennifer Mayer,USA,AZ,Consumer
13481,Chloe Marks,USA,NY,Consumer
14422,Adele Singleton,USA,AZ,Consumer
13192,Audrey Taylor,USA,MA,Consumer
13479,Emi Barr,USA,MO,Consumer
14507,Belle Clemons,USA,CA,Consumer
14350,Emma Foreman,USA,IL,Consumer
13062,Evangeline Rogers,USA,TX,Consumer
14349,Eliana Waller,USA,CA,Consumer
14470,Zelda Benjamin,USA,FL,Consumer
13204,Gay Nieves,USA,CA,Consumer
72,Frank Gillespie,USA,CA,Consumer
2130,Mary Smith,USA,TX,Consumer
7990,Jason Cummings,USA,CA,Consumer
14914,Farrah Baldwin,USA,NV,Consumer
2921,Denise Smith,USA,IL,Consumer
726,Barbara Myers,USA,HI,Consumer
377,Mary Smith,USA,CA,Consumer
13822,Imani Baldwin,USA,OR,Consumer
6654,Mary Simmons,USA,TX,Consumer
14803,Mechelle Sloan,USA,OH,Consumer
8685,Mary Hansen,USA,CA,Consumer
14036,Madonna Pacheco,USA,CA,Consumer
13550,Grace Sweeney,USA,TX,Consumer
2655,Mary Gates,USA,CA,Consumer
6830,Susan Ferguson,USA,OH,Consumer
9293,Jeremy Cooper,USA,OK,Consumer
1506,Melissa Griffith,USA,MD,Consumer
3317,Betty Smith,USA,CA,Consumer
133,Mary Lopez,USA,NY,Consumer
13816,Karleigh Blair,USA,CA,Consumer
14726,Amity Lopez,USA,NY,Consumer
11885,Philip Smith,USA,TX,Consumer
12331,Matthew Smith,USA,WV,Consumer
3394,Mary Morales,USA,IL,Consumer
13886,Charissa Sparks,USA,MN,Consumer
14904,Adena Weber,USA,CT,Consumer
14813,Melanie Jarvis,USA,PA,Consumer
13885,Kai Wade,USA,GA,Consumer
3256,Michael Smith,USA,DE,Consumer
13596,Imani Benjamin,USA,CA,Consumer
13991,Signe Levine,USA,NY,Consumer
6598,Mary Lopez,USA,OH,Consumer
13664,Sonya Mcmahon,USA,CA,Consumer
12401,Angela Gray,USA,CA,Consumer
6485,Carolyn Sheppard,USA,FL,Consumer
6218,Mary Smith,USA,CT,Consumer
4067,Mary Smith,USA,OH,Consumer
11590,Mark Walker,USA,CA,Consumer
2999,Mary Mcdonald,USA,AZ,Consumer
2568,Maria Smith,USA,TN,Consumer
9014,Mary Smith,USA,CA,Consumer
10611,Laura Mcgee,USA,MA,Consumer
12611,Pearl Kinney,USA,CA,Consumer
12437,Anne Patel,USA,TX,Consumer
12597,Hiroko Kennedy,USA,FL,Consumer
12900,Myra Bell,USA,PA,Consumer
15029,Taylor Gonzales,USA,NJ,Consumer
15025,Nyssa Benson,USA,NJ,Consumer
12837,Whitney Todd,USA,CO,Consumer
12854,Geraldine Velazquez,USA,CA,Consumer
12905,May Sears,USA,CA,Consumer
11047,Mary Smith,USA,IL,Consumer
4424,Mary Jordan,USA,DE,Consumer
11089,Mary Smith,USA,CA,Consumer
2797,David Smith,USA,CO,Consumer
7199,James Kane,USA,FL,Consumer
8855,Mary Gonzalez,USA,CA,Consumer
11758,Gerald Smith,USA,PA,Consumer
11568,Stephen Shelton,USA,IL,Consumer
11853,Mary Dunn,USA,GA,Consumer
4890,Mary Harrington,USA,IL,Consumer
6287,Mary Smith,USA,OH,Consumer
4066,Diana Cordova,USA,NY,Consumer
1237,Mary Todd,USA,TX,Consumer
7201,Mary Sanders,USA,FL,Consumer
1162,Mary Copeland,USA,CA,Consumer
10419,Jerry Smith,USA,OR,Consumer
4558,Jennifer Smith,USA,CA,Consumer
8121,Marie Henry,USA,OR,Consumer
11360,Jesse Smith,USA,DC,Consumer
423,Mary Weber,USA,CA,Consumer
2375,Mary Smith,USA,NY,Consumer
3181,Mary Hopkins,USA,TX,Consumer
8732,Kathleen Todd,USA,GA,Consumer
8933,Jason Smith,USA,TX,Consumer
12297,Mary Simpson,USA,NC,Consumer
4505,Mary Smith,USA,CA,Consumer
7505,Sharon Juarez,USA,IN,Consumer
560,Emma Smith,USA,VA,Consumer
9284,Kathleen Aguirre,USA,AZ,Consumer
8278,Jeffrey Smith,USA,NY,Consumer
5355,Andrea Reese,USA,NC,Consumer
7135,Benjamin Davenport,USA,VA,Consumer
6135,Alexander Smith,USA,OH,Consumer
4060,Mary Smith,USA,NC,Consumer
4928,Mary Adams,USA,CA,Consumer
735,Charles Ross,USA,MO,Consumer
9990,Mary Smith,USA,CA,Consumer
4334,Scott Parker,USA,NC,Consumer
1593,Nicholas Summers,USA,PA,Consumer
10657,Bryan Jackson,USA,CA,Consumer
4162,Benjamin Smith,USA,NY,Consumer
9866,Willie Ramos,USA,CA,Consumer
6443,Mary Salazar,USA,AZ,Consumer
10468,Mary Smith,USA,IL,Consumer
8169,Mary Soto,USA,CA,Consumer
6291,Dorothy Hale,USA,NV,Consumer
41,Victoria Mason,USA,NY,Consumer
11145,Mary Smith,USA,CA,Consumer
17082,Patricia Yates,USA,OH,Consumer
16323,Remedios Fleming,USA,TX,Consumer
19940,Whitney Crane,USA,CA,Consumer
17893,Bertha Rice,USA,IN,Consumer
18168,Sara Leonard,USA,TX,Consumer
18069,Latifah Boyle,USA,CA,Consumer
18248,Cameron Savage,USA,NY,Consumer
19143,Hedy Mckee,USA,NC,Consumer
19215,Azalia Branch,USA,MN,Consumer
16410,Quincy Ewing,USA,WA,Consumer
19189,Illana Hill,USA,TX,Consumer
16440,Britanney Watson,USA,CA,Consumer
16546,Jaquelyn Lamb,USA,MD,Consumer
16600,Regina Curtis,USA,CA,Consumer
16456,Claudia Vasquez,USA,NY,Consumer
16526,Piper Castro,USA,NY,Consumer
19217,Oliver Atom,USA,GA,Consumer
15760,Shannon Drake,USA,CO,Consumer
15740,Amena Cole,USA,IL,Consumer
9456,Mary Strickland,USA,NY,Consumer
18409,Lillian Stanley,USA,NJ,Consumer
8554,Evelyn Smith,USA,AZ,Consumer
17399,Hyacinth Jarvis,USA,OH,Consumer
5107,Mary Waters,USA,CA,Consumer
18480,Imogene Reynolds,USA,CA,Consumer
18281,Cara Nichols,USA,CA,Consumer
18424,Callie Stanley,USA,IL,Consumer
3676,Mary Smith,USA,ND,Consumer
1947,Mary Rogers,USA,AR,Consumer
1796,Mary Carr,USA,MD,Consumer
20709,Willow Morin,USA,OH,Consumer
407,Mary Fischer,USA,GA,Consumer
17337,Violet Barker,USA,GA,Consumer
17444,Natalie Whitfield,USA,AZ,Consumer
59,Douglas James,USA,CA,Consumer
6150,Willie Smith,USA,CA,Consumer
1388,William Bell,USA,VA,Consumer
4609,Philip Smith,USA,CA,Consumer
20469,Rhoda Petty,USA,IL,Consumer
17912,Iris Glover,USA,TX,Consumer
7569,Mary Smith,USA,CA,Consumer
20539,Fay Burgess,USA,NM,Consumer
18303,Cassandra Nicholson,USA,CA,Consumer
17633,Maite Gilbert,USA,CA,Consumer
17669,Gay Blanchard,USA,CA,Consumer
10978,Mary Smith,USA,MN,Consumer
18696,Kimberly Cooke,USA,NJ,Consumer
15293,Imelda Houston,USA,MO,Consumer
18703,September Mathis,USA,CA,Consumer
11246,Mary Smith,USA,MI,Consumer
11618,Tammy Smith,USA,TX,Consumer
7208,Donald Smith,USA,CT,Consumer
4123,Elizabeth Andrews,USA,NJ,Consumer
10702,Mary Andrews,USA,CA,Consumer
17541,Ainsley Garrett,USA,NC,Consumer
17582,Alexandra Cain,USA,IL,Consumer
17856,Nichole Holcomb,USA,CA,Consumer
20277,Fay Powell,USA,CA,Consumer
19899,Orli Wheeler,USA,TX,Consumer
18627,Nicole Nunez,USA,FL,Consumer
19862,Signe Cummings,USA,PA,Consumer
15283,Chantale Ross,USA,NY,Consumer
19987,Nadine Rosa,USA,IL,Consumer
16129,Sonia Logan,USA,CA,Consumer
20054,Alfreda Wilkins,USA,NY,Consumer
18938,Wynter Mccarthy,USA,NJ,Consumer
16268,Katell Jimenez,USA,IL,Consumer
20305,Heidi Shepherd,USA,NY,Consumer
19798,Desirae Summers,USA,IL,Consumer
20320,Emma Hensley,USA,CA,Consumer
17788,Angelica Johnson,USA,AZ,Consumer
19958,Ora Rivera,USA,NC,Consumer
11935,Madison Murillo,USA,CA,Consumer
1597,Megan Smith,USA,GA,Consumer
652,Joseph Thompson,USA,GA,Consumer
782,Mary Joseph,USA,TX,Consumer
7098,Howard Stark,USA,IL,Consumer
10404,Tyler Smith,USA,CA,Consumer
8170,Rachel Smith,USA,NV,Consumer
8775,Mary Scott,USA,LA,Consumer
7425,Rebecca Smith,USA,FL,Consumer
11809,Eric Smith,USA,NJ,Consumer
4030,Angela Smith,USA,CO,Consumer
1072,James Smith,USA,LA,Consumer
1472,Mary Smith,USA,NY,Consumer
4719,Mary Mcintosh,USA,FL,Consumer
3448,Mary Smith,USA,IL,Consumer
3126,Mary Keller,USA,CA,Consumer
4048,Mary Smith,USA,IL,Consumer
12261,Mary Harris,USA,WI,Consumer
7653,Karen Smith,USA,IL,Consumer
1424,James Smith,USA,AZ,Consumer
8937,Amy Smith,USA,CO,Consumer
2956,William Harris,USA,NY,Consumer
3400,Frank Lewis,USA,CA,Consumer
10744,Samantha Smith,USA,IL,Consumer
7252,Mary Smith,USA,NJ,Consumer
1397,Dorothy Carter,USA,NV,Consumer
3479,Mary Vang,USA,NY,Consumer
6624,Mary Todd,USA,NC,Consumer
9664,Jordan Gay,USA,NY,Consumer
9965,Rose Fernandez,USA,CA,Consumer
7690,James Smith,USA,CA,Consumer
4295,Jessica Smith,USA,NY,Consumer
3350,Mary Mercer,USA,OH,Consumer
4096,Beverly Hodge,USA,NY,Consumer
11194,Frances Nielsen,USA,CO,Consumer
9780,Henry Carpenter,USA,IL,Consumer
10395,Mary Lewis,USA,NY,Consumer
854,Daniel Smith,USA,TX,Consumer
878,Mary Smith,USA,CA,Consumer
6254,Charles Day,USA,NY,Consumer
4384,Marie Park,USA,CO,Consumer
7381,Mary Bell,USA,NM,Consumer
1669,Martha Wilkinson,USA,NY,Consumer
728,Anthony Rosario,USA,PA,Consumer
1965,Mary Boyd,USA,IL,Consumer
3251,Kenneth Murillo,USA,CA,Consumer
10059,Julia Smith,USA,FL,Consumer
759,Donna Smith,USA,OK,Consumer
8923,Mary Robertson,USA,LA,Consumer
7170,Bryan Johnson,USA,CA,Consumer
6653,Judy Smith,USA,MD,Consumer
4254,Mary Roberts,USA,NY,Consumer
7836,Mary Herman,USA,TX,Consumer
131,Brenda Cline,USA,MA,Consumer
9766,Rachel Bennett,USA,OH,Consumer
5230,Jason Smith,USA,CA,Consumer
10639,Mary Farley,USA,CA,Consumer
5966,Joseph Stone,USA,CA,Consumer
10846,Danielle Malone,USA,CA,Consumer
4954,Mary Smith,USA,TX,Consumer
7677,Mary Bonilla,USA,IL,Consumer
4858,Mary Smith,USA,TX,Consumer
6575,Sarah Sullivan,USA,FL,Consumer
9477,Lawrence Smith,USA,CA,Consumer
11494,Harry Donovan,USA,IL,Consumer
9007,Mary Maynard,USA,IL,Consumer
381,Katherine Moore,USA,OH,Consumer
12229,Rachel Simmons,USA,IL,Consumer
9369,Matthew Smith,USA,IL,Consumer
7971,William Smith,USA,VA,Consumer
6867,Mary Johnson,USA,IL,Consumer
184,Mary Boyd,USA,NY,Consumer
7798,James Smith,USA,NY,Consumer
1305,Mary Johnson,USA,SC,Consumer
14169,Bell Estes,USA,TX,Consumer
5253,Susan Watkins,USA,AZ,Consumer
6447,Helen Mitchell,USA,IL,Consumer
4014,Mary Smith,USA,TX,Consumer
2899,Albert Werner,USA,HI,Consumer
13975,Emma Wood,USA,MO,Consumer
13593,Stella Haynes,USA,OH,Consumer
3937,Nancy Orozco,USA,CA,Consumer
12446,Lesley Black,USA,VA,Consumer
12831,Amber Schwartz,USA,MA,Consumer
12843,Audrey Dean,USA,GA,Consumer
14149,Aileen Mcmillan,USA,KY,Consumer
14167,Lenore Marquez,USA,TX,Consumer
14414,Hayfa Rios,USA,CA,Consumer
13184,Renee Gallagher,USA,TX,Consumer
13111,Deborah Long,USA,NC,Consumer
13309,Patience Mcgee,USA,NY,Consumer
13488,Gloria Gaines,USA,NJ,Consumer
14465,Abigail Bowers,USA,CA,Consumer
14411,Jennifer Graves,USA,GA,Consumer
14681,Willow Conner,USA,NV,Consumer
13451,Leilani Merritt,USA,IL,Consumer
14361,Blossom Torres,USA,CA,Consumer
13523,Rylee Taylor,USA,TX,Consumer
13450,Sheila Clark,USA,NY,Consumer
14517,Sarah Gomez,USA,NM,Consumer
13234,Zorita Mcbride,USA,AZ,Consumer
13396,Sloane Carr,USA,MA,Consumer
13323,Angelica Kirk,USA,CA,Consumer
14341,Xerxes Nixon,USA,IL,Consumer
13485,Amity Russell,USA,DC,Consumer
13359,Ori Mcconnell,USA,VA,Consumer
14125,Megan Carpenter,USA,NY,Consumer
14233,Cecilia Castaneda,USA,TN,Consumer
14462,Gillian Boyle,USA,CO,Consumer
13304,Kitra Mcdowell,USA,NJ,Consumer
13178,Carla Ball,USA,CA,Consumer
14677,Katell Beck,USA,IL,Consumer
13519,Chelsea Atkinson,USA,MA,Consumer
13411,Beatrice House,USA,MI,Consumer
14675,Xena Sargent,USA,MD,Consumer
13410,Shay Wolfe,USA,CA,Consumer
13032,Winter Mcfarland,USA,FL,Consumer
14320,Hope Bonner,USA,CA,Consumer
13085,Nomlanga Greene,USA,CA,Consumer
14157,Wynter Ferguson,USA,CA,Consumer
14530,Bree Burch,USA,OR,Consumer
14229,Hope Macdonald,USA,IL,Consumer
14228,Sacha Hensley,USA,NJ,Consumer
14371,Medge Hudson,USA,GA,Consumer
13514,Juliet Santiago,USA,CA,Consumer
14334,Geraldine Albert,USA,VA,Consumer
14118,Christine Greer,USA,NY,Consumer
14437,Hannah Weaver,USA,KS,Consumer
14599,Katelyn Cochran,USA,TX,Consumer
13225,Brenna Whitley,USA,CA,Consumer
14616,Velma Palmer,USA,GA,Consumer
14062,Minerva Downs,USA,CA,Consumer
14453,Freya Ortiz,USA,NJ,Consumer
13116,Zia Fry,USA,OH,Consumer
13079,Yael Walter,USA,LA,Consumer
13312,Montana Barr,USA,CO,Consumer
4127,Christopher Smith,USA,AZ,Consumer
3773,Brenda Prince,USA,AZ,Consumer
5676,William Smith,USA,IL,Consumer
10816,Henry Turner,USA,TX,Consumer
1165,Edward Smith,USA,TX,Consumer
11844,Pamela Chavez,USA,FL,Consumer
11937,Michael Kerr,USA,CO,Consumer
1052,Daniel Smith,USA,NJ,Consumer
6589,Crystal Stewart,USA,PA,Consumer
5945,Mary Young,USA,NC,Consumer
5291,Carolyn Johnson,USA,NY,Consumer
13951,Lillith Kelly,USA,NY,Consumer
5866,Daniel Smith,USA,CA,Consumer
8868,Mary Smith,USA,PA,Consumer
1559,James Conrad,USA,CO,Consumer
13968,Jessamine Hurst,USA,CA,Consumer
3203,Mary Bryan,USA,NY,Consumer
6605,Mary Branch,USA,PA,Consumer
11201,Wayne Kelly,USA,CA,Consumer
13877,Rhonda Smith,USA,TX,Consumer
10352,Mary Smith,USA,FL,Consumer
4919,Judith Smith,USA,FL,Consumer
982,Mary Robbins,USA,IN,Consumer
5398,James Rogers,USA,NJ,Consumer
13659,Briar Gates,USA,NY,Consumer
12794,Nayda Rhodes,USA,TX,Consumer
915,Sean Burton,USA,OK,Consumer
2290,Joe Wright,USA,NY,Consumer
14892,Bree Hale,USA,PA,Consumer
14856,Charity Fry,USA,TX,Consumer
314,Maria Smith,USA,WI,Consumer
13586,Diana Duffy,USA,UT,Consumer
13729,Amela Mcgee,USA,MA,Consumer
13837,Kiara Sargent,USA,OK,Consumer
13657,Alma Hawkins,USA,CO,Consumer
14837,Liberty Lester,USA,CA,Consumer
4371,Doris Roberson,USA,MO,Consumer
13783,Cameron Estes,USA,CA,Consumer
9033,Mary Schaefer,USA,LA,Consumer
12387,Mary Archer,USA,PA,Consumer
5272,Jean Fuentes,USA,NV,Consumer
5646,Christine Smith,USA,NY,Consumer
13746,Ila Burke,USA,IN,Consumer
6793,Helen Morgan,USA,TX,Consumer
13691,Martha Booth,USA,NY,Consumer
14051,Quincy Mendez,USA,CA,Consumer
13781,Jeanette Daniel,USA,OH,Consumer
10301,Jeremy Smith,USA,TX,Consumer
14763,Cherokee Bonner,USA,PA,Consumer
12753,Cassandra Little,USA,NJ,Consumer
751,Benjamin Juarez,USA,CA,Consumer
13672,Stacy Michael,USA,NC,Consumer
2393,Dorothy Cross,USA,CA,Consumer
10390,Anthony Stevenson,USA,FL,Consumer
13761,Giselle Pope,USA,CT,Consumer
10376,Mary Davidson,USA,AZ,Consumer
8469,Amanda Smith,USA,CA,Consumer
13707,Sierra Norton,USA,CA,Consumer
10575,Mary Vargas,USA,CA,Consumer
12805,Leigh Baker,USA,IL,Consumer
3225,Mary Smith,USA,MI,Consumer
14759,Lee Mcdaniel,USA,NY,Consumer
13831,Madeline Alexander,USA,CA,Consumer
13741,Mallory Bishop,USA,SC,Consumer
14758,Shelley Navarro,USA,CA,Consumer
14010,Kalia Barton,USA,FL,Consumer
13577,Dorothy Atkinson,USA,MI,Consumer
10128,Amber Smith,USA,CA,Consumer
14009,Aspen Lowe,USA,AZ,Consumer
14703,Brianna Dale,USA,AZ,Consumer
4113,Frank Smith,USA,NC,Consumer
12801,Kelly Greene,USA,CA,Consumer
2245,Megan Johnson,USA,NV,Consumer
11875,Joseph Stevens,USA,NJ,Consumer
10237,Margaret Davis,USA,OH,Consumer
7855,Robert Calhoun,USA,IL,Consumer
12800,Martha Henderson,USA,CA,Consumer
13826,Veda Cervantes,USA,AZ,Consumer
13844,Amena Phillips,USA,IL,Consumer
13628,Fay Wyatt,USA,PA,Consumer
8495,Patricia Smith,USA,CA,Consumer
6904,Mary Smith,USA,OH,Consumer
7378,Mary Medina,USA,CA,Consumer
3035,Anna Gutierrez,USA,IL,Consumer
9805,Mary Camacho,USA,CA,Consumer
7026,Ann Hester,Puerto Rico,PR,Corporate
9673,Mary Blair,Puerto Rico,PR,Corporate
2022,Beverly Garcia,Puerto Rico,PR,Corporate
2472,Alan Holmes,Puerto Rico,PR,Corporate
2612,Lori Smith,Puerto Rico,PR,Corporate
10399,Kevin Smith,Puerto Rico,PR,Corporate
5321,Robert Rowe,Puerto Rico,PR,Corporate
5212,Mary Smith,Puerto Rico,PR,Corporate
12398,Charles Johnson,Puerto Rico,PR,Corporate
7611,Mary Smith,Puerto Rico,PR,Corporate
1910,Helen Price,Puerto Rico,PR,Corporate
5930,Sara Smith,Puerto Rico,PR,Corporate
19161,Dawn Blankenship,Puerto Rico,PR,Corporate
19241,Maya Thompson,Puerto Rico,PR,Corporate
5019,Mary Smith,Puerto Rico,PR,Corporate
6912,Kathy Smith,Puerto Rico,PR,Corporate
4584,Mary Yu,Puerto Rico,PR,Corporate
17906,Daryl Woods,Puerto Rico,PR,Corporate
17673,Jamalia Roach,Puerto Rico,PR,Corporate
11511,Albert Hale,Puerto Rico,PR,Corporate
17526,Gwendolyn Guerrero,Puerto Rico,PR,Corporate
20332,Morgan Harrison,Puerto Rico,PR,Corporate
17777,Montana Walter,Puerto Rico,PR,Corporate
20337,Violet Joyce,Puerto Rico,PR,Corporate
17030,Cheyenne Hendricks,Puerto Rico,PR,Corporate
19079,Leila Shepherd,Puerto Rico,PR,Corporate
18279,Dawn Donovan,Puerto Rico,PR,Corporate
17449,Nichole Sosa,Puerto Rico,PR,Corporate
17920,Hope Marks,Puerto Rico,PR,Corporate
4283,Eugene Hardin,Puerto Rico,PR,Corporate
5690,Mary Smith,Puerto Rico,PR,Corporate
11780,Karen Norman,Puerto Rico,PR,Corporate
1226,Dorothy Soto,Puerto Rico,PR,Corporate
8893,Mary Smith,Puerto Rico,PR,Corporate
10153,Mary Smith,Puerto Rico,PR,Corporate
6494,Brittany Smith,Puerto Rico,PR,Corporate
7981,Mark Smith,Puerto Rico,PR,Corporate
1032,Mary Jones,Puerto Rico,PR,Corporate
4480,Alan Smith,Puerto Rico,PR,Corporate
10900,Jennifer Smith,Puerto Rico,PR,Corporate
8599,Elizabeth Smith,Puerto Rico,PR,Corporate
77,Shirley Dalton,Puerto Rico,PR,Corporate
10274,Scott Bray,Puerto Rico,PR,Corporate
11607,Robert Smith,Puerto Rico,PR,Corporate
1772,Mary Barnes,Puerto Rico,PR,Corporate
8955,Michael Smith,Puerto Rico,PR,Corporate
9612,Willie Roberson,Puerto Rico,PR,Corporate
1358,Gloria Jensen,Puerto Rico,PR,Corporate
2648,Mary Montoya,Puerto Rico,PR,Corporate
4450,Mary Ward,Puerto Rico,PR,Corporate
13203,Xena Graham,Puerto Rico,PR,Corporate
14485,Ingrid Jordan,Puerto Rico,PR,Corporate
14180,Jade Smith,Puerto Rico,PR,Corporate
14478,Zenaida Reyes,Puerto Rico,PR,Corporate
14440,Simone Mcclain,Puerto Rico,PR,Corporate
14188,Regan Berger,Puerto Rico,PR,Corporate
3286,Stephen Smith,Puerto Rico,PR,Corporate
3579,Mary Smith,Puerto Rico,PR,Corporate
13681,Shana Carver,Puerto Rico,PR,Corporate
14004,Remedios Weber,Puerto Rico,PR,Corporate
3769,Amy Smith,Puerto Rico,PR,Corporate
2459,Robert Lyons,Puerto Rico,PR,Corporate
13679,Moana Boyer,Puerto Rico,PR,Corporate
3233,Mary West,Puerto Rico,PR,Corporate
6723,Mary Burns,Puerto Rico,PR,Corporate
7898,Mary Smith,Puerto Rico,PR,Corporate
13546,Petra Rivera,Puerto Rico,PR,Corporate
8017,Mary Rhodes,Puerto Rico,PR,Corporate
11256,David Smith,Puerto Rico,PR,Corporate
3136,Mary Sharp,Puerto Rico,PR,Corporate
12329,Scott Norman,Puerto Rico,PR,Corporate
9346,Jack Smith,Puerto Rico,PR,Corporate
14775,Katell Terry,Puerto Rico,PR,Corporate
10161,Mary Smith,Puerto Rico,PR,Corporate
8335,Aaron Cooke,Puerto Rico,PR,Corporate
4201,Mary Smith,Puerto Rico,PR,Corporate
2735,Mary Pena,Puerto Rico,PR,Corporate
6341,Daniel Smith,Puerto Rico,PR,Corporate
4053,Rebecca Turner,Puerto Rico,PR,Corporate
8876,Timothy Smith,Puerto Rico,PR,Corporate
7932,Catherine Rubio,Puerto Rico,PR,Corporate
5615,Albert Smith,Puerto Rico,PR,Corporate
4499,Cynthia Price,Puerto Rico,PR,Corporate
3176,Donna Smith,Puerto Rico,PR,Corporate
94,Mary Smith,Puerto Rico,PR,Corporate
8748,Steven Perez,Puerto Rico,PR,Corporate
8411,Harold Smith,Puerto Rico,PR,Corporate
4089,Samantha Nunez,Puerto Rico,PR,Corporate
5660,Mary Maldonado,Puerto Rico,PR,Corporate
2049,Gary Smith,Puerto Rico,PR,Corporate
12668,Farrah Gordon,Puerto Rico,PR,Corporate
12441,John Gerginokish,Puerto Rico,PR,Corporate
12653,Megan Mcclain,Puerto Rico,PR,Corporate
12598,Aileen Richard,Puerto Rico,PR,Corporate
15031,Darryl Tucker,Puerto Rico,PR,Corporate
15119,Shelley Howard,Puerto Rico,PR,Corporate
14420,Kay Tanner,Puerto Rico,PR,Corporate
190,Mary Hayes,Puerto Rico,PR,Corporate
11623,Patricia Yu,Puerto Rico,PR,Corporate
10673,William Garcia,Puerto Rico,PR,Corporate
11829,Steven Smith,Puerto Rico,PR,Corporate
7455,Ann Smith,Puerto Rico,PR,Corporate
13943,Kelsey Barnett,Puerto Rico,PR,Corporate
2650,David Nguyen,Puerto Rico,PR,Corporate
3423,Mary Smith,Puerto Rico,PR,Corporate
3877,John Mcclure,Puerto Rico,PR,Corporate
7049,Justin Graham,Puerto Rico,PR,Corporate
3881,Patricia Wilson,Puerto Rico,PR,Corporate
3816,Dorothy Smith,Puerto Rico,PR,Corporate
4118,Mary Barton,Puerto Rico,PR,Corporate
6025,Mary Smith,Puerto Rico,PR,Corporate
7631,Alexander Nguyen,Puerto Rico,PR,Corporate
10360,Mary Carlson,Puerto Rico,PR,Corporate
9637,Nicole Smith,Puerto Rico,PR,Corporate
5596,Mary Smith,Puerto Rico,PR,Corporate
3354,Russell Flores,Puerto Rico,PR,Corporate
6300,Willie Russell,Puerto Rico,PR,Corporate
3155,Mary Haas,Puerto Rico,PR,Corporate
1123,Mary Smith,Puerto Rico,PR,Corporate
4467,Howard Smith,Puerto Rico,PR,Corporate
4779,Theresa Turner,Puerto Rico,PR,Corporate
11581,Mary Ramsey,Puerto Rico,PR,Corporate
4065,Mary Mccullough,Puerto Rico,PR,Corporate
10707,Mary Hansen,Puerto Rico,PR,Corporate
7870,Mary Reilly,Puerto Rico,PR,Corporate
2150,Andrea Lawson,Puerto Rico,PR,Corporate
9717,Rose Smith,Puerto Rico,PR,Corporate
2479,Mary Miller,Puerto Rico,PR,Corporate
3277,Jennifer Smith,Puerto Rico,PR,Corporate
12061,Ruth Huffman,Puerto Rico,PR,Corporate
8403,Joseph Smith,Puerto Rico,PR,Corporate
7536,Virginia Smith,Puerto Rico,PR,Corporate
11322,Gary Smith,Puerto Rico,PR,Corporate
5618,Victoria Morales,Puerto Rico,PR,Corporate
4517,Mary Cline,Puerto Rico,PR,Corporate
5155,Mary Rosario,Puerto Rico,PR,Corporate
10768,Lawrence Smith,Puerto Rico,PR,Corporate
11873,Joe Collier,Puerto Rico,PR,Corporate
4204,Mary Smith,Puerto Rico,PR,Corporate
2747,Nicholas Berry,Puerto Rico,PR,Corporate
9565,Donald Cantrell,Puerto Rico,PR,Corporate
18129,Sonya Snow,Puerto Rico,PR,Corporate
19156,Sheila Mason,Puerto Rico,PR,Corporate
19281,Melinda Leonard,Puerto Rico,PR,Corporate
19154,Megan Luna,Puerto Rico,PR,Corporate
19151,Phyllis Saunders,Puerto Rico,PR,Corporate
19201,Rama Salas,Puerto Rico,PR,Corporate
16522,Xaviera Downs,Puerto Rico,PR,Corporate
15781,Hyacinth Daniels,Puerto Rico,PR,Corporate
15814,Heather Robinson,Puerto Rico,PR,Corporate
15705,Maya Steele,Puerto Rico,PR,Corporate
4603,Emily Coleman,Puerto Rico,PR,Corporate
3018,Mary Smith,Puerto Rico,PR,Corporate
9676,Theresa Smith,Puerto Rico,PR,Corporate
875,Mary Brady,Puerto Rico,PR,Corporate
10826,Mary Hanson,Puerto Rico,PR,Corporate
1190,Madison Smith,Puerto Rico,PR,Corporate
4731,Hannah Thompson,Puerto Rico,PR,Corporate
17646,Larissa Macias,Puerto Rico,PR,Corporate
7193,Jennifer Smith,Puerto Rico,PR,Corporate
18028,Rhoda Abbott,Puerto Rico,PR,Corporate
8062,Dennis Smith,Puerto Rico,PR,Corporate
17678,Iola Mcconnell,Puerto Rico,PR,Corporate
17445,Cassandra Roman,Puerto Rico,PR,Corporate
7449,Jerry Jenkins,Puerto Rico,PR,Corporate
8651,George Smith,Puerto Rico,PR,Corporate
10115,Mary Estrada,Puerto Rico,PR,Corporate
18523,Mari Colon,Puerto Rico,PR,Corporate
20559,Jessamine Vasquez,Puerto Rico,PR,Corporate
140,Amanda Smith,Puerto Rico,PR,Corporate
20468,Avye Love,Puerto Rico,PR,Corporate
18431,Rhea Underwood,Puerto Rico,PR,Corporate
8924,Emma Smith,Puerto Rico,PR,Corporate
7086,Mary Shields,Puerto Rico,PR,Corporate
2222,Paul Cook,Puerto Rico,PR,Corporate
12295,Mary Fischer,Puerto Rico,PR,Corporate
15515,Justina York,Puerto Rico,PR,Corporate
15533,Maxine Franklin,Puerto Rico,PR,Corporate
15653,Illana Nicholson,Puerto Rico,PR,Corporate
15598,Laura Gonzalez,Puerto Rico,PR,Corporate
15434,Zenia Baldwin,Puerto Rico,PR,Corporate
8729,Amber Zimmerman,Puerto Rico,PR,Corporate
2749,Mary Smith,Puerto Rico,PR,Corporate
1563,Carolyn Smith,Puerto Rico,PR,Corporate
4912,William Mcgee,Puerto Rico,PR,Corporate
17579,Phoebe Shaw,Puerto Rico,PR,Corporate
15195,Daryl Elliott,Puerto Rico,PR,Corporate
20096,Moana Whitney,Puerto Rico,PR,Corporate
16340,Diana Holmes,Puerto Rico,PR,Corporate
16106,Clare Knight,Puerto Rico,PR,Corporate
20140,Emerald Parsons,Puerto Rico,PR,Corporate
20068,Ila Rutledge,Puerto Rico,PR,Corporate
20301,Kylie Langley,Puerto Rico,PR,Corporate
17751,Shelley Quinn,Puerto Rico,PR,Corporate
16425,Courtney Barnett,Puerto Rico,PR,Corporate
4466,Rachel Shaw,Puerto Rico,PR,Corporate
10653,Mary Smith,Puerto Rico,PR,Corporate
1754,Kevin Dixon,Puerto Rico,PR,Corporate
18420,Leigh Browning,Puerto Rico,PR,Corporate
10842,Ashley Smith,Puerto Rico,PR,Corporate
2318,Benjamin Smith,Puerto Rico,PR,Corporate
8682,Mary Quinn,Puerto Rico,PR,Corporate
17083,Selma Douglas,Puerto Rico,PR,Corporate
16174,Willow Hines,Puerto Rico,PR,Corporate
4447,Mary Wyatt,Puerto Rico,PR,Corporate
11233,Mary Murphy,Puerto Rico,PR,Corporate
1188,Crystal Smith,Puerto Rico,PR,Corporate
5602,Mary Parrish,Puerto Rico,PR,Corporate
9690,Edward Mccoy,Puerto Rico,PR,Corporate
6895,Mary Hebert,Puerto Rico,PR,Corporate
6092,Mary Smith,Puerto Rico,PR,Corporate
1912,Robert Nunez,Puerto Rico,PR,Corporate
11485,Jean Haley,Puerto Rico,PR,Corporate
7480,Mary Gordon,Puerto Rico,PR,Corporate
10574,Phillip Gonzalez,Puerto Rico,PR,Corporate
6505,Margaret Smith,Puerto Rico,PR,Corporate
9306,Scott Flynn,Puerto Rico,PR,Corporate
3640,Mary Serrano,Puerto Rico,PR,Corporate
9758,Mary Wilson,Puerto Rico,PR,Corporate
8263,Mary Smith,Puerto Rico,PR,Corporate
7196,Megan Braun,Puerto Rico,PR,Corporate
5475,Debra Smith,Puerto Rico,PR,Corporate
43,Mary Herring,Puerto Rico,PR,Corporate
4737,Mary Mendoza,Puerto Rico,PR,Corporate
4082,Mary Lyons,Puerto Rico,PR,Corporate
495,Marilyn Smith,Puerto Rico,PR,Corporate
8149,Kenneth Clark,Puerto Rico,PR,Corporate
8394,Tyler Shields,Puerto Rico,PR,Corporate
8146,Carolyn Jennings,Puerto Rico,PR,Corporate
5510,Mary Bush,Puerto Rico,PR,Corporate
9288,Mary Mason,Puerto Rico,PR,Corporate
5967,Matthew Farmer,Puerto Rico,PR,Corporate
1737,Mary Smith,Puerto Rico,PR,Corporate
1323,Mary Donovan,Puerto Rico,PR,Corporate
11701,Mary Tucker,Puerto Rico,PR,Corporate
9931,Mary Owens,Puerto Rico,PR,Corporate
3819,Mary Smith,Puerto Rico,PR,Corporate
10613,Mary Haynes,Puerto Rico,PR,Corporate
6228,Roger Davila,Puerto Rico,PR,Corporate
7962,Justin Smith,Puerto Rico,PR,Corporate
6179,Samuel Henderson,Puerto Rico,PR,Corporate
2510,Mary Gonzalez,Puerto Rico,PR,Corporate
7880,Joyce Padilla,Puerto Rico,PR,Corporate
10292,Mary Williams,Puerto Rico,PR,Corporate
6240,Virginia Elliott,Puerto Rico,PR,Corporate
4410,Mary Fitzgerald,Puerto Rico,PR,Corporate
4317,Jean Sutton,Puerto Rico,PR,Corporate
11857,Judy Wall,Puerto Rico,PR,Corporate
4024,Mary Thomas,Puerto Rico,PR,Corporate
7851,Douglas Smith,Puerto Rico,PR,Corporate
9938,Patrick Smith,Puerto Rico,PR,Corporate
3059,Lori Hensley,Puerto Rico,PR,Corporate
11045,Paul Smith,Puerto Rico,PR,Corporate
1609,Kathy Moore,Puerto Rico,PR,Corporate
7813,Mary Jackson,Puerto Rico,PR,Corporate
4682,Marilyn Morales,Puerto Rico,PR,Corporate
989,Helen Smith,Puerto Rico,PR,Corporate
9374,John Taylor,Puerto Rico,PR,Corporate
4816,Bruce Short,Puerto Rico,PR,Corporate
9722,Carolyn Anderson,Puerto Rico,PR,Corporate
1163,Timothy Smith,Puerto Rico,PR,Corporate
774,Mary Smith,Puerto Rico,PR,Corporate
2664,Edward Klein,Puerto Rico,PR,Corporate
4871,Justin Hall,Puerto Rico,PR,Corporate
3667,Andrew Hinton,Puerto Rico,PR,Corporate
13526,Rhoda Workman,Puerto Rico,PR,Corporate
13040,Dahlia Baird,Puerto Rico,PR,Corporate
14091,Caryn Herrera,Puerto Rico,PR,Corporate
14680,Jamalia Hudson,Puerto Rico,PR,Corporate
13414,Barbara Moran,Puerto Rico,PR,Corporate
13198,Jocelyn Mckay,Puerto Rico,PR,Corporate
14607,Deborah Robinson,Puerto Rico,PR,Corporate
13089,Donna Ware,Puerto Rico,PR,Corporate
14089,Patricia Chaney,Puerto Rico,PR,Corporate
14251,Bree Spears,Puerto Rico,PR,Corporate
13412,Sydnee Strickland,Puerto Rico,PR,Corporate
14214,Chastity Shannon,Puerto Rico,PR,Corporate
14461,Tana Pratt,Puerto Rico,PR,Corporate
14441,Lucy Acevedo,Puerto Rico,PR,Corporate
14639,Francesca Barlow,Puerto Rico,PR,Corporate
14392,Miriam Randall,Puerto Rico,PR,Corporate
14458,Constance Garrett,Puerto Rico,PR,Corporate
14619,Illana Bonner,Puerto Rico,PR,Corporate
14083,Pearl Flores,Puerto Rico,PR,Corporate
14065,Hadassah Solis,Puerto Rico,PR,Corporate
14438,Quail Green,Puerto Rico,PR,Corporate
14617,Guinevere Ramsey,Puerto Rico,PR,Corporate
14099,Ariel Collier,Puerto Rico,PR,Corporate
13531,Quintessa Mcgowan,Puerto Rico,PR,Corporate
13297,Desirae Guzman,Puerto Rico,PR,Corporate
13117,Alexandra Head,Puerto Rico,PR,Corporate
14278,Clio Clay,Puerto Rico,PR,Corporate
14417,Taylor Jensen,Puerto Rico,PR,Corporate
14650,Carla Guzman,Puerto Rico,PR,Corporate
13349,Pascale Lyons,Puerto Rico,PR,Corporate
14415,Wanda Lynn,Puerto Rico,PR,Corporate
13294,Fiona Irwin,Puerto Rico,PR,Corporate
14276,Jacqueline Barron,Puerto Rico,PR,Corporate
8689,Mary Larsen,Puerto Rico,PR,Corporate
8597,Christina Smith,Puerto Rico,PR,Corporate
4465,John Sanchez,Puerto Rico,PR,Corporate
4716,Edward Cooper,Puerto Rico,PR,Corporate
13897,Idola Ryan,Puerto Rico,PR,Corporate
11156,Jessica Valdez,Puerto Rico,PR,Corporate
9978,Joyce Barron,Puerto Rico,PR,Corporate
14022,Justina Duran,Puerto Rico,PR,Corporate
13950,Jemima Langley,Puerto Rico,PR,Corporate
13859,Tatiana Schultz,Puerto Rico,PR,Corporate
12778,Hillary Shepard,Puerto Rico,PR,Corporate
3244,Mary Garza,Puerto Rico,PR,Corporate
3360,Mary Bailey,Puerto Rico,PR,Corporate
1121,Kathleen Smith,Puerto Rico,PR,Corporate
8619,Jack Smith,Puerto Rico,PR,Corporate
13965,Aubrey Ewing,Puerto Rico,PR,Corporate
11079,Russell Smith,Puerto Rico,PR,Corporate
9351,Joseph Smith,Puerto Rico,PR,Corporate
655,Joseph Dougherty,Puerto Rico,PR,Corporate
13875,Lisandra Casey,Puerto Rico,PR,Corporate
3793,Janet Best,Puerto Rico,PR,Corporate
490,Sandra Brown,Puerto Rico,PR,Corporate
7923,Sharon Rivera,Puerto Rico,PR,Corporate
6813,Jeffrey Coleman,Puerto Rico,PR,Corporate
14053,Rhonda Dale,Puerto Rico,PR,Corporate
14783,Carolyn Chapman,Puerto Rico,PR,Corporate
6509,Mary Cox,Puerto Rico,PR,Corporate
13909,Ainsley Burris,Puerto Rico,PR,Corporate
14908,Nola Nelson,Puerto Rico,PR,Corporate
5998,Mary Cline,Puerto Rico,PR,Corporate
13709,Uta Owens,Puerto Rico,PR,Corporate
14709,Astra Morgan,Puerto Rico,PR,Corporate
13780,Suki Norris,Puerto Rico,PR,Corporate
4051,Christine Barrera,Puerto Rico,PR,Corporate
12327,Emily Smith,Puerto Rico,PR,Corporate
13617,Callie Henson,Puerto Rico,PR,Corporate
13742,Olivia Massey,Puerto Rico,PR,Corporate
281,Stephanie Smith,Puerto Rico,PR,Corporate
13650,Idona Jenkins,Puerto Rico,PR,Corporate
5959,Thomas Humphrey,Puerto Rico,PR,Corporate
13865,Kimberly Giles,Puerto Rico,PR,Corporate
3729,John Peters,Puerto Rico,PR,Corporate
2989,Mary Henderson,Puerto Rico,PR,Corporate
10467,Janet Sandoval,Puerto Rico,PR,Corporate
5229,Thomas Butler,Puerto Rico,PR,Corporate
8454,Mary Turner,Puerto Rico,PR,Corporate
8550,Mary Smith,Puerto Rico,PR,Corporate
5079,Gregory Cameron,Puerto Rico,PR,Corporate
5096,Mary Smith,Puerto Rico,PR,Corporate
6188,Kevin Davies,Puerto Rico,PR,Corporate
2372,Melissa Kemp,Puerto Rico,PR,Corporate
3390,Elizabeth Stephenson,Puerto Rico,PR,Corporate
916,Mary Smith,Puerto Rico,PR,Corporate
7,Melissa Wilcox,Puerto Rico,PR,Corporate
13700,Chastity Joyce,Puerto Rico,PR,Corporate
5774,Virginia Smith,Puerto Rico,PR,Corporate
4887,Nicholas Smith,Puerto Rico,PR,Corporate
1195,Danielle Smith,Puerto Rico,PR,Corporate
1270,Stephen Lynch,Puerto Rico,PR,Corporate
1218,Elizabeth Smith,Puerto Rico,PR,Corporate
516,Mary Smith,Puerto Rico,PR,Corporate
3301,Richard Davila,Puerto Rico,PR,Corporate
7301,Mary Smith,Puerto Rico,PR,Corporate
11869,Thomas Smith,Puerto Rico,PR,Corporate
11161,Mary Pennington,Puerto Rico,PR,Corporate
2293,Mary Collier,Puerto Rico,PR,Corporate
7646,Mary Smith,Puerto Rico,PR,Corporate
3989,Margaret Harrison,Puerto Rico,PR,Corporate
4821,Brittany Rangel,Puerto Rico,PR,Corporate
11736,Jeffrey Smith,Puerto Rico,PR,Corporate
10711,Cynthia Campbell,Puerto Rico,PR,Corporate
7188,Mary Whitaker,Puerto Rico,PR,Corporate
8291,Mary Roman,Puerto Rico,PR,Corporate
4748,Mary Smith,Puerto Rico,PR,Corporate
12452,Catherine Bradley,Puerto Rico,PR,Corporate
12699,Halee Levine,Puerto Rico,PR,Corporate
12731,Jolene Estes,Puerto Rico,PR,Corporate
12511,Kylie Rosario,Puerto Rico,PR,Corporate
12689,Kendall Goff,Puerto Rico,PR,Corporate
15104,Zena Pennington,Puerto Rico,PR,Corporate
15014,Melyssa Webster,Puerto Rico,PR,Corporate
12883,Tatyana Burks,Puerto Rico,PR,Corporate
15048,Kaye Barber,Puerto Rico,PR,Corporate
14990,Rowan James,Puerto Rico,PR,Corporate
12840,Heidi Riggs,Puerto Rico,PR,Corporate
12947,Stacy Fernandez,Puerto Rico,PR,Corporate
12928,Lana Bird,Puerto Rico,PR,Corporate
15129,Sonya Velazquez,Puerto Rico,PR,Corporate
12873,Hedy Lucas,Puerto Rico,PR,Corporate
14427,Amy Nguyen,Puerto Rico,PR,Corporate
13231,Brianna Horne,Puerto Rico,PR,Corporate
13301,Calista Ratliff,Puerto Rico,PR,Corporate
8089,Evelyn Smith,Puerto Rico,PR,Corporate
12816,Hyacinth Silva,Puerto Rico,PR,Corporate
12428,Jeffrey Travis,Puerto Rico,PR,Corporate
14910,Quemby Cole,Puerto Rico,PR,Corporate
13622,Yolanda Nieves,Puerto Rico,PR,Corporate
6493,Mary Best,Puerto Rico,PR,Corporate
6216,Thomas Smith,Puerto Rico,PR,Corporate
6785,Mary Davila,Puerto Rico,PR,Corporate
2224,Ann Mercado,Puerto Rico,PR,Corporate
7793,Mary Smith,Puerto Rico,PR,Corporate
7527,Pamela Smith,Puerto Rico,PR,Corporate
13559,Charde Caldwell,Puerto Rico,PR,Corporate
2417,Mary Mullins,Puerto Rico,PR,Corporate
13629,Rosalyn Velez,Puerto Rico,PR,Corporate
5468,Katherine Smith,Puerto Rico,PR,Corporate
6711,Mary Yang,Puerto Rico,PR,Corporate
1135,Bryan Underwood,Puerto Rico,PR,Corporate
7489,Teresa Ritter,Puerto Rico,PR,Corporate
15106,Hillary Walters,Puerto Rico,PR,Corporate
121,Mary Yoder,Puerto Rico,PR,Corporate
5807,Edward Silva,Puerto Rico,PR,Corporate
12208,Mary Simmons,Puerto Rico,PR,Corporate
8229,Mary Mcfarland,Puerto Rico,PR,Corporate
9376,Mary Hill,Puerto Rico,PR,Corporate
132,Eric Smith,Puerto Rico,PR,Corporate
8323,Mary Smith,Puerto Rico,PR,Corporate
9770,Teresa Smith,Puerto Rico,PR,Corporate
9238,Judy Gillespie,Puerto Rico,PR,Corporate
8509,Mary Hicks,Puerto Rico,PR,Corporate
11449,Barbara Smith,Puerto Rico,PR,Corporate
3158,Jesse Smith,Puerto Rico,PR,Corporate
11100,Barbara Tucker,Puerto Rico,PR,Corporate
3630,Barbara King,Puerto Rico,PR,Corporate
12049,Mildred Mclaughlin,Puerto Rico,PR,Corporate
3255,Mary Christian,Puerto Rico,PR,Corporate
8346,Mary Wright,Puerto Rico,PR,Corporate
12406,Mary Michael,Puerto Rico,PR,Corporate
6274,Mary Ramsey,Puerto Rico,PR,Corporate
2751,Brenda Smith,Puerto Rico,PR,Corporate
9228,Jacqueline Smith,Puerto Rico,PR,Corporate
3123,Karen Durham,Puerto Rico,PR,Corporate
6596,Nicole Lynn,Puerto Rico,PR,Corporate
5310,Ryan Baird,Puerto Rico,PR,Corporate
6991,Mary Smith,Puerto Rico,PR,Corporate
9257,Mary Smith,Puerto Rico,PR,Corporate
10296,Mary Ramos,Puerto Rico,PR,Corporate
8553,Mary English,Puerto Rico,PR,Corporate
8165,Mary Kirk,Puerto Rico,PR,Corporate
8691,Mary Hart,Puerto Rico,PR,Corporate
9881,Amber Smith,Puerto Rico,PR,Corporate
10430,Katherine Silva,Puerto Rico,PR,Corporate
7241,Virginia Burns,Puerto Rico,PR,Corporate
6559,Mary Dyer,Puerto Rico,PR,Corporate
9016,Mary Smith,Puerto Rico,PR,Corporate
12179,Keith Smith,Puerto Rico,PR,Corporate
11986,Gerald Smith,Puerto Rico,PR,Corporate
9799,Olivia Smith,Puerto Rico,PR,Corporate
5862,David Cantu,Puerto Rico,PR,Corporate
1156,Mary Terrell,Puerto Rico,PR,Corporate
8693,Mary Madden,Puerto Rico,PR,Corporate
293,Christopher Prince,Puerto Rico,PR,Corporate
11067,Anthony Zimmerman,Puerto Rico,PR,Corporate
9022,Mary Smith,Puerto Rico,PR,Corporate
1203,Mary Smith,Puerto Rico,PR,Corporate
2764,Mary Ross,Puerto Rico,PR,Corporate
11408,Vincent Smith,Puerto Rico,PR,Corporate
4666,Mary Smith,Puerto Rico,PR,Corporate
2490,Mary Ward,Puerto Rico,PR,Corporate
5058,Mary Salinas,Puerto Rico,PR,Corporate
8066,Mary Ramos,Puerto Rico,PR,Corporate
7791,Andrea Smith,Puerto Rico,PR,Corporate
5032,Christopher Fry,Puerto Rico,PR,Corporate
10878,Emily Richardson,Puerto Rico,PR,Corporate
18134,Shelby Mcgowan,Puerto Rico,PR,Corporate
18241,Sybil Monroe,Puerto Rico,PR,Corporate
18185,Alika Kinney,Puerto Rico,PR,Corporate
18239,Skyler Cardenas,Puerto Rico,PR,Corporate
18093,Fay Camacho,Puerto Rico,PR,Corporate
18073,Natalie Ellis,Puerto Rico,PR,Corporate
18127,Lacy Guerra,Puerto Rico,PR,Corporate
18159,Hanna Bryant,Puerto Rico,PR,Corporate
17899,Amela England,Puerto Rico,PR,Corporate
19178,Aileen Howard,Puerto Rico,PR,Corporate
16464,Shelley Whitley,Puerto Rico,PR,Corporate
16607,Nita Mccall,Puerto Rico,PR,Corporate
19049,Stella Holloway,Puerto Rico,PR,Corporate
16408,Octavia Chase,Puerto Rico,PR,Corporate
16534,Dominique Powers,Puerto Rico,PR,Corporate
16387,Blythe Terrell,Puerto Rico,PR,Corporate
16419,Ina Rodriquez,Puerto Rico,PR,Corporate
19184,Allegra Talley,Puerto Rico,PR,Corporate
16489,Neve Gallagher,Puerto Rico,PR,Corporate
19056,Carolyn Rhodes,Puerto Rico,PR,Corporate
16612,Grace Horne,Puerto Rico,PR,Corporate
15844,Sopoline Watts,Puerto Rico,PR,Corporate
15878,Hadley Newman,Puerto Rico,PR,Corporate
18753,Sage Morse,Puerto Rico,PR,Corporate
18752,Calista Nicholson,Puerto Rico,PR,Corporate
15823,Sybil Frederick,Puerto Rico,PR,Corporate
18823,Lesley Sharp,Puerto Rico,PR,Corporate
15857,Phyllis Fernandez,Puerto Rico,PR,Corporate
18857,Roanna Booth,Puerto Rico,PR,Corporate
15873,Odessa Schneider,Puerto Rico,PR,Corporate
15837,Violet Harper,Puerto Rico,PR,Corporate
18800,Jaime Garcia,Puerto Rico,PR,Corporate
15833,Rhonda Faulkner,Puerto Rico,PR,Corporate
15688,Emily Rodriquez,Puerto Rico,PR,Corporate
15902,Cleo Pierce,Puerto Rico,PR,Corporate
10471,Mary Smith,Puerto Rico,PR,Corporate
10798,Grace Moore,Puerto Rico,PR,Corporate
11404,Helen Cook,Puerto Rico,PR,Corporate
20662,Brenna Dyer,Puerto Rico,PR,Corporate
16093,Yvonne Ferrell,Puerto Rico,PR,Corporate
16057,Aubrey Mcmahon,Puerto Rico,PR,Corporate
533,Olivia Edwards,Puerto Rico,PR,Corporate
7280,Jane Strong,Puerto Rico,PR,Corporate
17666,Desiree Lyons,Puerto Rico,PR,Corporate
3587,Michelle Potter,Puerto Rico,PR,Corporate
5430,Emma Smith,Puerto Rico,PR,Corporate
16072,Genevieve Good,Puerto Rico,PR,Corporate
6344,Mary Smith,Puerto Rico,PR,Corporate
20424,Dominique Bryant,Puerto Rico,PR,Corporate
11530,Richard Gibson,Puerto Rico,PR,Corporate
20513,Hilary Sims,Puerto Rico,PR,Corporate
18494,Anika Tucker,Puerto Rico,PR,Corporate
398,Teresa Smith,Puerto Rico,PR,Corporate
17937,May ,Puerto Rico,PR,Corporate
18403,Wynter Workman,Puerto Rico,PR,Corporate
20691,Audrey Bishop,Puerto Rico,PR,Corporate
20618,Farrah Larsen,Puerto Rico,PR,Corporate
17952,Evangeline Castaneda,Puerto Rico,PR,Corporate
8095,Dennis Smith,Puerto Rico,PR,Corporate
20401,Cally Kelley,Puerto Rico,PR,Corporate
17988,Rylee Mcneil,Puerto Rico,PR,Corporate
17425,Basia Porter,Puerto Rico,PR,Corporate
18326,Angelica Erickson,Puerto Rico,PR,Corporate
2576,Margaret Smith,Puerto Rico,PR,Corporate
20579,Phoebe Simpson,Puerto Rico,PR,Corporate
10608,Ralph Kidd,Puerto Rico,PR,Corporate
20524,Macy Riddle,Puerto Rico,PR,Corporate
2397,Maria Castro,Puerto Rico,PR,Corporate
2527,Heather Smith,Puerto Rico,PR,Corporate
10780,Mary Cuevas,Puerto Rico,PR,Corporate
18001,Lucy Moran,Puerto Rico,PR,Corporate
1375,Linda Smith,Puerto Rico,PR,Corporate
6783,Mary Smith,Puerto Rico,PR,Corporate
788,Patrick Smith,Puerto Rico,PR,Corporate
18520,Chelsea Graves,Puerto Rico,PR,Corporate
17348,Tatyana Wyatt,Puerto Rico,PR,Corporate
16061,Genevieve Blankenship,Puerto Rico,PR,Corporate
15970,Ursula Patterson,Puerto Rico,PR,Corporate
20736,Karyn Fry,Puerto Rico,PR,Corporate
20591,Raya Salinas,Puerto Rico,PR,Corporate
18719,Dahlia Norman,Puerto Rico,PR,Corporate
15610,Jade Rose,Puerto Rico,PR,Corporate
15501,Quyn Hancock,Puerto Rico,PR,Corporate
15481,Shafira Gallegos,Puerto Rico,PR,Corporate
15479,Destiny Smith,Puerto Rico,PR,Corporate
18713,Darryl Rios,Puerto Rico,PR,Corporate
15317,Clementine Moody,Puerto Rico,PR,Corporate
1818,Mary Fuentes,Puerto Rico,PR,Corporate
15476,Kylie Bond,Puerto Rico,PR,Corporate
15601,Nayda Hancock,Puerto Rico,PR,Corporate
18672,Stacy Brady,Puerto Rico,PR,Corporate
15418,Susan Gallegos,Puerto Rico,PR,Corporate
18687,Felicia Jennings,Puerto Rico,PR,Corporate
15525,Alice Rose,Puerto Rico,PR,Corporate
15650,Wynter Kerr,Puerto Rico,PR,Corporate
5262,Eric Smith,Puerto Rico,PR,Corporate
10525,Mary Lopez,Puerto Rico,PR,Corporate
12047,Mary Moody,Puerto Rico,PR,Corporate
5530,Donald Anderson,Puerto Rico,PR,Corporate
8450,Diane Walters,Puerto Rico,PR,Corporate
3614,John Smith,Puerto Rico,PR,Corporate
1384,Mary Mullins,Puerto Rico,PR,Corporate
17563,Whoopi Underwood,Puerto Rico,PR,Corporate
19829,Chantale Olsen,Puerto Rico,PR,Corporate
19792,Cherokee Hogan,Puerto Rico,PR,Corporate
17118,Megan Bentley,Puerto Rico,PR,Corporate
17135,Jaquelyn Logan,Puerto Rico,PR,Corporate
17781,Gloria Morrow,Puerto Rico,PR,Corporate
18945,Nell Horton,Puerto Rico,PR,Corporate
19952,Leilani Butler,Puerto Rico,PR,Corporate
16113,Demetria Alvarado,Puerto Rico,PR,Corporate
20023,Freya Phillips,Puerto Rico,PR,Corporate
17815,Orli Mcdowell,Puerto Rico,PR,Corporate
20363,Chloe Myers,Puerto Rico,PR,Corporate
18606,Renee Whitfield,Puerto Rico,PR,Corporate
15171,Lilah Roberson,Puerto Rico,PR,Corporate
20182,Madonna Yates,Puerto Rico,PR,Corporate
15260,Sara Donaldson,Puerto Rico,PR,Corporate
15277,Azalia Solis,Puerto Rico,PR,Corporate
16125,Vielka Jordan,Puerto Rico,PR,Corporate
15151,Fatima Knowles,Puerto Rico,PR,Corporate
17092,Ariel Acevedo,Puerto Rico,PR,Corporate
15240,Emma Garrett,Puerto Rico,PR,Corporate
15204,Veronica Glenn,Puerto Rico,PR,Corporate
18583,Dora Hunt,Puerto Rico,PR,Corporate
18529,Skyler Juarez,Puerto Rico,PR,Corporate
20286,Xyla Guy,Puerto Rico,PR,Corporate
20196,Jolene Castillo,Puerto Rico,PR,Corporate
16266,Calista Hickman,Puerto Rico,PR,Corporate
17753,Chava Salazar,Puerto Rico,PR,Corporate
16337,Ainsley Dunn,Puerto Rico,PR,Corporate
17807,Zia Hensley,Puerto Rico,PR,Corporate
20356,Nelle Taylor,Puerto Rico,PR,Corporate
16317,Jaime Camacho,Puerto Rico,PR,Corporate
20372,Rose Osborne,Puerto Rico,PR,Corporate
17050,Gemma Clark,Puerto Rico,PR,Corporate
17032,Karleigh Washington,Puerto Rico,PR,Corporate
17876,Beatrice Mercer,Puerto Rico,PR,Corporate
17229,Alice Alexander,Puerto Rico,PR,Corporate
15252,Hedwig Branch,Puerto Rico,PR,Corporate
16315,Orli Shelton,Puerto Rico,PR,Corporate
17857,Desiree Hammond,Puerto Rico,PR,Corporate
18271,Karyn Hess,Puerto Rico,PR,Corporate
9947,Mary Smith,Puerto Rico,PR,Corporate
11266,Mary Smith,Puerto Rico,PR,Corporate
17686,Azalia Evans,Puerto Rico,PR,Corporate
15994,Rachel Morton,Puerto Rico,PR,Corporate
15992,Hayfa Hines,Puerto Rico,PR,Corporate
6382,Mary Morales,Puerto Rico,PR,Corporate
20629,Sonia Dias,Puerto Rico,PR,Corporate
15519,Raya Noel,Puerto Rico,PR,Corporate
18660,Tara Pace,Puerto Rico,PR,Corporate
18728,Petra Santiago,Puerto Rico,PR,Corporate
15397,Rebecca Vega,Puerto Rico,PR,Corporate
17173,Jade Patton,Puerto Rico,PR,Corporate
19918,Rowan Horne,Puerto Rico,PR,Corporate
16111,Astra Workman,Puerto Rico,PR,Corporate
20164,Halee Nelson,Puerto Rico,PR,Corporate
20250,Yoko Shannon,Puerto Rico,PR,Corporate
6627,Christina Smith,Puerto Rico,PR,Corporate
6437,Sara Duarte,Puerto Rico,PR,Corporate
4315,Mary Smith,Puerto Rico,PR,Corporate
5508,Mary Marquez,Puerto Rico,PR,Corporate
4773,Andrew Smith,Puerto Rico,PR,Corporate
11003,Mary Clements,Puerto Rico,PR,Corporate
11445,Danielle Smith,Puerto Rico,PR,Corporate
2935,Mary Smith,USA,TN,Consumer
13602,Sheila Yates,USA,NV,Consumer
14744,Germaine Horn,USA,TX,Consumer
14743,Karyn Pace,USA,GA,Consumer
4797,Russell Branch,USA,CA,Consumer
11473,Mary Smith,USA,IL,Consumer
12589,Alfreda Finley,USA,FL,Consumer
12917,Beverly Brady,USA,CA,Consumer
6332,Mary Kelly,USA,CA,Consumer
50,Mary Kim,USA,CA,Consumer
966,Mary Buchanan,USA,CA,Consumer
7817,Mary Smith,USA,IN,Consumer
12030,Linda Smith,USA,CA,Consumer
6933,Grace Smith,USA,MI,Consumer
2690,Mary Gibson,USA,PA,Consumer
7939,Tammy Smith,USA,NY,Consumer
10418,Mary Arroyo,USA,NY,Consumer
2917,Kyle Smith,USA,CA,Consumer
11030,Mary Smith,USA,FL,Consumer
2825,Sarah Smith,USA,MI,Consumer
9826,Mary Gonzalez,USA,CA,Consumer
1855,Mary Smith,USA,CA,Consumer
2931,Carl Smith,USA,TX,Consumer
6530,Mary Elliott,USA,IL,Consumer
179,Mary Rodgers,USA,CA,Consumer
9841,Eugene Rogers,USA,HI,Consumer
12421,Kyle Small,USA,CT,Consumer
4046,Eric Smith,USA,MI,Consumer
8441,Mary Lara,USA,CA,Consumer
7820,John Deleon,USA,FL,Consumer
5411,Robert Crane,USA,CO,Consumer
930,Mary Franco,USA,CA,Consumer
7772,Mary Thompson,USA,NY,Consumer
6420,Jacqueline Mahoney,USA,NC,Consumer
803,James Hartman,USA,FL,Consumer
5903,Virginia Smith,USA,TN,Consumer
141,Mary Mcmahon,USA,NY,Consumer
11125,Edward Fitzgerald,USA,NV,Consumer
5702,Karen Johnson,USA,AZ,Consumer
7205,Maria Jordan,USA,TX,Consumer
7310,Mary Maldonado,USA,MO,Consumer
420,Jose Wright,USA,TX,Consumer
8858,Mary Smith,USA,CA,Consumer
2411,James Smith,USA,KY,Consumer
18053,Rhoda Nixon,USA,CA,Consumer
18088,Fatima Kline,USA,CA,Consumer
18052,Lee Rasmussen,USA,TX,Consumer
19197,Piper Boone,USA,MA,Consumer
19142,Rinah Barrett,USA,OH,Consumer
16626,Carol Sloan,USA,RI,Consumer
16477,Mara Pope,USA,WI,Consumer
16493,Skyler Oneill,USA,CO,Consumer
19258,Hope Ware,USA,MI,Consumer
19167,Abigail Garrett,USA,AZ,Consumer
16581,Meghan Montgomery,USA,NJ,Consumer
16508,Hiroko Deleon,USA,OR,Consumer
19219,Xyla Becker,USA,CA,Consumer
16561,Imani Ryan,USA,ID,Consumer
18809,Quyn Chandler,USA,CA,Consumer
15915,Adele Ward,USA,NY,Consumer
15913,Kay Mosley,USA,WV,Consumer
15697,Karina Hebert,USA,CA,Consumer
15911,Marah Jordan,USA,GA,Consumer
18855,Shaeleigh Guerra,USA,MD,Consumer
18854,Veda Benson,USA,UT,Consumer
15758,Felicia Booth,USA,TX,Consumer
15793,Rae Diaz,USA,FL,Consumer
15828,Jayme Bryan,USA,CA,Consumer
15738,Violet Wall,USA,OR,Consumer
9592,Jacqueline Smith,USA,SC,Consumer
3467,Victoria Smith,USA,CA,Consumer
16039,Fay Morton,USA,CO,Consumer
20461,Mikayla Gilmore,USA,WA,Consumer
17737,Germaine Navarro,USA,IL,Consumer
8083,Marie Figueroa,USA,NY,Consumer
5947,Eric Moyer,USA,AZ,Consumer
17376,Iola Hebert,USA,TX,Consumer
17626,Sloane Cooke,USA,AZ,Consumer
20602,Basia Travis,USA,MI,Consumer
6148,Mary Crawford,USA,CA,Consumer
17464,Daryl Delaney,USA,NC,Consumer
18312,Ariel Berry,USA,TX,Consumer
17936,Moana Jimenez,USA,CA,Consumer
20455,Gillian Dawson,USA,CA,Consumer
17693,Morgan Roberson,USA,CA,Consumer
20597,Deme Holt,USA,NY,Consumer
18415,Blaine Zimmerman,USA,CA,Consumer
20686,Azalia Weiss,USA,CA,Consumer
18414,Ruth Mcclain,USA,MD,Consumer
20379,Yoshi Powers,USA,NY,Consumer
10338,Mary Padilla,USA,IL,Consumer
18882,Rae Carey,USA,FL,Consumer
17742,Melissa Cotton,USA,CA,Consumer
3032,Mary Wilson,USA,NC,Consumer
20646,Larissa Gilmore,USA,NJ,Consumer
18501,Quyn Clemons,USA,MA,Consumer
17365,Myra Roman,USA,CA,Consumer
17981,Clio Richard,USA,CA,Consumer
20700,Lara Buchanan,USA,GA,Consumer
18410,Nell Snider,USA,MI,Consumer
5611,Michael Williamson,USA,VA,Consumer
2726,Barbara Wu,USA,MD,Consumer
15410,Nell Delacruz,USA,IL,Consumer
15355,Olga Merritt,USA,NC,Consumer
15445,Tashya Mccarty,USA,NY,Consumer
15444,Lillith Fischer,USA,KS,Consumer
15335,Carol Whitley,USA,HI,Consumer
15333,Stella Leach,USA,IL,Consumer
15584,Caryn Henson,USA,CA,Consumer
15654,Kendall Morse,USA,NY,Consumer
15508,Jayme Sampson,USA,VA,Consumer
18706,Lilah Levy,USA,ND,Consumer
15648,Allegra Powell,USA,DC,Consumer
10716,John Hubbard,USA,OH,Consumer
2967,Mary Smith,USA,FL,Consumer
3057,Mary Smith,USA,IL,Consumer
669,Mary Valentine,USA,CA,Consumer
5365,Mary Smith,USA,FL,Consumer
10828,Mary Lindsey,USA,FL,Consumer
8631,Mary Richardson,USA,GA,Consumer
10915,Andrew Booth,USA,MA,Consumer
20081,Lacota Valencia,USA,IL,Consumer
16115,Mary Branch,USA,NY,Consumer
20115,Phyllis Sawyer,USA,CA,Consumer
19970,Lillian Harris,USA,CA,Consumer
18625,Callie Barr,USA,MD,Consumer
17078,Gretchen Malone,USA,NC,Consumer
19014,Destiny Ward,USA,WA,Consumer
18906,Ariel Hinton,USA,IL,Consumer
19012,Lael Mosley,USA,TX,Consumer
17075,Iola Mccullough,USA,MA,Consumer
17847,Aimee Peters,USA,IL,Consumer
17883,Florence Skinner,USA,CA,Consumer
18567,Darryl Mullen,USA,CA,Consumer
16251,Shelley Fowler,USA,NJ,Consumer
17828,Madonna Patton,USA,AZ,Consumer
15186,Wynter Noble,USA,KY,Consumer
15150,Hedwig Roman,USA,CA,Consumer
17827,Danielle Fischer,USA,CO,Consumer
18565,Taylor Owens,USA,CA,Consumer
16104,Shafira Harding,USA,OR,Consumer
20357,Phyllis Thomas,USA,MI,Consumer
17177,Kirby Powell,USA,KS,Consumer
20157,Jena Horton,USA,NY,Consumer
18633,Iola Baldwin,USA,CO,Consumer
16154,Ann Kline,USA,NV,Consumer
20190,Maia Sykes,USA,NJ,Consumer
19992,Hedy Osborne,USA,NY,Consumer
18131,Danielle Freeman,USA,CA,Consumer
18084,Zelda Ward,USA,CA,Consumer
19259,Abra Barber,USA,NY,Consumer
19109,Shay Branch,USA,NY,Consumer
18848,Madeson Schwartz,USA,AZ,Consumer
9222,Mary Martinez,USA,NC,Consumer
8301,Michael Smith,USA,MD,Consumer
20409,Felicia Weber,USA,TX,Consumer
11291,Mary Ramirez,USA,NY,Consumer
18313,Madeson Winters,USA,WV,Consumer
18400,Regina Dickson,USA,FL,Consumer
15580,Audrey Valentine,USA,FL,Consumer
10035,Jack Griffith,USA,PA,Consumer
17887,Blythe Trevino,USA,MO,Consumer
18639,Zena Mccoy,USA,FL,Consumer
19957,Tamara Mccall,USA,FL,Consumer
3874,Mary Pham,USA,CA,Consumer
7666,Cynthia Smith,USA,TX,Consumer
4023,Phillip Smith,USA,TX,Consumer
1192,Edward Mccann,USA,PA,Consumer
1494,Rebecca Ortiz,USA,OR,Consumer
1519,Deborah Sharp,USA,CA,Consumer
10112,Barbara Walker,USA,IL,Consumer
3213,Mary Smith,USA,IL,Consumer
7516,Deborah Bennett,USA,WA,Consumer
3988,Mary Smith,USA,MO,Consumer
11334,Benjamin Carroll,USA,MA,Consumer
7682,Mary Smith,USA,NY,Consumer
2167,Roger Williams,USA,CA,Consumer
3322,Joyce Smith,USA,TX,Consumer
3967,Mary Nichols,USA,MN,Consumer
7581,Kevin Smith,USA,NV,Consumer
8728,John Smith,USA,NC,Consumer
11547,Sarah Smith,USA,CA,Consumer
7300,Kyle Rodgers,USA,MA,Consumer
10532,Mary Conner,USA,OH,Consumer
3572,Mary Bennett,USA,WI,Consumer
218,Charles Tyler,USA,CA,Consumer
8353,Mary Mathis,USA,HI,Consumer
9577,Mary Macias,USA,TN,Consumer
1625,Mary Smith,USA,IL,Consumer
12292,Doris May,USA,CA,Consumer
68,Mary Oneal,USA,AZ,Consumer
1322,Aaron Williamson,USA,TN,Consumer
1515,Crystal Peters,USA,NY,Consumer
5669,Mary Smith,USA,CA,Consumer
11396,Elizabeth Smith,USA,OH,Consumer
1313,Terry Lawson,USA,TN,Consumer
4189,Heather Johnson,USA,CA,Consumer
448,Hannah Joseph,USA,CA,Consumer
99,Betty Munoz,USA,NV,Consumer
4217,Paul Doyle,USA,NC,Consumer
8504,Mary Davis,USA,VA,Consumer
9221,Eric Smith,USA,CA,Consumer
48,Mary Cowan,USA,OH,Consumer
2346,Mary Bishop,USA,TX,Consumer
4353,Mary Sutton,USA,NJ,Consumer
1949,Sean Luna,USA,DC,Consumer
3409,Mary Garner,USA,PA,Consumer
8636,Jerry Valentine,USA,NY,Consumer
5899,Mary Hubbard,USA,NY,Consumer
10728,Gloria Smith,USA,NJ,Consumer
11598,Kathy Ward,USA,GA,Consumer
2193,Catherine Smith,USA,IL,Consumer
11638,Ruth Stewart,USA,NY,Consumer
11762,Mary Downs,USA,FL,Consumer
9439,Hannah Smith,USA,SC,Consumer
6077,Carolyn Smith,USA,TN,Consumer
1301,Mary Smith,USA,CA,Consumer
14575,Adele Flowers,USA,CA,Consumer
14111,Molly Gilliam,USA,TX,Consumer
13254,Amity Lucas,USA,CA,Consumer
13470,Ivy Terry,USA,CA,Consumer
14325,Lilah Olson,USA,GA,Consumer
14475,Avye Dorsey,USA,NY,Consumer
14563,Kylie Weber,USA,HI,Consumer
13441,Daryl Odonnell,USA,NY,Consumer
14433,Joan Wyatt,USA,CA,Consumer
13788,Cara Reynolds,USA,MA,Consumer
3245,Rebecca Smith,USA,CA,Consumer
11069,Mary Morton,USA,NY,Consumer
10539,Mary Copeland,USA,CA,Consumer
13957,Bo Harrington,USA,CA,Consumer
9246,Mary Richmond,USA,NC,Consumer
12747,Rosalyn Head,USA,TX,Consumer
14809,Meredith Compton,USA,SC,Consumer
8542,Jane Rich,USA,CA,Consumer
12542,Mallory Ruiz,USA,CA,Consumer
12540,Courtney Serrano,USA,MN,Consumer
12587,Julie Mcclain,USA,TX,Consumer
12898,Chloe Cherry,USA,NJ,Consumer
13127,Katelyn Mcpherson,USA,VA,Consumer
14580,Hillary Travis,USA,LA,Consumer
13060,Minerva Hurley,USA,CA,Consumer
9985,Ronald Hood,USA,PA,Consumer
62,Mary Oneal,USA,NY,Consumer
12721,Gwendolyn Kaufman,USA,CA,Consumer
12586,Cleo Harrison,USA,NJ,Consumer
6438,Peter Smith,USA,OH,Consumer
6676,Daniel Rivera,USA,WI,Consumer
10730,Rachel Blackburn,USA,FL,Consumer
9334,Mary Johnston,USA,FL,Consumer
5758,Jordan Johnson,USA,CA,Consumer
10050,Mary Garcia,USA,NY,Consumer
12098,Ashley Richard,USA,CA,Consumer
9470,Bryan Smith,USA,CA,Consumer
7896,Susan Smith,USA,NY,Consumer
2401,Grace Miles,USA,CA,Consumer
5233,Mary Sandoval,USA,TX,Consumer
747,Mary Dyer,USA,CA,Consumer
18041,Iris Norman,USA,KS,Consumer
19064,Gwendolyn Montgomery,USA,CA,Consumer
19097,Cynthia Pitts,USA,OH,Consumer
6501,Mary Smith,USA,OH,Consumer
7577,Mary Bauer,USA,TX,Consumer
17943,Rebecca Bauer,USA,NM,Consumer
4571,Catherine Roman,USA,CA,Consumer
8064,Richard Rich,USA,CA,Consumer
17458,Abigail Lee,USA,CA,Consumer
17296,Amber Murray,USA,CA,Consumer
2172,Gary Gonzalez,USA,CT,Consumer
20645,Lynn Harvey,USA,CA,Consumer
237,Mary Smith,USA,CA,Consumer
15303,Cassandra Guthrie,USA,CA,Consumer
15528,Gwendolyn Nunez,USA,NM,Consumer
15325,Isabelle Armstrong,USA,FL,Consumer
8389,Amanda Brown,USA,NJ,Consumer
8566,Stephen Lee,USA,NY,Consumer
17528,Tatiana Cantrell,USA,OR,Consumer
16114,Velma Mcguire,USA,NY,Consumer
20346,Kitra Gamble,USA,FL,Consumer
20345,Summer Morse,USA,TX,Consumer
17130,Jolene Contreras,USA,TX,Consumer
16289,Dominique Morrison,USA,NY,Consumer
16249,Jayme Diaz,USA,NY,Consumer
16230,Kelsie Hopkins,USA,CT,Consumer
20010,Kameko Ayers,USA,CA,Consumer
18443,Jemima Grimes,USA,CA,Consumer
15944,Natalie Parks,USA,CA,Consumer
17656,Cally Callahan,USA,CA,Consumer
17674,Willow Johns,USA,NY,Consumer
16296,Mechelle Sharpe,USA,TX,Consumer
19967,Deanna Harrington,USA,CA,Consumer
17053,Galena Erickson,USA,NY,Consumer
9309,Mary Wilson,USA,NJ,Consumer
3386,Justin Smith,USA,TX,Consumer
8040,Mary Smith,USA,CA,Consumer
4918,Mary Gray,USA,NC,Consumer
6534,Mary Smith,USA,OH,Consumer
6938,Kathleen Smith,USA,NM,Consumer
2165,Mary Clark,USA,KY,Consumer
7539,Jonathan Burns,USA,CA,Consumer
4721,Scott Keith,USA,IL,Consumer
3016,Mary Smith,USA,CO,Consumer
5823,Mary Gardner,USA,PA,Consumer
910,Mary Smith,USA,OH,Consumer
9963,Roy Merritt,USA,TX,Consumer
399,Mary Perez,USA,NV,Consumer
9550,Christian Smith,USA,TX,Consumer
7137,Thomas Reyes,USA,CA,Consumer
9996,Mary Garner,USA,CA,Consumer
3118,Mary Francis,USA,NC,Corporate
1256,Rebecca Smith,USA,CA,Corporate
7899,Donald Tran,USA,KY,Corporate
2818,Mary Smith,USA,IN,Corporate
10463,Mary Graham,USA,PA,Corporate
6495,Mary Russell,USA,CA,Corporate
144,David Smith,USA,NY,Corporate
6640,Patricia Gonzalez,USA,OR,Corporate
13292,Katelyn Ware,USA,CA,Corporate
14686,Carly Walker,USA,NY,Corporate
8164,Kathleen Harper,USA,TX,Corporate
13131,Mira Boone,USA,NM,Corporate
13454,Ina Banks,USA,LA,Corporate
14413,Lavinia Petty,USA,CA,Corporate
14520,Hilary Wall,USA,CA,Corporate
13019,Madonna Lopez,USA,TX,Corporate
14181,Blossom Neal,USA,CA,Corporate
13126,Raya Owens,USA,UT,Corporate
14534,Evangeline Combs,USA,NC,Corporate
14659,Whitney Woodward,USA,VA,Corporate
14376,Lilah Gilliam,USA,NM,Corporate
13087,Gemma Brooks,USA,NM,Corporate
14085,Gretchen Duncan,USA,NJ,Corporate
14247,Amena Lawson,USA,MI,Corporate
14457,Erica Davidson,USA,UT,Corporate
13426,September Bentley,USA,CA,Corporate
13389,Echo Wiggins,USA,PA,Corporate
13388,Astra Irwin,USA,CA,Corporate
13118,Sydney Garza,USA,CA,Corporate
14064,Leandra Sullivan,USA,AZ,Corporate
13495,Bethany Sims,USA,FL,Corporate
13530,Faith Knox,USA,NJ,Corporate
14386,Yoshi Whitfield,USA,MA,Corporate
14116,Bertha Love,USA,NJ,Corporate
14186,Azalia Gonzales,USA,CA,Corporate
14114,Hedy Baird,USA,PA,Corporate
14595,Halee Dyer,USA,TX,Corporate
4923,Crystal Smith,USA,IL,Corporate
362,Mary Smith,USA,CA,Corporate
13699,Victoria Leblanc,USA,CA,Corporate
13555,Ocean Jones,USA,TX,Corporate
12761,Cecilia Kramer,USA,DC,Corporate
12815,Alma Day,USA,MI,Corporate
1549,Diane Wiggins,USA,OR,Corporate
13949,Skyler Wall,USA,CA,Corporate
13985,Linda Robinson,USA,OR,Corporate
5057,Angela Lee,USA,IN,Corporate
13876,Kellie Kelley,USA,CA,Corporate
11304,Alexander Campbell,USA,CA,Corporate
13713,Darryl Lynch,USA,WI,Corporate
10985,Samantha Nguyen,USA,OH,Corporate
12775,Amena Alexander,USA,CA,Corporate
13910,Wynter Bryant,USA,CA,Corporate
10266,Scott Randolph,USA,OH,Corporate
14796,Dominique Richard,USA,TX,Corporate
756,Robert Smith,USA,MA,Corporate
12750,Martena Hodge,USA,WI,Corporate
6842,Carol Reese,USA,CA,Corporate
13558,Abigail Carver,USA,CA,Corporate
9672,Carl Jones,USA,ID,Corporate
13539,Delilah Trevino,USA,OH,Corporate
9233,Timothy Wall,USA,IL,Corporate
13556,Eleanor Mcclure,USA,CT,Corporate
10304,Mary Watson,USA,IL,Corporate
11427,Deborah Martin,USA,CA,Corporate
654,Mary Smith,USA,FL,Corporate
12451,Camilla Hopper,USA,CA,Corporate
12629,Nerea Pennington,USA,MD,Corporate
12700,Rama Nieves,USA,CA,Corporate
12482,Mia Sampson,USA,NY,Corporate
12554,Raya Mills,USA,UT,Corporate
12517,Kai Pace,USA,NY,Corporate
12444,Lillian Ryan,USA,MA,Corporate
12569,Ursa Hart,USA,NY,Corporate
12639,Molly Travis,USA,AZ,Corporate
12727,Aspen Velasquez,USA,CT,Corporate
12493,Aubrey Carson,USA,MD,Corporate
12743,Christen Joyner,USA,MD,Corporate
12508,Teegan Maldonado,USA,CA,Corporate
12562,Eugenia Jenkins,USA,TX,Corporate
12454,Iona Waller,USA,CA,Corporate
12544,Jordan Weber,USA,NY,Corporate
12950,Adele Mccormick,USA,CA,Corporate
14972,Evangeline Sanders,USA,CA,Corporate
12927,Patience Gamble,USA,NV,Corporate
12889,Blossom Jennings,USA,SC,Corporate
15107,Nita Oneill,USA,OR,Corporate
7760,Mary Lynch,USA,LA,Corporate
2082,Megan Holland,USA,GA,Corporate
9015,Alice Carroll,USA,FL,Corporate
6381,George Smith,USA,MI,Corporate
10246,Barbara Cameron,USA,NY,Corporate
11831,Jacob Smith,USA,NV,Corporate
11918,Steven Humphrey,USA,NY,Corporate
2024,Harold Bowman,USA,CA,Corporate
157,Catherine Chan,USA,CA,Corporate
5029,Kevin Smith,USA,HI,Corporate
903,Mary Ramirez,USA,CA,Corporate
7238,Mary Smith,USA,HI,Corporate
7332,Mary Herman,USA,WI,Corporate
1217,Robert Compton,USA,IL,Corporate
1866,Jessica Huffman,USA,NY,Corporate
5816,Barbara Smith,USA,IL,Corporate
5512,Timothy Mccormick,USA,NY,Corporate
5428,Mary Smith,USA,WI,Corporate
7085,Sean Thomas,USA,WA,Corporate
11351,Mary Smith,USA,AZ,Corporate
10354,Mary Patel,USA,AZ,Corporate
8568,Catherine Beck,USA,CA,Corporate
4285,Johnny Cox,USA,CA,Corporate
19235,Robin Maddox,USA,NY,Corporate
17471,Zenaida Cabrera,USA,NC,Corporate
20653,Karina Mason,USA,CA,Corporate
1061,Mary Liu,USA,GA,Corporate
18582,Jaquelyn Roach,USA,CA,Corporate
18046,Jaquelyn Navarro,USA,CO,Corporate
18240,Emma Schneider,USA,CA,Corporate
18269,Maile Fisher,USA,KS,Corporate
18268,Vivien Barnett,USA,NY,Corporate
19053,Serina Atkinson,USA,TX,Corporate
16484,Chelsea Workman,USA,IL,Corporate
19050,Martina Robinson,USA,NY,Corporate
19247,Minerva Harrell,USA,NC,Corporate
16402,Kerry Ayala,USA,NY,Corporate
19094,Hadassah Morton,USA,RI,Corporate
19146,Jade Adkins,USA,IL,Corporate
16523,Abigail Mercer,USA,CA,Corporate
15862,Beatrice Pacheco,USA,FL,Corporate
18826,Dawn Cooper,USA,FL,Corporate
15716,Kelsie Ferrell,USA,RI,Corporate
15860,Charity Sandoval,USA,NJ,Corporate
15858,Tamara Foreman,USA,GA,Corporate
18750,Moana Solis,USA,CA,Corporate
15888,Kylynn French,USA,FL,Corporate
18816,Cara Mathis,USA,TX,Corporate
8035,Mark Andrews,USA,CA,Corporate
9460,Patrick Smith,USA,OH,Corporate
17327,Geraldine Cotton,USA,CA,Corporate
20626,Sloane Guerrero,USA,CA,Corporate
20464,Daryl Kinney,USA,NV,Corporate
20445,Cassandra Valdez,USA,UT,Corporate
6042,Mary Smith,USA,TX,Corporate
17905,Diana Wyatt,USA,CT,Corporate
18317,Clementine Rosario,USA,HI,Corporate
16002,Carissa Potts,USA,IL,Corporate
18877,Pandora Wolf,USA,MO,Corporate
17343,Emma Will,USA,AZ,Corporate
15965,Vivian Trujillo,USA,NY,Corporate
8449,Mary Smith,USA,FL,Corporate
18297,Leandra Neal,USA,VA,Corporate
18332,Heidi Williams,USA,OR,Corporate
20711,Anastasia Moses,USA,GA,Corporate
16034,Harriet David,USA,AZ,Corporate
16016,Alexa Andrews,USA,IL,Corporate
15998,Tamara Scott,USA,VA,Corporate
20728,Hedda Beck,USA,CA,Corporate
17501,Roanna Grant,USA,MI,Corporate
20601,Aphrodite Grant,USA,DC,Corporate
17462,Martina Rice,USA,NM,Corporate
2832,Angela Smith,USA,HI,Corporate
20472,Mechelle Matthews,USA,TX,Corporate
18023,Abigail Fitzpatrick,USA,GA,Corporate
17951,Madonna Sexton,USA,IL,Corporate
20525,Minerva Porter,USA,OH,Corporate
15938,Kim Rodriguez,USA,CA,Corporate
8956,Jose Miller,USA,KS,Corporate
16010,Sarah Adkins,USA,UT,Corporate
466,Mary Savage,USA,NY,Corporate
17984,Chelsea Johns,USA,WV,Corporate
17512,September Rhodes,USA,CA,Corporate
1376,Mary Austin,USA,NY,Corporate
8601,Mary Campbell,USA,FL,Corporate
20627,Ora Bates,USA,DC,Corporate
12148,Andrea Martin,USA,AZ,Corporate
15395,Chava Carrillo,USA,IL,Corporate
15646,Martha Hood,USA,CA,Corporate
15609,Bertha Lowery,USA,CA,Corporate
15375,Mari Beach,USA,PA,Corporate
15478,Linda Workman,USA,FL,Corporate
15658,Karleigh Conley,USA,NJ,Corporate
18673,Kevyn Christensen,USA,CA,Corporate
15546,Rhonda Kim,USA,PA,Corporate
18688,Robin Welch,USA,CA,Corporate
15562,Hiroko Hart,USA,CA,Corporate
18723,Patience Blake,USA,CA,Corporate
15651,Sybill Solis,USA,TX,Corporate
15416,Camilla Guerrero,USA,GA,Corporate
4365,Mary Young,USA,CA,Corporate
721,Catherine Thompson,USA,SC,Corporate
17592,Katelyn Chapman,USA,NC,Corporate
19793,Katelyn Kim,USA,OH,Corporate
16314,Pascale Russell,USA,FL,Corporate
18947,Ursa Ramsey,USA,OR,Corporate
17782,Mariko Phillips,USA,AZ,Corporate
19953,Oprah Chavez,USA,CO,Corporate
17171,Eugenia Slater,USA,CA,Corporate
20223,Abra Malone,USA,AZ,Corporate
17853,Astra Alexander,USA,IL,Corporate
17080,Audrey Moss,USA,PA,Corporate
20238,Violet Oneill,USA,CA,Corporate
17132,Laurel Guthrie,USA,CA,Corporate
19806,Katell Wolf,USA,TX,Corporate
20022,Xandra Mckay,USA,NY,Corporate
19931,Remedios Hardin,USA,MI,Corporate
20165,Rama Daniels,USA,NY,Corporate
20021,Basia Norris,USA,CA,Corporate
15172,Sierra Hawkins,USA,MI,Corporate
16236,Karyn Huff,USA,MD,Corporate
19787,Shelley Robles,USA,NJ,Corporate
19768,Jenette Jacobs,USA,CA,Corporate
18941,Shellie Hartman,USA,TX,Corporate
17094,Nerea Chandler,USA,TX,Corporate
18569,Quin Hale,USA,DC,Corporate
16361,Sloane Watts,USA,NY,Corporate
20019,Raya Bray,USA,CA,Corporate
15259,Carla Webster,USA,IL,Corporate
19998,Lani Edwards,USA,CA,Corporate
20016,Lacy Morrow,USA,PA,Corporate
18899,Tallulah Holt,USA,CA,Corporate
15146,Shana Elliott,USA,NM,Corporate
16336,Xerxes Gay,USA,IL,Corporate
20283,Kelsie Singleton,USA,GA,Corporate
15289,Mary Byrd,USA,CA,Corporate
18561,Nyssa Pace,USA,CO,Corporate
18915,Hedda Anderson,USA,CA,Corporate
16334,Morgan Mayo,USA,WV,Corporate
16100,Deborah Grimes,USA,VA,Corporate
17858,Ginger Matthews,USA,CA,Corporate
15251,Alea Vasquez,USA,NJ,Corporate
273,Benjamin Smith,USA,NY,Corporate
3805,Melissa Smith,USA,MA,Corporate
677,Justin Nguyen,USA,IL,Corporate
4004,Paul Erickson,USA,CA,Corporate
3007,Jessica Shannon,USA,IL,Corporate
7773,Andrea Diaz,USA,WI,Corporate
4577,Scott Hudson,USA,VA,Corporate
11022,Carolyn Peck,USA,NY,Corporate
11577,Mary Smith,USA,MI,Corporate
885,Donna Powell,USA,VA,Corporate
11152,Mary Smith,USA,IL,Corporate
11854,Evelyn Smith,USA,NY,Corporate
10004,Kimberly Smith,USA,MI,Corporate
12353,Mary Ramirez,USA,FL,Corporate
9873,Theresa Padilla,USA,VA,Corporate
2206,Mary Peters,USA,CA,Corporate
11188,Rebecca White,USA,NY,Corporate
3564,William Smith,USA,NV,Corporate
7275,Mary Roach,USA,MT,Corporate
6026,Diana Smith,USA,NV,Corporate
10058,Elizabeth Proctor,USA,PA,Corporate
4271,Andrea Alexander,USA,CA,Corporate
11467,Hannah Smith,USA,CA,Corporate
4886,Angela Moore,USA,NJ,Corporate
8894,Laura Washington,USA,CA,Corporate
9064,Mary Mcmahon,USA,PA,Corporate
14620,Demetria Fisher,USA,CA,Corporate
14581,Anika Estrada,USA,AZ,Corporate
14136,Jolene Ford,USA,CA,Corporate
13439,Whitney Wiley,USA,MI,Corporate
7131,Mary Walton,USA,CA,Corporate
9566,Mary Smith,USA,CA,Corporate
13874,Lacy Erickson,USA,AZ,Corporate
14034,Eugenia Mcdowell,USA,NY,Corporate
12820,Daria Washington,USA,NV,Corporate
3991,Kevin Mitchell,USA,NJ,Corporate
12537,Aspen Mcgee,USA,MA,Corporate
14693,Azalia Mccray,USA,WI,Corporate
5734,Mary Stanley,USA,FL,Corporate
3651,Mary Sanders,USA,TX,Corporate
8036,Howard Smith,USA,CA,Corporate
18227,Whoopi Mcclain,USA,CA,Corporate
18110,Maggie Day,USA,OH,Corporate
16628,Xena Perez,USA,NY,Corporate
19080,Quincy Whitney,USA,NY,Corporate
19240,Gwendolyn Tate,USA,AZ,Corporate
18807,Jane Velez,USA,CA,Corporate
11205,Mary Harris,USA,FL,Corporate
17525,Minerva Morrison,USA,NY,Corporate
17283,Kelsie Golden,USA,TN,Corporate
17658,Jennifer Schultz,USA,CA,Corporate
17298,Moana Huff,USA,GA,Corporate
6062,Thomas Mejia,USA,GA,Corporate
17553,Jillian Mason,USA,NY,Corporate
17532,Dominique Miles,USA,CA,Corporate
20333,Rhonda Lott,USA,FL,Corporate
15268,Vivien Becker,USA,HI,Corporate
20338,Heidy Hester,USA,IL,Corporate
20028,Gwendolyn Hood,USA,OR,Corporate
17479,Selma Simpson,USA,IL,Corporate
17478,Ingrid Hopper,USA,NY,Corporate
5080,Mary Smith,USA,TX,Corporate
1041,Karen Coleman,USA,CA,Corporate
7556,Samantha Davis,USA,NY,Corporate
6189,Mary Smith,USA,CA,Corporate
11051,Edward Horn,USA,CA,Corporate
10394,Mary Smith,USA,IL,Corporate
6841,Linda Fisher,USA,CA,Corporate
2599,Mary Smith,USA,CA,Corporate
13109,Anika Chaney,USA,CA,Corporate
13162,Ora Ward,USA,HI,Corporate
13036,Roanna Morse,USA,OR,Corporate
13161,Sloane Justice,USA,CA,Corporate
14622,Mary Page,USA,CA,Corporate
14355,Tatyana Abbott,USA,TX,Corporate
14493,Christen Chang,USA,UT,Corporate
12975,Ciara Walter,USA,CA,Corporate
14098,September Leonard,USA,NY,Corporate
12988,Orli Waters,USA,CA,Corporate
12970,Yeo Norman,USA,CA,Corporate
13608,Natalie Miranda,USA,IL,Corporate
14787,Eve Wooten,USA,TX,Corporate
13768,Amela Glover,USA,MD,Corporate
14786,Chava Montgomery,USA,CT,Corporate
2503,Ryan Perkins,USA,CA,Corporate
12757,Hope Scott,USA,MI,Corporate
11779,John Hudson,USA,CA,Corporate
13817,Margaret Ross,USA,CA,Corporate
5597,Robert Irwin,USA,KS,Corporate
13682,Carly Mueller,USA,WA,Corporate
12339,William Smith,USA,HI,Corporate
12595,Chantale Church,USA,NY,Corporate
12694,Mikayla Velazquez,USA,PA,Corporate
12655,Sheila Harrington,USA,CO,Corporate
12438,Filipe Godinho,USA,CO,Corporate
12953,Karina Ware,USA,NY,Corporate
15118,Nadine Bray,USA,OR,Corporate
15095,Sylvia Johnston,USA,MD,Corporate
12944,Felicia Scott,USA,CA,Corporate
15089,Gemma Pruitt,USA,GA,Corporate
14304,Constance Hebert,USA,NY,Corporate
2369,Deborah Reid,USA,OH,Corporate
12756,Sacha Rhodes,USA,IL,Corporate
12501,Brenna Hardy,USA,NJ,Corporate
12608,Shay Frazier,USA,CA,Corporate
12669,Carolyn Simpson,USA,AZ,Corporate
10199,Susan Rhodes,USA,FL,Corporate
1945,Michael Mullins,USA,NY,Corporate
11483,Zachary Manning,USA,NJ,Corporate
18096,Sonia Mcke,USA,MD,Corporate
18091,Aphrodite Reynolds,USA,CA,Corporate
18160,Cora Franco,USA,LA,Corporate
18067,Sheila Gilbert,USA,TX,Corporate
19195,Mikayla Morin,USA,AZ,Corporate
16392,Lacey Luna,USA,GA,Corporate
16391,September Maldonado,USA,NY,Corporate
19117,Lacota Mcdowell,USA,CA,Corporate
19045,Jordan Larson,USA,CA,Corporate
19099,Aileen Mendez,USA,IL,Corporate
16597,Venus Mayer,USA,IL,Corporate
19055,Raya Baker,USA,CA,Corporate
18772,Penelope Herman,USA,CA,Corporate
15840,Hermione Herring,USA,TX,Corporate
15874,Cherokee Grant,USA,HI,Corporate
17417,Deanna Yang,USA,CA,Corporate
17740,Aphrodite Hopper,USA,NM,Corporate
18391,Irma Pena,USA,CA,Corporate
15,Jane Luna,USA,CA,Corporate
17486,Christen Delaney,USA,PA,Corporate
17921,Tamara Haney,USA,CA,Corporate
17485,Harriet Patton,USA,IL,Corporate
17299,Orli Lambert,USA,CA,Corporate
15975,Naida Sharpe,USA,DC,Corporate
20416,Deysi Dean,USA,TX,Corporate
17386,Carolyn Camacho,USA,PA,Corporate
18522,Ila Callahan,USA,CA,Corporate
20649,Renee Fernandez,USA,MD,Corporate
17966,Quail Byrd,USA,CA,Corporate
20720,Brie Potter,USA,TX,Corporate
11746,Frances Smith,USA,CA,Corporate
18500,Justina Turner,USA,IL,Corporate
20681,Helen Hewitt,USA,CA,Corporate
15484,Signe Henson,USA,CA,Corporate
15537,India Slater,USA,CA,Corporate
18698,Cheyenne Knowles,USA,OR,Corporate
15620,Sheila Norman,USA,OK,Corporate
15600,Iola Sampson,USA,RI,Corporate
15453,Xantha Nieves,USA,NJ,Corporate
18720,Alika Schwartz,USA,VA,Corporate
17534,Harriet Warner,USA,PA,Corporate
17603,Constance Alvarado,USA,FL,Corporate
17598,Winifred Maddox,USA,TN,Corporate
17238,Violet Hester,USA,NM,Corporate
16324,Ori Zimmerman,USA,FL,Corporate
18585,Eden Martin,USA,NY,Corporate
20069,Shay Garner,USA,NY,Corporate
19796,Alisa Rutledge,USA,CA,Corporate
16136,Quemby Wolfe,USA,NV,Corporate
20137,Rina Chaney,USA,NY,Corporate
20119,Jael Huber,USA,NV,Corporate
19812,Carolyn Leon,USA,CA,Corporate
19159,Roary Kirk,USA,NY,Corporate
19194,Karleigh Tran,USA,CA,Corporate
16605,Aphrodite Dickson,USA,IL,Corporate
15884,Danielle Lopez,USA,IL,Corporate
17630,Myra Cardenas,USA,CA,Corporate
17647,Zenaida Garrett,USA,CA,Corporate
18421,Hannah Mclaughlin,USA,CA,Corporate
20474,Quin Aguilar,USA,OH,Corporate
15408,Noelle Sampson,USA,TN,Corporate
15473,Teegan Brandy,USA,TX,Corporate
20135,Jaquelyn Huffman,USA,TX,Corporate
17119,Jael Clemons,USA,GA,Corporate
20097,Fiona Berg,USA,CA,Corporate
20258,Felicia Roberts,USA,MA,Corporate
20000,Justina Weiss,USA,CA,Corporate
17160,Lenore Richards,USA,TX,Corporate
18578,Dorothy Workman,USA,CA,Corporate
17839,Jolene Hood,USA,DE,Corporate
2898,Christine Smith,USA,CA,Corporate
2438,Mary Ford,USA,NY,Corporate
3512,Jennifer Smith,USA,CA,Corporate
11754,Aaron Smith,USA,MI,Corporate
2489,Amanda Smith,USA,TX,Corporate
2730,Mary Baldwin,USA,NY,Corporate
10968,Diana Smith,USA,IL,Corporate
741,Johnny Medina,USA,NY,Corporate
4774,Mary Martinez,USA,HI,Corporate
11234,Martha Smith,USA,MD,Corporate
3324,Mary Smith,USA,CO,Corporate
8387,Richard Fuentes,USA,HI,Corporate
699,Raymond Richards,USA,TX,Corporate
8402,Mary King,USA,NY,Corporate
2340,Margaret Cooley,USA,CO,Corporate
9914,Jose York,USA,NY,Corporate
14540,Iris Holt,USA,OH,Corporate
13293,Nell Reed,USA,TX,Corporate
13041,Imani Miles,USA,NY,Corporate
13491,Claudia Stanton,USA,TX,Corporate
14486,Selma Rivas,USA,PA,Corporate
14076,Shay Burris,USA,CA,Corporate
13274,Frances Cannon,USA,IL,Corporate
14521,Kelsie Dale,USA,CA,Corporate
13346,Ivory Mclean,USA,OH,Corporate
14611,Shafira Ashley,USA,TX,Corporate
14610,Constance Howe,USA,NY,Corporate
14217,Rosalyn Morrison,USA,CA,Corporate
13289,Stacey Luna,USA,CA,Corporate
14379,Rose Skinner,USA,MD,Corporate
14410,Mara Jimenez,USA,IL,Corporate
14144,Rina Rosales,USA,TX,Corporate
13360,Iona Strickland,USA,OR,Corporate
14324,Ella Langley,USA,MI,Corporate
14606,Carol Booker,USA,MI,Corporate
14250,Hillary Cleveland,USA,DE,Corporate
14088,Lacota Macias,USA,NC,Corporate
14479,Mechelle Byrd,USA,OH,Corporate
14640,Maite Sparks,USA,MI,Corporate
13393,Ginger Daniels,USA,CA,Corporate
14357,Olga Buck,USA,CO,Corporate
14460,Orli Farley,USA,CA,Corporate
13446,Alyssa Fulton,USA,CA,Corporate
14212,Maya Goff,USA,AZ,Corporate
14248,Zoe Fernandez,USA,IL,Corporate
14673,Desiree Huff,USA,NJ,Corporate
14618,Astra Hurley,USA,CA,Corporate
14100,Rebekah Velasquez,USA,MI,Corporate
14388,Gillian Rowe,USA,MD,Corporate
13082,Maisie Bowen,USA,MI,Corporate
13099,Sade Ross,USA,CA,Corporate
14279,Farrah Villarreal,USA,OK,Corporate
14652,Lynn Montgomery,USA,CA,Corporate
13368,Geraldine Collins,USA,OH,Corporate
13296,Donna Carpenter,USA,TX,Corporate
14224,Roanna Velasquez,USA,FL,Corporate
14651,Ila Pope,USA,CA,Corporate
13456,Tamara Beard,USA,MA,Corporate
14150,Katelyn Burris,USA,IL,Corporate
14523,Alexa Monroe,USA,TX,Corporate
13438,Quemby Shepherd,USA,CA,Corporate
13366,Deirdre Dotson,USA,CA,Corporate
5420,Dylan Hicks,USA,MI,Corporate
14843,Xerxes Clarke,USA,CA,Corporate
13716,Dorothy Woodward,USA,CA,Corporate
13589,Kitra Blackburn,USA,VA,Corporate
13661,Carol Chambers,USA,AZ,Corporate
12759,Jaquelyn Johnston,USA,NY,Corporate
13966,McKenzie Hull,USA,PA,Corporate
13570,Sloane Rojas,USA,CA,Corporate
13623,Fatima Craig,USA,CT,Corporate
10947,Eric Smith,USA,NJ,Corporate
13982,Yoshi Farrell,USA,CA,Corporate
14909,Contreras ,USA,IL,Corporate
13675,Veronica Medina,USA,IL,Corporate
14747,Aphrodite Castaneda,USA,CA,Corporate
12773,Violet Hernandez,USA,CT,Corporate
14872,Maggie Strickland,USA,NM,Corporate
14781,Patience Terry,USA,NY,Corporate
13673,Kevyn Watson,USA,TX,Corporate
14907,Xerxes Villarreal,USA,MI,Corporate
13960,Xantha Sanders,USA,CA,Corporate
13726,Hollee Jenkins,USA,VA,Corporate
14708,Sybil Clarke,USA,SC,Corporate
13797,Nita Mcmillan,USA,CA,Corporate
13563,Rhoda Burris,USA,IL,Corporate
14779,Madeline Griffin,USA,OK,Corporate
13959,Nevada Travis,USA,CA,Corporate
13688,Robin Wheeler,USA,NY,Corporate
10064,Mary Wood,USA,WA,Corporate
8700,Mary Smith,USA,WI,Home Office
5666,Katherine Martin,Puerto Rico,PR,Consumer
11270,Vincent Harris,USA,NY,Consumer
4720,Carolyn Smith,Puerto Rico,PR,Consumer
1055,Mary Smith,USA,TX,Home Office
7076,Mary Olson,USA,CA,Home Office
10964,Mary Morgan,USA,OR,Home Office
8781,Mary Chan,USA,FL,Home Office
4115,Bobby Mcgee,USA,IL,Home Office
11454,Ethan Wells,USA,FL,Home Office
2949,Shawn Ross,USA,PA,Consumer
441,Aaron Riddle,USA,NY,Home Office
7679,Mary Bruce,Puerto Rico,PR,Consumer
8195,Jennifer Smith,Puerto Rico,PR,Consumer
9411,Nicole Gentry,USA,NY,Home Office
11899,Mary Taylor,USA,MI,Consumer
8443,Margaret Jones,Puerto Rico,PR,Consumer
11341,Mary Meyer,Puerto Rico,PR,Consumer
12391,Evelyn Lewis,Puerto Rico,PR,Home Office
4442,Joshua Davis,Puerto Rico,PR,Corporate
1413,Mary Mcguire,USA,IL,Home Office
9184,Jeffrey Rodriguez,Puerto Rico,PR,Home Office
11070,Beverly Hardin,Puerto Rico,PR,Corporate
11990,Linda Obrien,USA,FL,Home Office
9472,Thomas Jimenez,USA,CA,Home Office
4647,Mary Smith,Puerto Rico,PR,Consumer
10276,Mary Gutierrez,USA,NY,Home Office
5808,Amanda Smith,USA,CO,Home Office
1990,Kathryn Smith,USA,AZ,Home Office
4077,Amy Smith,USA,CA,Consumer
8166,Patricia Smith,USA,IL,Home Office
7089,Grace Snyder,Puerto Rico,PR,Consumer
9911,Mary Smith,Puerto Rico,PR,Consumer
6531,Sara Smith,USA,CA,Consumer
12144,Mary Gallegos,USA,CA,Consumer
12003,Mary Smith,USA,CA,Home Office
4904,Bruce Smith,USA,NJ,Home Office
6427,Nicholas Strickland,USA,NJ,Home Office
8044,Richard Smith,USA,MD,Home Office
8626,Scott Vega,USA,IN,Home Office
8881,Mary Weeks,Puerto Rico,PR,Consumer
2209,Emma Ramos,Puerto Rico,PR,Consumer
4586,Mary Bryant,USA,OH,Consumer
2754,Mary Rich,USA,CA,Home Office
4702,Mary Smith,USA,CA,Home Office
12357,Harry Smith,USA,NJ,Consumer
2279,Olivia Burns,Puerto Rico,PR,Home Office
6502,Linda Trujillo,Puerto Rico,PR,Home Office
6930,Paul Morton,USA,HI,Home Office
8869,Thomas Lambert,Puerto Rico,PR,Consumer
11951,Steven Benton,USA,MI,Home Office
457,Mary Smith,USA,NY,Home Office
5404,Sara Castillo,Puerto Rico,PR,Consumer
1857,Mary Smith,Puerto Rico,PR,Consumer
11949,Mary Smith,USA,LA,Home Office
3775,John Johnson,USA,OH,Home Office
11732,Mary Johnson,Puerto Rico,PR,Consumer
11644,Mildred Smith,Puerto Rico,PR,Consumer
2868,Mary Castillo,USA,GA,Home Office
3082,Mary Smith,USA,MO,Home Office
114,Alice Warner,USA,CA,Home Office
3827,Mary Smith,Puerto Rico,PR,Corporate
12028,Steven Smith,USA,NJ,Home Office
2954,Jordan Smith,USA,WV,Home Office
2993,Mildred Clark,USA,GA,Consumer
3801,Mary Hendrix,Puerto Rico,PR,Consumer
7953,Mary Brown,Puerto Rico,PR,Consumer
538,Joshua Livingston,USA,CA,Consumer
1838,Angela Smith,USA,CA,Home Office
9302,Melissa Smith,Puerto Rico,PR,Consumer
2231,Mary Freeman,USA,MO,Home Office
10991,Mary Smith,USA,TX,Consumer
7075,Frank Smith,USA,CA,Home Office
5949,Ryan Howell,USA,CA,Consumer
6355,Kelly Bradley,Puerto Rico,PR,Home Office
4992,Grace Smith,Puerto Rico,PR,Consumer
9729,Mary Smith,USA,DC,Home Office
3952,Shawn Tucker,USA,AZ,Home Office
10617,Ruth Smith,USA,NY,Home Office
3581,Mary Pugh,Puerto Rico,PR,Consumer
10578,Karen Smith,Puerto Rico,PR,Consumer
11902,Catherine Tucker,Puerto Rico,PR,Corporate
7717,Terry Smith,USA,NJ,Home Office
11095,Mary Smith,USA,CA,Consumer
9343,Mary Knapp,USA,KS,Consumer
2689,Matthew Smith,Puerto Rico,PR,Consumer
502,Jennifer May,USA,NY,Home Office
6772,Doris Smith,Puerto Rico,PR,Consumer
10543,Jonathan Smith,USA,OH,Home Office
12145,Joyce Smith,Puerto Rico,PR,Consumer
6953,Benjamin Smith,USA,NY,Home Office
1832,Mary Valenzuela,Puerto Rico,PR,Consumer
10496,Mary Smith,USA,WA,Home Office
6747,Kathy Simpson,USA,CA,Home Office
10227,Mary Henderson,Puerto Rico,PR,Corporate
2423,Dennis Smith,Puerto Rico,PR,Home Office
8069,Tiffany Mcdaniel,USA,MI,Home Office
4009,Mary Ayers,USA,IL,Consumer
4984,Mary Smith,USA,PA,Home Office
8001,Mary Smith,USA,TX,Home Office
12172,Sara Smith,USA,CO,Home Office
2678,Johnny Robinson,USA,CA,Home Office
6782,Raymond Vaughn,USA,OR,Consumer
4536,Mary Griffin,Puerto Rico,PR,Consumer
470,Mary Cannon,USA,NY,Consumer
80,Joe Parsons,Puerto Rico,PR,Corporate
6021,Janice Harrison,USA,CA,Consumer
10210,Patricia Wilkins,USA,CA,Home Office
6088,Mary Brooks,Puerto Rico,PR,Home Office
11919,Bobby Smith,USA,NY,Home Office
2810,Mary Ross,Puerto Rico,PR,Consumer
4457,Roger Smith,Puerto Rico,PR,Consumer
9777,Mary Reynolds,Puerto Rico,PR,Consumer
12016,Mary Smith,Puerto Rico,PR,Corporate
4598,Gloria Castro,USA,CO,Consumer
8823,Rose Griffith,USA,CA,Home Office
12260,Melissa Smith,USA,MI,Home Office
2713,Grace Mcbride,Puerto Rico,PR,Consumer
4243,Mary Smith,Puerto Rico,PR,Consumer
1510,Mary Smith,Puerto Rico,PR,Consumer
7144,Douglas Haley,USA,NY,Home Office
8699,Joyce Pratt,Puerto Rico,PR,Corporate
9435,Mary Garcia,USA,CA,Home Office
11164,Mary Bautista,USA,CA,Home Office
2115,Mary Brady,Puerto Rico,PR,Consumer
865,Mary Smith,Puerto Rico,PR,Consumer
9714,Patricia Tate,USA,WA,Home Office
9167,Mary Smith,USA,PA,Consumer
12156,Mary Lee,Puerto Rico,PR,Consumer
3950,John Duffy,USA,PA,Home Office
5675,Mary Juarez,Puerto Rico,PR,Consumer
8439,Mary Smith,USA,CA,Consumer
11579,Mary Contreras,USA,OH,Home Office
3061,Crystal Ford,USA,CA,Home Office
2987,James Smith,Puerto Rico,PR,Corporate
11482,Mary Smith,Puerto Rico,PR,Home Office
4198,Tammy Guzman,USA,CA,Home Office
5680,Laura Young,USA,CA,Home Office
7299,James Burns,Puerto Rico,PR,Consumer
7399,Mary Valdez,USA,CA,Home Office
10175,Michael Gibson,USA,NY,Home Office
1905,Mary Hart,USA,IL,Home Office
607,Richard Reed,Puerto Rico,PR,Consumer
10120,Mary Oneill,USA,CA,Home Office
876,Andrea Smith,USA,CO,Home Office
9291,Charles Mueller,Puerto Rico,PR,Consumer
1241,Jeffrey Smith,Puerto Rico,PR,Corporate
9677,Mary Brennan,USA,CA,Home Office
2888,Lauren Ibarra,Puerto Rico,PR,Consumer
10108,Jose Smith,USA,TX,Home Office
5114,Mary Smith,USA,TX,Consumer
4549,Mary Jones,Puerto Rico,PR,Consumer
9708,Cynthia Smith,USA,CA,Home Office
9701,Lisa Allen,USA,OH,Home Office
11154,Pamela Dickerson,USA,CA,Home Office
2215,Karen Ferguson,USA,CA,Home Office
5683,Rachel Smith,USA,OH,Home Office
5346,John Carlson,Puerto Rico,PR,Corporate
925,Mary Smith,Puerto Rico,PR,Consumer
3517,Mary Russell,USA,NJ,Consumer
6946,Richard Sanchez,Puerto Rico,PR,Corporate
11055,Mary Smith,USA,WA,Home Office
5750,Willie Brown,USA,NY,Consumer
12170,Matthew Smith,Puerto Rico,PR,Consumer
3072,Brandon Smith,USA,VA,Consumer
4152,Deborah Martinez,USA,NY,Consumer
2866,Jerry Smith,Puerto Rico,PR,Consumer
1501,Mary Smith,USA,IL,Consumer
5489,Teresa Smith,Puerto Rico,PR,Consumer
3504,Mary Salinas,Puerto Rico,PR,Corporate
7387,Mary Montgomery,USA,AZ,Home Office
422,Deborah Moore,Puerto Rico,PR,Consumer
9394,Nancy Smith,USA,CA,Home Office
12130,Brian Watts,USA,SC,Home Office
5871,Cynthia Jordan,USA,NY,Home Office
748,Olivia Smith,USA,TX,Home Office
1571,Betty Bishop,Puerto Rico,PR,Consumer
5878,Sharon Smith,Puerto Rico,PR,Consumer
3413,Mary Underwood,USA,CA,Home Office
7349,Cynthia Walker,Puerto Rico,PR,Corporate
8464,Mary Knight,USA,PA,Home Office
359,Mary Pena,Puerto Rico,PR,Consumer
1430,Henry Smith,USA,PA,Home Office
9297,Mary Horne,USA,CA,Home Office
10329,Shawn Forbes,Puerto Rico,PR,Consumer
11376,Charles Mason,USA,TX,Home Office
1452,Jennifer Smith,USA,NJ,Home Office
3929,Amanda Levy,USA,MA,Home Office
2593,Mary Nichols,USA,NJ,Home Office
8482,Julie Cole,USA,AZ,Consumer
10322,Mary Harrison,USA,NV,Consumer
8896,James Dunn,USA,IL,Home Office
4425,Robert Gibson,Puerto Rico,PR,Consumer
9864,Mary Mullins,USA,IL,Consumer
889,James Sanders,USA,CA,Home Office
894,Mary Sawyer,Puerto Rico,PR,Consumer
5569,Katherine Austin,USA,CA,Home Office
8312,Amber Farrell,USA,IL,Home Office
1286,Nathan Smith,USA,NV,Home Office
11677,Christine Smith,USA,AZ,Home Office
7244,Jeremy Washington,USA,TX,Home Office
5653,Jean Schultz,USA,SC,Home Office
1569,Jesse Hutchinson,USA,CA,Home Office
7595,Mary Meyer,USA,PA,Home Office
5164,Teresa Vazquez,USA,LA,Home Office
8178,Mary Barnes,USA,TN,Home Office
7190,Mary Mckinney,Puerto Rico,PR,Consumer
5775,Joyce Garcia,USA,CA,Home Office
8706,Jennifer Morse,USA,FL,Home Office
8467,Kenneth Tran,USA,TN,Home Office
1885,Mary Norman,USA,SC,Home Office
11184,Jennifer Kelly,USA,CA,Consumer
12347,Ralph Preston,USA,CA,Home Office
13,Mary Baldwin,Puerto Rico,PR,Home Office
11738,Samuel Bryan,Puerto Rico,PR,Corporate
3216,Roy Watts,USA,NJ,Home Office
3522,Adam Smith,Puerto Rico,PR,Consumer
2040,Susan Smith,Puerto Rico,PR,Consumer
6591,Lauren Smith,USA,PA,Home Office
7166,Mary Smith,USA,CA,Home Office
8803,Mary Smith,Puerto Rico,PR,Consumer
4677,Timothy Smith,USA,FL,Home Office
3907,Gary Gomez,Puerto Rico,PR,Corporate
1943,Harry Schaefer,USA,MD,Home Office
7524,Mary Smith,USA,IL,Home Office
512,Mary Harris,USA,CA,Consumer
7671,Marilyn Espinoza,Puerto Rico,PR,Corporate
5668,Christina Hawkins,Puerto Rico,PR,Consumer
4319,Melissa Smith,USA,FL,Consumer
6219,Walter Simon,Puerto Rico,PR,Consumer
4000,Mary Ford,USA,TN,Consumer
9365,Kathy Smith,USA,OH,Home Office
7317,Mary Smith,Puerto Rico,PR,Consumer
8337,Kathy Jenkins,USA,IL,Home Office
3470,Carolyn Petersen,USA,IL,Home Office
372,Mary Smith,Puerto Rico,PR,Home Office
2679,Mary Smith,USA,TX,Home Office
311,Michael Townsend,USA,TX,Home Office
11514,Shirley Carlson,USA,FL,Home Office
11785,Stephanie Beasley,USA,OH,Home Office
2427,Susan Romero,USA,NY,Home Office
9012,Pamela Gonzalez,USA,CA,Home Office
20756,Cherokee Callahan,USA,IL,Corporate
19767,Lee Pruitt,USA,NY,Corporate
19766,Kelsie Wiley,Puerto Rico,PR,Consumer
19765,Athena Rosa,USA,CT,Corporate
19764,Hedda Hewitt,USA,NY,Corporate
19763,Deborah Morales,USA,GA,Consumer
19762,Quon Montoya,Puerto Rico,PR,Consumer
19761,Danielle Faulkner,USA,TX,Home Office
19760,Eden Oneil,Puerto Rico,PR,Home Office
19759,Ayanna Phelps,Puerto Rico,PR,Home Office
19758,Holly Park,USA,FL,Home Office
19757,Nora Graves,Puerto Rico,PR,Home Office
19756,Brianna Ayers,USA,NV,Home Office
19755,Amity Maxwell,USA,AZ,Home Office
19754,Ulla Russo,Puerto Rico,PR,Home Office
19753,Emily Walker,USA,FL,Corporate
19752,Maggy Vargas,USA,MA,Corporate
19751,Camille Holt,Puerto Rico,PR,Corporate
19750,Elaine Finch,USA,PA,Consumer
19749,Ivory Hester,Puerto Rico,PR,Corporate
19748,Brianna Ferrell,USA,MI,Home Office
19747,Anastasia Peterson,USA,CA,Home Office
19746,Maia Hopkins,Puerto Rico,PR,Corporate
19745,Willow Ryan,USA,MD,Corporate
19744,Cassady Rose,Puerto Rico,PR,Corporate
19743,Brittany Dunlap,USA,OR,Home Office
19742,Belle Frank,Puerto Rico,PR,Home Office
19741,Jorden Brooks,USA,TX,Home Office
19740,Halla Cabrera,USA,CA,Home Office
19739,Xaviera Saunders,USA,CA,Consumer
19738,Astra Cunningham,Puerto Rico,PR,Home Office
19737,Sybil Albert,USA,KY,Home Office
19736,Lara Hunt,USA,NY,Home Office
19735,Zorita Parks,USA,CA,Home Office
19734,Winter Horton,Puerto Rico,PR,Home Office
19733,Olympia Mendoza,USA,PA,Home Office
19732,Brianna Watson,Puerto Rico,PR,Home Office
19731,Ivory White,USA,CA,Home Office
19730,Cynthia Callahan,USA,IL,Corporate
19729,Morgan Morin,Puerto Rico,PR,Corporate
19728,Cynthia Perez,USA,MD,Consumer
19727,Audrey Mcclain,USA,CA,Consumer
19726,Brenna Sloan,Puerto Rico,PR,Consumer
19725,Hedda Fulton,USA,IL,Consumer
19724,Haviva Suarez,USA,CA,Consumer
19723,Charlotte Ware,Puerto Rico,PR,Consumer
19722,Azalia Mcintyre,USA,CO,Consumer
19721,Iona Pruitt,USA,NY,Consumer
19720,Gillian Navarro,Puerto Rico,PR,Consumer
19719,Rhoda Calderon,USA,OH,Consumer
19718,Cleo Zimmerman,USA,MO,Consumer
19717,Helen Santiago,USA,CA,Corporate
19716,Adrienne Hinton,Puerto Rico,PR,Consumer
19715,Carly Hardin,USA,NM,Corporate
19714,Iola Keller,Puerto Rico,PR,Corporate
19713,Susan Warren,USA,FL,Consumer
19712,Lacy Horne,USA,NY,Corporate
19711,Aubrey Patton,USA,NY,Corporate
19710,Willow Kim,Puerto Rico,PR,Home Office
19709,Jamalia Mcconnell,USA,CA,Consumer
19708,April Wolfe,USA,CA,Consumer
19707,Zia Mccall,Puerto Rico,PR,Consumer
19706,Katell Booth,USA,FL,Consumer
19705,Gay Dickson,USA,FL,Corporate
19704,Xena Butler,Puerto Rico,PR,Consumer
19703,Illana Oneal,USA,TX,Consumer
19702,Desiree Solomon,USA,NJ,Home Office
19701,Paula Cabrera,USA,CA,Corporate
19700,Hannah Curtis,Puerto Rico,PR,Corporate
19699,Jocelyn Little,USA,PA,Consumer
19698,Brenna Yang,Puerto Rico,PR,Consumer
19697,Lani Mayer,USA,OH,Corporate
19696,Sybill Diaz,USA,NY,Corporate
19695,Riley Franklin,Puerto Rico,PR,Consumer
19694,Jennifer Dunlap,USA,FL,Consumer
19693,Audrey Barber,USA,NY,Consumer
19692,Cally Gomez,Puerto Rico,PR,Consumer
19691,Whitney Finley,USA,CA,Consumer
19690,Ann Dominguez,Puerto Rico,PR,Consumer
19689,Karina Mcdowell,USA,OK,Consumer
19688,Whitney Stanley,USA,MA,Home Office
19687,Zephr Lyons,Puerto Rico,PR,Home Office
19686,Isabella Roberson,USA,NY,Home Office
19685,Renee Page,USA,NY,Home Office
19684,Tasha Espinoza,Puerto Rico,PR,Corporate
19683,Zenaida Shaw,USA,MA,Corporate
19682,Larissa Sargent,USA,IL,Consumer
19681,Lynna Montgomery,Puerto Rico,PR,Consumer
19680,Ila Kane,USA,GA,Corporate
19679,Carla Blake,Puerto Rico,PR,Consumer
19678,Leigh Caldwell,USA,TX,Corporate
19677,Renee Knapp,USA,CA,Corporate
19676,Ainsley Best,Puerto Rico,PR,Corporate
19675,Nora Craig,USA,OR,Consumer
19674,Noelani Ramos,USA,OH,Home Office
19673,Shannon Mayer,Puerto Rico,PR,Home Office
19672,Quemby Tyson,USA,NY,Consumer
19671,Hanae Reed,Puerto Rico,PR,Consumer
19670,Heidi Warren,USA,UT,Home Office
19669,Maite Sloan,USA,WI,Consumer
19668,Francesca Jacobs,Puerto Rico,PR,Corporate
19667,Shaine Nichols,USA,CA,Corporate
19666,Myra Lowe,USA,CA,Corporate
19665,Sonia Vaughn,Puerto Rico,PR,Corporate
19664,Sydnee Vinson,USA,OH,Corporate
19663,Ora Humphrey,Puerto Rico,PR,Corporate
19662,Sloane Kim,USA,OR,Consumer
19661,Vielka Ryan,Puerto Rico,PR,Home Office
19660,Calista Mcpherson,USA,NY,Consumer
19659,Kirestin Leach,Puerto Rico,PR,Consumer
19658,Idola Hawkins,USA,CA,Consumer
19657,Kirsten Roberson,Puerto Rico,PR,Consumer
19656,Lysandra Reid,USA,MN,Consumer
19655,Farrah Rogers,USA,CO,Consumer
19654,Farrah Cantu,Puerto Rico,PR,Consumer
19653,Lacota Cox,USA,MA,Consumer
19652,Ivana Collins,Puerto Rico,PR,Consumer
19651,Mary Reyes,USA,NV,Consumer
19650,Velma Herring,Puerto Rico,PR,Consumer
19649,Demetria Bray,USA,AZ,Home Office
19648,Illana Bradley,Puerto Rico,PR,Consumer
19647,Astra Roy,USA,MD,Home Office
19646,Guinevere Lamb,Puerto Rico,PR,Home Office
19645,Velma Conrad,USA,MD,Consumer
19644,Macy Terry,Puerto Rico,PR,Consumer
19643,Blythe Ruiz,USA,TX,Consumer
19642,Clare Baxter,Puerto Rico,PR,Consumer
19641,Priscilla Flowers,USA,CA,Consumer
19640,Shafira Clemons,USA,GA,Corporate
19639,Constance Schultz,Puerto Rico,PR,Corporate
19638,Basia Livingston,USA,TX,Consumer
19637,Aphrodite Knowles,Puerto Rico,PR,Consumer
19636,Deborah Roman,USA,FL,Consumer
19635,Carol Cline,Puerto Rico,PR,Consumer
19634,Winifred Powers,USA,TX,Corporate
19633,Demetria Hines,USA,NY,Corporate
19632,Mira Elliott,Puerto Rico,PR,Corporate
19631,Stella Lara,USA,TN,Corporate
19630,Signe Hayes,USA,MD,Corporate
19629,Yvonne Beach,Puerto Rico,PR,Corporate
19628,Katelyn Kline,USA,CA,Corporate
19627,Raya Poole,Puerto Rico,PR,Home Office
19626,Evelyn Castro,USA,NC,Home Office
19625,Sydnee Francis,Puerto Rico,PR,Corporate
19624,Halee Weber,USA,CA,Home Office
19623,Darryl Mercer,USA,PA,Home Office
19622,Aimee Downs,USA,CA,Home Office
19621,Yolanda Petty,Puerto Rico,PR,Home Office
19620,Calista Bond,USA,AZ,Corporate
19619,Sydney Schneider,USA,IL,Corporate
19618,Alexandra Gray,Puerto Rico,PR,Home Office
19617,Zia Flowers,USA,NJ,Home Office
19616,Caryn Rojas,USA,IL,Home Office
19615,Phoebe Velazquez,Puerto Rico,PR,Home Office
19614,Carol Ramsey,USA,NY,Home Office
19613,Kyla Stafford,Puerto Rico,PR,Home Office
19612,Deborah Daugherty,USA,NY,Home Office
19611,Isabella Webster,USA,CA,Home Office
19610,Anika Marshall,Puerto Rico,PR,Home Office
19609,Hillary Stanton,USA,MD,Home Office
19608,Genevieve Deleon,Puerto Rico,PR,Home Office
19607,Ocean Vance,USA,AZ,Home Office
19606,Sara Far,Puerto Rico,PR,Consumer
19605,Jillian Howard,USA,GA,Home Office
19604,Adele Bray,USA,IL,Consumer
19603,Jordan Mcgee,Puerto Rico,PR,Consumer
19602,Lila Cherry,USA,CA,Consumer
19601,Britanni Brennan,Puerto Rico,PR,Consumer
19600,Sade Wise,USA,OH,Corporate
19599,Whoopi Brown,Puerto Rico,PR,Consumer
19598,Eve Daniels,USA,NY,Consumer
19597,Genevieve Mcmillan,USA,CO,Consumer
19596,Dana Cochran,USA,CA,Consumer
19595,Jessamine Moran,Puerto Rico,PR,Consumer
19594,Blossom Ruiz,USA,GA,Consumer
19593,Aubrey Oneill,USA,NY,Consumer
19592,Kylie Walters,USA,CA,Consumer
19591,Xantha Hudson,Puerto Rico,PR,Consumer
19590,Donna Pennington,USA,LA,Consumer
19589,Jillian Gallagher,USA,VA,Consumer
19588,Gemma Brell,Puerto Rico,PR,Consumer
19587,Alma Shields,USA,CA,Consumer
19586,Nomlanga Wagner,Puerto Rico,PR,Corporate
19585,Sopoline David,USA,VA,Corporate
19584,Deanna Workman,Puerto Rico,PR,Home Office
19583,Maisie Randolph,USA,NM,Consumer
19582,Willa Wooten,Puerto Rico,PR,Consumer
19581,Mara Johnston,USA,TX,Consumer
19580,Yael Hayden,USA,WA,Consumer
19579,Rachel Cooley,Puerto Rico,PR,Consumer
19578,Virginia Ayers,USA,IL,Consumer
19577,Ainsley Pope,USA,AZ,Consumer
19576,Winifred Mckinney,Puerto Rico,PR,Home Office
19575,Fay Pruitt,Puerto Rico,PR,Home Office
19574,Marah Poole,USA,NJ,Home Office
19573,Xandra Solis,Puerto Rico,PR,Home Office
19572,Mara Moses,USA,NJ,Home Office
19571,Megan Conrad,Puerto Rico,PR,Home Office
19570,Harriet Bradley,USA,CA,Home Office
19569,Iris Ellison,USA,MI,Home Office
19568,Dominique Hill,Puerto Rico,PR,Consumer
19567,Darrel Johnson,USA,CA,Consumer
19566,Sydnee Emerson,USA,CA,Consumer
19565,Lynn Farmer,Puerto Rico,PR,Consumer
19564,Tatiana Whitley,USA,TX,Consumer
19563,Evangeline Dotson,Puerto Rico,PR,Consumer
19562,Gwendolyn Levine,USA,VA,Corporate
19561,Minerva Mcguire,Puerto Rico,PR,Corporate
19560,Macy Faulkner,USA,MA,Consumer
19559,Bree Mccarthy,Puerto Rico,PR,Consumer
19558,Irma Michael,USA,NJ,Corporate
19557,Alyssa Suarez,Puerto Rico,PR,Corporate
19556,Brooke Vasquez,USA,CA,Corporate
19555,Whilemina Frost,Puerto Rico,PR,Corporate
19554,Kirby Cantu,USA,CO,Home Office
19553,Rowan Christensen,Puerto Rico,PR,Home Office
19552,Alexa Sears,USA,MI,Corporate
19551,Lael Oconnor,Puerto Rico,PR,Corporate
19550,Kelsie Christian,USA,IL,Consumer
19549,Hilary Parrish,Puerto Rico,PR,Corporate
19548,September Patel,USA,CA,Consumer
19547,Martina Benton,Puerto Rico,PR,Corporate
19546,Sarah Shields,USA,NY,Consumer
19545,Simone Goodwin,Puerto Rico,PR,Consumer
19544,Jillian Bowers,USA,CA,Consumer
19543,Ima Weiss,Puerto Rico,PR,Consumer
19542,Imani Eaton,USA,CA,Home Office
19541,Dahlia Wise,Puerto Rico,PR,Consumer
19540,Azalia Watson,USA,OH,Consumer
19539,Imani Vaughn,Puerto Rico,PR,Consumer
19538,Carissa Farley,USA,TX,Corporate
19537,Roanna Jenkins,USA,NY,Corporate
19536,Belle Mcdowell,USA,VA,Corporate
19535,Jade Cantu,USA,CA,Corporate
19534,Tamara Barber,Puerto Rico,PR,Consumer
19533,Winter Wilkerson,USA,MN,Consumer
19532,Briar Taylor,Puerto Rico,PR,Consumer
19531,Cora Combs,USA,CA,Consumer
19530,Rachel Mayo,USA,TX,Consumer
19529,Basia Shannon,Puerto Rico,PR,Consumer
19528,Hayfa Bennett,USA,CA,Consumer
19527,Brynn Faulkner,Puerto Rico,PR,Consumer
19526,Mallory Russo,USA,NJ,Consumer
19525,Giselle Barnett,Puerto Rico,PR,Consumer
19524,Clio Roberson,USA,FL,Consumer
19523,Constance Schneider,Puerto Rico,PR,Consumer
19522,Christen Valdez,USA,MA,Consumer
19521,Harriet Schroeder,USA,NY,Home Office
19520,Madonna Nash,Puerto Rico,PR,Corporate
19519,Veronica Rodriquez,USA,MA,Corporate
19518,Freya Vega,Puerto Rico,PR,Consumer
19517,Simone Tucker,USA,CA,Consumer
19516,Victoria Zamora,USA,CA,Consumer
19515,Selma Gonzales,Puerto Rico,PR,Consumer
19514,Ingrid Hogan,USA,GA,Consumer
19513,Quincy Gray,USA,MD,Consumer
19512,Keelie Ashley,Puerto Rico,PR,Consumer
19511,Naida Benson,USA,PA,Consumer
19510,Quin Ewing,Puerto Rico,PR,Corporate
19509,Rosalyn Nielsen,Puerto Rico,PR,Corporate
19508,Mechelle Chase,USA,UT,Consumer
19507,Zenaida Horn,USA,GA,Home Office
19506,Ursula Spence,USA,NY,Home Office
19505,Rhoda Cabrera,USA,AZ,Corporate
19504,Avye Clarke,Puerto Rico,PR,Corporate
19503,Illana Wilkerson,USA,PA,Consumer
19502,Hannah Ayala,Puerto Rico,PR,Consumer
19501,Vivian Terrell,USA,CA,Consumer
19500,Daryl Webster,USA,NY,Consumer
19499,Zelda Cochran,Puerto Rico,PR,Consumer
19498,Martina King,USA,IL,Consumer
19497,Mikayla Spence,Puerto Rico,PR,Home Office
19496,Zoe Bush,Puerto Rico,PR,Home Office
19495,Tatyana Spencer,Puerto Rico,PR,Consumer
19494,Abigail Pruitt,USA,TX,Consumer
19493,Clementine Lawrence,USA,CA,Consumer
17027,Eugenia Clements,USA,CA,Home Office
17026,Doris Oneil,USA,NY,Corporate
17025,Alice Mays,Puerto Rico,PR,Home Office
17024,Tatyana Mosley,USA,OH,Home Office
17023,Freya Townsend,Puerto Rico,PR,Home Office
17022,Xandra Cole,USA,VA,Corporate
17021,Basia Dean,Puerto Rico,PR,Home Office
17020,Carolyn Levy,USA,AZ,Corporate
17019,Raya Huber,Puerto Rico,PR,Corporate
17018,Octavia Ortiz,Puerto Rico,PR,Corporate
17017,Serina Jenkins,Puerto Rico,PR,Corporate
17016,Lacy Rocha,USA,AZ,Corporate
17015,Justina Sawyer,USA,TX,Corporate
17014,Martina Good,Puerto Rico,PR,Home Office
17013,Stella Jensen,Puerto Rico,PR,Corporate
17012,Lynn Carlson,USA,PA,Corporate
17011,Tatiana Cotton,Puerto Rico,PR,Corporate
17010,Kameko House,USA,UT,Consumer
17009,Jordan Patrick,Puerto Rico,PR,Consumer
17008,Jayme Estrada,USA,CA,Consumer
17007,Mallory Raymond,USA,CA,Consumer
17006,Desiree Carver,Puerto Rico,PR,Corporate
17005,Courtney Fitzpatrick,USA,GA,Corporate
17004,Tatiana Combs,USA,IL,Corporate
17003,Kalia Watts,USA,WA,Corporate
17002,Aspen Terry,Puerto Rico,PR,Corporate
17001,Quyn Tate,USA,WA,Consumer
17000,Justina Fletcher,Puerto Rico,PR,Consumer
16999,Sharon Huber,USA,WI,Consumer
16998,Lani Mcguire,USA,CA,Consumer
16997,Remedios Berg,Puerto Rico,PR,Consumer
16996,Morgan Whitney,Puerto Rico,PR,Consumer
16995,Amena Rodriquez,USA,IL,Home Office
16994,Anika Wooten,USA,CA,Consumer
16993,Anjolie Justice,Puerto Rico,PR,Consumer
16992,Hedy Estrada,USA,MI,Consumer
16991,Rhoda Lambert,Puerto Rico,PR,Consumer
16990,Leilani Cantrell,USA,MI,Consumer
16989,Hiroko Booth,Puerto Rico,PR,Consumer
16988,Shannon Hickman,USA,FL,Consumer
16987,Nadine Garcia,Puerto Rico,PR,Consumer
16986,Avye Barron,USA,NY,Consumer
16985,Nora Munoz,Puerto Rico,PR,Home Office
16984,Signe Key,USA,FL,Consumer
16983,Deanna Shields,USA,CA,Consumer
16982,Kai Farmer,USA,CA,Consumer
16981,Shafira Valencia,USA,NV,Consumer
16980,Imogene Mercado,Puerto Rico,PR,Corporate
16979,Destiny Landry,USA,GA,Corporate
16978,Linda Franklin,USA,NJ,Corporate
16977,Lael Pierce,Puerto Rico,PR,Corporate
16976,Kylie Coleman,USA,KS,Corporate
16975,Yoshi Bean,USA,TX,Corporate
16974,Anastasia Mccullough,USA,OH,Corporate
16973,Teegan Ewing,USA,FL,Corporate
16972,Jena Mayer,Puerto Rico,PR,Corporate
16971,Melinda Trevino,USA,CA,Consumer
16970,Lillian Pacheco,Puerto Rico,PR,Corporate
16969,Kelsey Garner,USA,CA,Corporate
16968,Emma Rutledge,Puerto Rico,PR,Corporate
16967,Deanna Sweeney,USA,TX,Consumer
16966,Brenda Gill,USA,FL,Home Office
16965,Serina Gibbs,USA,NY,Home Office
16964,Martina Crosby,Puerto Rico,PR,Home Office
16963,Felicia Vincent,USA,OH,Home Office
16962,Cally Cline,USA,CA,Corporate
16961,Jessamine Ellison,Puerto Rico,PR,Consumer
16960,Nomlanga Vance,USA,MD,Home Office
16959,McKenzie Coleman,Puerto Rico,PR,Home Office
16958,Aubrey Levine,USA,MI,Consumer
16957,Neve Strickland,Puerto Rico,PR,Consumer
16956,Bertha Small,USA,IL,Home Office
16955,Martina Cantrell,Puerto Rico,PR,Consumer
16954,Kevyn Wilkins,USA,CA,Consumer
16953,Xantha Jacobson,Puerto Rico,PR,Home Office
16952,Nevada Vang,USA,NY,Consumer
16951,Yvette Merrill,Puerto Rico,PR,Consumer
16950,Bo Morrison,USA,CA,Consumer
16949,Lunea Guerra,Puerto Rico,PR,Consumer
16948,Quail Boyer,USA,CA,Home Office
16947,Mia Patterson,Puerto Rico,PR,Consumer
16946,Moana Love,USA,OH,Corporate
16945,Tashya Hopkins,Puerto Rico,PR,Corporate
16944,Lillith Snow,USA,TX,Corporate
16943,Jemima Rose,USA,NY,Corporate
16942,Skyler Dyer,USA,VA,Consumer
16941,Quyn Oliver,USA,CA,Consumer
16940,Britanney Sexton,Puerto Rico,PR,Consumer
16939,Amela Knox,USA,MN,Consumer
16938,Donna Rosales,Puerto Rico,PR,Consumer
16937,Leila Lester,USA,CA,Consumer
16936,Kelsey Robinson,USA,TX,Consumer
16935,Scarlett Hicks,Puerto Rico,PR,Consumer
16934,Zenia Buckley,USA,CA,Consumer
16933,Paloma Coleman,Puerto Rico,PR,Consumer
16932,Regan Cook,USA,NJ,Consumer
16931,Rhea Mcneil,Puerto Rico,PR,Consumer
16930,September Pate,USA,FL,Consumer
16929,Aspen Hatfield,Puerto Rico,PR,Consumer
16928,Sylvia Hood,USA,MA,Consumer
16927,Haley Blanchard,USA,NY,Consumer
16926,Desirae Duran,Puerto Rico,PR,Consumer
16925,Basia Kirk,USA,MA,Consumer
16924,Callie Collier,Puerto Rico,PR,Home Office
16923,Deanna Phillips,USA,CA,Consumer
16922,Felicia Mckay,USA,CA,Consumer
16921,Hannah Norris,Puerto Rico,PR,Home Office
16920,Lina Baker,USA,GA,Home Office
16919,Iona Bray,USA,MD,Home Office
16918,Susan Beasley,Puerto Rico,PR,Consumer
16917,Catherine Orr,USA,PA,Consumer
16916,Camilla Morrow,Puerto Rico,PR,Consumer
16915,Blaine Hartman,Puerto Rico,PR,Corporate
16914,Ruth Zimmerman,USA,UT,Home Office
16913,Briar Moss,USA,GA,Consumer
16912,Ursa Mcleod,USA,NY,Home Office
16911,Lesley Green,USA,AZ,Home Office
16910,Nell Ayers,Puerto Rico,PR,Home Office
16909,Lillian Powell,USA,PA,Home Office
16908,Noelle Chase,Puerto Rico,PR,Consumer
16907,Leilani Oconnor,USA,CA,Consumer
16906,Shellie Pratt,USA,NY,Home Office
16905,Germane Robbins,Puerto Rico,PR,Home Office
16904,Rachel Joseph,USA,IL,Home Office
16903,Wynter Oneill,Puerto Rico,PR,Corporate
16902,Ainsley Fitzpatrick,Puerto Rico,PR,Home Office
16901,Keelie Pierce,Puerto Rico,PR,Home Office
16900,Regina Weiss,USA,TX,Corporate
16899,Anjolie Ewing,USA,CA,Consumer
16898,Jordan Edwards,Puerto Rico,PR,Home Office
16897,Rebecca Clements,USA,CA,Home Office
16896,Joelle Harrington,USA,CA,Home Office
16895,Chava Mcfadden,Puerto Rico,PR,Consumer
16894,Tatum Farmer,USA,NY,Corporate
16893,Avye Dodson,Puerto Rico,PR,Consumer
16892,Ria Osborne,USA,FL,Corporate
16891,Irma Carter,Puerto Rico,PR,Corporate
16890,Idola Parsons,USA,CA,Corporate
16889,Lois Stout,Puerto Rico,PR,Consumer
16888,Kaitlin Preston,USA,NY,Consumer
16887,Amelia Rosa,USA,CA,Consumer
16886,Rhiannon Juarez,Puerto Rico,PR,Consumer
16885,Sheila Gregory,USA,MA,Consumer
16884,Dora Quinn,Puerto Rico,PR,Consumer
16883,Karleigh Ingram,Puerto Rico,PR,Corporate
16882,Ori Golden,USA,CA,Corporate
16881,Nayda Summers,Puerto Rico,PR,Home Office
16880,Hedda Fields,USA,IL,Home Office
16879,Charissa Luna,USA,CA,Home Office
16878,Kai Nunez,Puerto Rico,PR,Home Office
16877,Odette Green,USA,CA,Home Office
16876,Rowan Mccormick,Puerto Rico,PR,Consumer
16875,Mari Reynolds,USA,MT,Home Office
16874,Rosalyn Branch,Puerto Rico,PR,Home Office
16873,Oprah Waller,USA,PA,Corporate
16872,Quon Chan,Puerto Rico,PR,Corporate
16871,Ariel Torres,USA,MI,Corporate
16870,Rhonda Harris,USA,CA,Consumer
16869,Kellie Newton,Puerto Rico,PR,Consumer
16868,Lisandra Bernard,USA,IL,Consumer
16867,Lacy Harrington,Puerto Rico,PR,Consumer
16866,Carla Berger,USA,MI,Consumer
16865,Alfreda Huff,USA,TX,Consumer
16864,Tallulah Hancock,Puerto Rico,PR,Consumer
16863,Simone Benton,USA,PA,Consumer
16862,Vivien Webb,USA,TX,Consumer
16861,Pamela Landry,Puerto Rico,PR,Corporate
16860,Camille Lambert,USA,DE,Consumer
16859,Jenette Meyer,USA,CA,Consumer
16858,Kimberly Rivera,Puerto Rico,PR,Corporate
16857,Lacota Mccall,USA,GA,Corporate
16856,Giselle Haynes,Puerto Rico,PR,Consumer
16855,Olga Bradley,USA,CA,Consumer
16854,Imogene Kinney,Puerto Rico,PR,Consumer
16853,Brenda Chavez,USA,NY,Home Office
16852,Tatiana Butler,USA,TX,Corporate
16851,Martina Allen,Puerto Rico,PR,Corporate
16850,Freya Horne,USA,CA,Consumer
16849,Rana Daniel,USA,TX,Consumer
16848,Shellie Shannon,Puerto Rico,PR,Consumer
16847,Rae Saunders,USA,MA,Consumer
16846,Olympia Cantrell,Puerto Rico,PR,Consumer
16845,Lareina Flynn,USA,CA,Home Office
16844,Angelica Dickson,Puerto Rico,PR,Home Office
16843,Beatrice Ferguson,USA,ND,Corporate
16842,Pandora Peters,Puerto Rico,PR,Corporate
16841,Aiko Zimmerman,USA,MD,Corporate
16840,Adele Crane,Puerto Rico,PR,Consumer
16839,Kylynn Stein,USA,ND,Consumer
16838,Isadora Farmer,USA,HI,Corporate
16837,Amena Hall,USA,GA,Consumer
16836,Aretha Beck,Puerto Rico,PR,Corporate
16835,Carol Gould,USA,VA,Consumer
16834,Autumn Charles,USA,CA,Corporate
16833,Stella Goff,USA,CA,Corporate
16832,Heidi Nguyen,USA,NY,Corporate
16831,Rachel Hardin,Puerto Rico,PR,Corporate
16830,Kiara Trujillo,USA,UT,Consumer
16829,Amelia Craft,USA,TN,Consumer
16828,Dakota Olson,Puerto Rico,PR,Consumer
16827,Joan Larsen,USA,CA,Consumer
16826,Angelica Sullivan,USA,GA,Consumer
16825,Isabelle Dodson,Puerto Rico,PR,Consumer
16824,Madeline Page,USA,MI,Consumer
16823,Basia Massey,Puerto Rico,PR,Consumer
16822,Roanna Tran,USA,NY,Corporate
16821,Erica Holt,Puerto Rico,PR,Consumer
16820,Shaeleigh Oliver,USA,CO,Consumer
16819,Veda Humphrey,USA,MI,Corporate
16818,Jaime Horne,Puerto Rico,PR,Corporate
16817,Clementine Trevino,USA,IL,Corporate
16816,Yen Aguirre,Puerto Rico,PR,Corporate
16815,Imani Snider,USA,MI,Corporate
16814,Bryar Simpson,Puerto Rico,PR,Corporate
16813,Madeson Salinas,USA,TN,Corporate
16812,Ariel Holt,Puerto Rico,PR,Consumer
16811,Samantha Wiley,USA,OH,Consumer
16810,Margaret Jacobson,Puerto Rico,PR,Consumer
16809,Karleigh Chan,USA,NY,Home Office
16808,Karly Kinney,Puerto Rico,PR,Consumer
16807,Darrel Hewitt,USA,MO,Home Office
16806,Orli Ortiz,USA,CA,Home Office
16805,Brynn Horton,USA,CA,Home Office
16804,Hope Morse,Puerto Rico,PR,Home Office
16803,Cassandra Acosta,USA,MO,Corporate
16802,Danielle Perkins,Puerto Rico,PR,Corporate
16801,Whitney Fuller,USA,CA,Consumer
16800,Stella Valencia,USA,CA,Consumer
16799,Heather Wheeler,Puerto Rico,PR,Consumer
16798,Shoshana Wiggins,USA,GA,Consumer
16797,Leandra Farmer,Puerto Rico,PR,Consumer
16796,Jane Salinas,USA,MI,Consumer
16795,Sage Bailey,USA,NY,Consumer
16794,Angela Alvarez,Puerto Rico,PR,Consumer
16793,Imelda Grimes,USA,AZ,Consumer
16792,Camille Lindsey,Puerto Rico,PR,Consumer
16791,Dawn Morris,USA,CA,Home Office
16790,Nita Sexton,Puerto Rico,PR,Consumer
16789,Mary Booker,USA,NJ,Corporate
16788,Lesley Shannon,USA,TN,Corporate
16787,Noel Cohen,USA,TN,Corporate
16786,Karly Puckett,Puerto Rico,PR,Consumer
16785,Hilary England,USA,UT,Consumer
16784,Quon Luna,Puerto Rico,PR,Consumer
16783,Chantale Hill,USA,CA,Consumer
16782,Simone Pickett,Puerto Rico,PR,Consumer
16781,Cara Key,USA,CA,Consumer
16780,Candice Huffman,Puerto Rico,PR,Consumer
16779,Dawn Santiago,USA,FL,Consumer
16778,Marny Shields,Puerto Rico,PR,Consumer
16777,Azalia Blevins,USA,NY,Consumer
16776,Cheryl Roman,Puerto Rico,PR,Consumer
16775,Ayanna Lara,USA,NY,Corporate
403,Nancy Fox,USA,NV,Consumer
11193,Rachel Smith,Puerto Rico,PR,Consumer
9462,Judy Smith,USA,CA,Home Office
525,Mary Munoz,Puerto Rico,PR,Consumer
576,Arthur Fisher,USA,TX,Home Office
5908,Emily Smith,USA,TX,Consumer
3342,Mary Cobb,Puerto Rico,PR,Consumer
7418,Elizabeth Smith,USA,TX,Home Office
5372,Mary Smith,USA,GA,Home Office
9844,Peter Smith,USA,AZ,Home Office
3399,George Smith,Puerto Rico,PR,Corporate
11391,Richard Holland,USA,PA,Home Office
7907,Mary Swanson,USA,NY,Consumer
8114,Mary Smith,Puerto Rico,PR,Consumer
6019,Martha Chambers,USA,TX,Home Office
3214,Kevin Bowers,Puerto Rico,PR,Corporate
12075,Aaron Carr,USA,CA,Home Office
4655,Mary Harper,USA,MO,Consumer
11094,Rose Wyatt,USA,TX,Home Office
153,Andrew Marshall,USA,FL,Home Office
9412,Roy Smith,USA,CA,Home Office
9548,Benjamin Washington,USA,MT,Corporate
9960,Mary Ryan,Puerto Rico,PR,Home Office
1520,Mary Burch,Puerto Rico,PR,Consumer
2151,Mary Smith,USA,GA,Corporate
10298,Albert Thompson,USA,NY,Home Office
4294,Christopher Espinoza,USA,TX,Consumer
8225,Nathan Smith,USA,CA,Home Office
10725,Martha Smith,USA,IL,Home Office
2547,Walter Fuller,USA,TX,Home Office
2018,Shirley Bell,Puerto Rico,PR,Consumer
9948,Susan Day,USA,CA,Home Office
10110,Beverly Smith,USA,CA,Home Office
5786,Brian Smith,USA,WA,Home Office
11759,Mary Bright,Puerto Rico,PR,Consumer
9546,Louis Holland,Puerto Rico,PR,Corporate
11817,Mary Smith,USA,TN,Home Office
9099,Dennis Lozano,Puerto Rico,PR,Home Office
5897,Mary Griffin,USA,NY,Home Office
2105,George Smith,Puerto Rico,PR,Corporate
5539,Mary Lopez,USA,CA,Consumer
6347,Mark Smith,USA,NC,Home Office
5729,Louis Smith,USA,TX,Home Office
5406,Mary Whitehead,USA,IL,Home Office
972,Mary Smith,Puerto Rico,PR,Consumer
1224,Judy Oconnell,Puerto Rico,PR,Consumer
3185,Mary Beard,USA,AL,Consumer
7394,Kenneth Stevens,USA,WA,Home Office
6401,Joan Smith,Puerto Rico,PR,Consumer
11498,Scott Day,Puerto Rico,PR,Consumer
8136,Charles Smith,USA,MO,Home Office
7263,Samuel Smith,Puerto Rico,PR,Consumer
9851,Mary Smith,Puerto Rico,PR,Consumer
191,Victoria Smith,USA,OR,Home Office
6891,Mary Gill,Puerto Rico,PR,Consumer
12282,Mary Wilson,Puerto Rico,PR,Consumer
9880,Donna Acevedo,USA,CA,Home Office
3783,Albert Smith,USA,TX,Consumer
10084,Paul Smith,Puerto Rico,PR,Consumer
950,Jordan Smith,USA,NV,Home Office
12150,Paul Hancock,USA,TX,Home Office
2602,Jacob Smith,USA,CA,Home Office
1967,Benjamin Smith,Puerto Rico,PR,Corporate
10049,Doris Smith,USA,NM,Home Office
8887,Mary Nash,Puerto Rico,PR,Corporate
2697,Joyce Thompson,Puerto Rico,PR,Consumer
2620,Mary Smith,Puerto Rico,PR,Consumer
1534,Ronald Smith,USA,CA,Home Office
8799,Mary Page,USA,CA,Consumer
353,Mary Smith,USA,TX,Home Office
3904,Mary Brandt,Puerto Rico,PR,Consumer
6924,Mary Guerra,Puerto Rico,PR,Consumer
8153,Mary Frye,Puerto Rico,PR,Consumer
6567,Jeffrey Smith,USA,CA,Consumer
7943,Mary Ramirez,Puerto Rico,PR,Consumer
7469,Ruth Smith,USA,NY,Consumer
1929,Kathryn Smith,USA,TX,Consumer
975,Mary Willis,USA,MI,Consumer
1239,Nicholas Smith,USA,IL,Home Office
10196,Stephen Smith,Puerto Rico,PR,Home Office
2663,Mary Foster,USA,CA,Consumer
3893,Mary Hart,USA,CA,Home Office
4472,Mary Smith,Puerto Rico,PR,Corporate
7620,Marie Bautista,Puerto Rico,PR,Consumer
10180,Andrea Ferguson,USA,CT,Home Office
12067,Mary Contreras,USA,CA,Home Office
6755,Mary Callahan,USA,NJ,Home Office
631,Mary Colon,USA,NY,Consumer
9878,Mary Pena,USA,CA,Home Office
10243,Donna Anderson,USA,CA,Consumer
4037,Megan Kemp,Puerto Rico,PR,Consumer
9779,Mary Smith,USA,MD,Home Office
718,Alexander Smith,Puerto Rico,PR,Consumer
594,Mary Cowan,USA,WA,Home Office
3494,Cheryl Smith,USA,CA,Corporate
8244,Mary Watson,USA,CA,Home Office
4671,Eric Diaz,USA,AZ,Consumer
5343,Mary Smith,USA,IL,Home Office
11098,Raymond Smith,USA,OH,Home Office
537,Mary Cochran,USA,CA,Home Office
9168,Martha Evans,Puerto Rico,PR,Consumer
9846,Michelle Horn,USA,CA,Consumer
8983,Mary Smith,USA,IL,Home Office
3701,Bryan Foster,USA,FL,Consumer
6109,Zachary Tate,Puerto Rico,PR,Consumer
5177,Tiffany Hughes,USA,CA,Home Office
2579,Kimberly Smith,USA,CA,Consumer
9190,Andrew Rasmussen,USA,TX,Consumer
11355,Mary Smith,USA,NC,Home Office
5391,Mary Smith,USA,GA,Home Office
7865,Mary Bryant,USA,NY,Home Office
7709,George Franklin,Puerto Rico,PR,Consumer
1304,Frank Smith,Puerto Rico,PR,Corporate
7097,Hannah Kim,Puerto Rico,PR,Consumer
11143,Mary Smith,USA,NY,Home Office
8789,Helen Carroll,Puerto Rico,PR,Consumer
2132,Mary Smith,Puerto Rico,PR,Consumer
701,Joseph Coffey,USA,CA,Home Office
544,Mary Smith,Puerto Rico,PR,Consumer
11219,Mary Smith,Puerto Rico,PR,Consumer
3472,Ethan Smith,Puerto Rico,PR,Consumer
7286,Mary Spencer,USA,MI,Home Office
2322,Zachary Smith,USA,CA,Home Office
3074,Mary Smith,USA,CA,Home Office
308,Alan Berger,USA,NY,Home Office
4906,Richard Smith,USA,CA,Home Office
8382,Joshua Mullins,USA,TX,Home Office
11013,Andrew Nguyen,USA,PA,Home Office
9081,Robert Smith,USA,IL,Home Office
12076,Mary Smith,USA,AZ,Home Office
4957,Lawrence Kidd,USA,NY,Consumer
1214,Mildred Morgan,Puerto Rico,PR,Home Office
1765,Mary Smith,USA,NY,Home Office
873,Mary Smith,USA,NY,Home Office
9598,Mary Golden,USA,IL,Home Office
8607,Timothy Smith,USA,CA,Home Office
6745,Mary Smith,USA,IL,Corporate
9530,Ralph Smith,USA,MA,Consumer
6819,Mary Ali,USA,NC,Home Office
2757,Mary Smith,Puerto Rico,PR,Consumer
4180,Mary Hicks,USA,NY,Consumer
5064,Mary Carney,USA,AZ,Home Office
12210,Mary Smith,USA,IL,Home Office
6468,William Smith,Puerto Rico,PR,Consumer
6395,Mary Page,USA,MD,Home Office
10813,Patricia Smith,Puerto Rico,PR,Corporate
6201,Judy Smith,Puerto Rico,PR,Consumer
5542,Mary Smith,Puerto Rico,PR,Consumer
177,Mary Melendez,Puerto Rico,PR,Consumer
5189,Frank Elliott,USA,PA,Home Office
9125,Mary Smith,Puerto Rico,PR,Consumer
7053,Donald Smith,USA,MI,Consumer
4434,Mary Brown,USA,CA,Home Office
3133,Ruth Becker,USA,NY,Home Office
5742,Laura Smith,USA,OR,Home Office
3111,Mary Brown,Puerto Rico,PR,Consumer
7002,Anna Smith,USA,MI,Consumer
8528,Andrea Maldonado,Puerto Rico,PR,Consumer
4495,Mary White,Puerto Rico,PR,Consumer
4231,Arthur Smith,USA,MN,Home Office
7863,Elizabeth Hodges,USA,HI,Home Office
3143,Mary Jones,USA,CT,Home Office
8948,Russell Smith,USA,CA,Home Office
1581,Mary Smith,USA,MO,Consumer
11165,John Smith,USA,PA,Home Office
491,Debra Smith,USA,NV,Home Office
829,Mary Smith,USA,NJ,Home Office
2637,Bobby Shelton,USA,VA,Home Office
8590,Ashley Boyer,USA,FL,Consumer
2863,Roger Smith,USA,IN,Home Office
10758,Steven Hardin,USA,GA,Home Office
11210,Olivia Smith,Puerto Rico,PR,Consumer
3655,Karen Conway,USA,IL,Home Office
3228,Susan Zhang,USA,NY,Home Office
9594,Mary Smith,USA,PA,Home Office
5255,Mary Marks,USA,VA,Home Office
8786,Joseph Smith,USA,CA,Home Office
11258,Mary Smith,USA,AZ,Consumer
5482,Anthony Morrison,Puerto Rico,PR,Home Office
8609,Zachary Kline,USA,NY,Home Office
6210,Richard Smith,Puerto Rico,PR,Consumer
7986,Mary Steele,USA,IL,Home Office
1479,Mary Brennan,Puerto Rico,PR,Consumer
9861,Mildred Smith,USA,IL,Consumer
3548,Mary Smith,USA,CA,Home Office
5577,Mary Smith,USA,CA,Home Office
12157,Rose Morrow,USA,NC,Consumer
9887,Margaret Valenzuela,USA,WA,Home Office
10989,Kenneth Smith,USA,NY,Home Office
4275,Sandra Allen,USA,HI,Home Office
4165,Elizabeth Garcia,USA,AZ,Consumer
8867,Justin Bonilla,Puerto Rico,PR,Consumer
9132,Amanda Wilson,USA,OR,Home Office
10007,Lori Luna,USA,NY,Home Office
10801,Ryan Larson,USA,MN,Consumer
1819,Jane Smith,USA,NM,Home Office
5948,Mary Smith,Puerto Rico,PR,Consumer
5407,Joshua Smith,Puerto Rico,PR,Home Office
5129,Dennis Smith,USA,TX,Home Office
5192,Susan Smith,USA,NJ,Home Office
2089,Mary Smith,USA,GA,Home Office
9139,Mary Galvan,USA,NC,Home Office
8185,Ronald Powell,USA,CA,Home Office
7822,Mary Ashley,USA,NY,Home Office
10979,Raymond Aguilar,Puerto Rico,PR,Corporate
7071,Amber Anderson,USA,TX,Home Office
651,Mary Smith,USA,NM,Consumer
4889,Carolyn Smith,Puerto Rico,PR,Corporate
4803,Kelly Andrews,USA,CA,Consumer
115,Mary Smith,USA,CA,Consumer
2323,Mary Nichols,USA,NY,Home Office
2046,Mary Smith,Puerto Rico,PR,Consumer
10976,Mary Smith,USA,CA,Home Office
4649,Diana French,USA,SC,Consumer
8251,Mary Ross,USA,MI,Home Office
12143,Gary Flores,Puerto Rico,PR,Consumer
5004,Dorothy Friedman,USA,FL,Home Office
12374,Frances Smith,USA,OR,Home Office
1957,Shirley Smith,USA,IL,Consumer
11461,Kevin Smith,USA,NM,Consumer
3073,Jane Hogan,Puerto Rico,PR,Corporate
3974,Mary Smith,USA,WA,Consumer
12127,Mary Shaffer,USA,MD,Home Office
2442,Kathryn Ferguson,Puerto Rico,PR,Consumer
9067,Harry Myers,Puerto Rico,PR,Home Office
10223,Mary Wagner,Puerto Rico,PR,Consumer
12325,Tyler Smith,USA,MD,Home Office
5688,Robert Smith,Puerto Rico,PR,Corporate
9639,Mary Smith,USA,MO,Home Office
5991,Stephen Smith,USA,VA,Consumer
148,Stephanie Richards,Puerto Rico,PR,Consumer
2355,Ronald Cole,USA,TX,Home Office
5392,Ann James,Puerto Rico,PR,Home Office
859,Dorothy Hawkins,USA,PA,Home Office
5730,Mary Ashley,USA,PA,Home Office
9131,Mary Smith,USA,DE,Consumer
4522,Mary Dennis,USA,MI,Home Office
4515,Mary Smith,Puerto Rico,PR,Consumer
1040,Richard Flores,USA,CA,Corporate
7750,Howard Mathews,USA,NY,Home Office
1531,Scott Johnson,Puerto Rico,PR,Consumer
2017,Mary Smith,USA,NJ,Consumer
6130,Donald Rodriguez,USA,CA,Home Office
4143,Mary Smith,USA,NV,Home Office
10515,David Smith,USA,LA,Home Office
7968,Mary Garcia,Puerto Rico,PR,Consumer
3910,Mary Diaz,Puerto Rico,PR,Consumer
3765,Mary Smith,Puerto Rico,PR,Consumer
10894,Mary Castillo,USA,WA,Home Office
11554,Hannah Marshall,USA,TX,Home Office
7970,Mary Copeland,Puerto Rico,PR,Consumer
2416,Susan Sullivan,USA,TX,Consumer
1874,Mary Deleon,USA,CA,Consumer
8209,Gloria Smith,Puerto Rico,PR,Consumer
8452,Mary Smith,USA,TN,Home Office
1716,Sandra Smith,USA,TX,Home Office
9551,Mary Ibarra,USA,NY,Home Office
1671,Mary Woodard,Puerto Rico,PR,Consumer
3107,Tiffany Estes,Puerto Rico,PR,Corporate
8968,Mary Smith,USA,NY,Home Office
7588,Anthony Michael,USA,NY,Home Office
7703,Mary Shannon,USA,CA,Consumer
5280,Mary Day,Puerto Rico,PR,Consumer
9048,Mary Smith,USA,CA,Home Office
6425,Ruth Smith,USA,FL,Home Office
5784,Matthew Wolfe,USA,TN,Home Office
1735,Mary Gill,USA,PA,Home Office
11448,Mary Tucker,Puerto Rico,PR,Consumer
9332,Mary Jordan,Puerto Rico,PR,Consumer
6175,Mary Smith,Puerto Rico,PR,Home Office
12204,Willie Cunningham,USA,CA,Home Office
4288,Mary Avery,USA,TX,Consumer
884,Mary Smith,USA,MO,Consumer
8303,Ashley Smith,USA,CA,Home Office
5381,Marilyn Curry,USA,CA,Home Office
10177,Mary Levine,Puerto Rico,PR,Consumer
7198,Mary Day,Puerto Rico,PR,Corporate
6555,Jessica Baldwin,Puerto Rico,PR,Home Office
11860,David Smith,USA,CT,Home Office
8143,Brian Smith,Puerto Rico,PR,Consumer
4359,Nathan Smith,USA,NY,Consumer
2884,Mary Ho,Puerto Rico,PR,Corporate
216,Martha Davis,USA,CA,Home Office
11711,Mary Park,USA,IL,Home Office
6734,Mary Smith,USA,FL,Home Office
10855,Megan Dixon,Puerto Rico,PR,Consumer
8819,Mary Vaughn,USA,CA,Home Office
12017,Sandra Burns,USA,MI,Home Office
2581,Mary Smith,USA,NY,Home Office
9987,Mary Jackson,USA,CA,Consumer
5171,Joan Thompson,USA,MO,Consumer
10090,Jessica Smith,USA,DE,Home Office
4802,Mary Smith,Puerto Rico,PR,Consumer
5879,Mary Martin,USA,NY,Home Office
215,Mary Smith,USA,NY,Home Office
6929,Mary Lopez,USA,MA,Home Office
1672,Emily Haley,USA,CA,Home Office
2186,Nathan Griffin,USA,CA,Consumer
6158,Carl Hobbs,USA,CA,Home Office
8834,Steven Herring,USA,CA,Home Office
1130,Mary Johnson,Puerto Rico,PR,Corporate
1414,Rebecca Smith,USA,CA,Home Office
1691,Kimberly Smith,Puerto Rico,PR,Corporate
11813,Mary Smith,Puerto Rico,PR,Corporate
5632,Douglas Mcbride,USA,NJ,Home Office
10259,Mary Valenzuela,USA,VA,Home Office
8815,Mary Smith,USA,FL,Home Office
3707,Mary Smith,Puerto Rico,PR,Home Office
3945,Lauren Perez,USA,OR,Home Office
10528,Mary Smith,USA,AZ,Home Office
10389,Daniel Jackson,Puerto Rico,PR,Home Office
6979,Edward Smith,USA,MD,Home Office
10314,Andrew Gates,Puerto Rico,PR,Consumer
9115,Gary Clayton,USA,NY,Home Office
1200,Rebecca Parker,USA,NY,Home Office
2477,Mary Patterson,Puerto Rico,PR,Consumer
7389,Mary Ray,Puerto Rico,PR,Consumer
227,Mary Smith,USA,AZ,Home Office
10396,Steven Wood,USA,IL,Consumer
12131,Douglas Smith,USA,WA,Home Office
8873,Joshua Hopkins,Puerto Rico,PR,Corporate
10630,Karen Burke,Puerto Rico,PR,Consumer
11682,Mary Ferguson,USA,CA,Home Office
4593,Anthony Jenkins,USA,MO,Home Office
9975,Mary Hansen,USA,NY,Home Office
1125,Doris Smith,Puerto Rico,PR,Consumer
10030,Lisa Little,Puerto Rico,PR,Corporate
5579,Mary Hurley,USA,IL,Home Office
5496,Kevin Acosta,USA,WA,Home Office
680,Brittany Brooks,USA,OH,Home Office
6396,Frank Smith,Puerto Rico,PR,Consumer
11004,Elizabeth Smith,USA,MD,Home Office
7632,Mary Ruiz,USA,TX,Home Office
8160,Mary Young,USA,CA,Home Office
10841,Mary Snow,USA,TN,Home Office
5454,Mary Smith,USA,UT,Home Office
5581,Mary Miller,Puerto Rico,PR,Corporate
2470,Mary Acevedo,USA,CA,Consumer
2807,Brittany Waller,USA,NY,Consumer
10644,Larry Smith,Puerto Rico,PR,Home Office
9896,Mary Norton,Puerto Rico,PR,Consumer
8220,Michael Smith,USA,FL,Home Office
3524,John Smith,USA,GA,Consumer
6445,Emma Tucker,USA,OH,Home Office
11101,Dylan Smith,USA,CA,Home Office
3795,Peter Williams,Puerto Rico,PR,Corporate
6195,William Smith,USA,FL,Home Office
1674,Jennifer Brown,USA,CA,Home Office
2112,Mary Wallace,USA,VA,Home Office
8134,Doris Smith,USA,NY,Consumer
7868,Michael Smith,USA,MD,Home Office
1204,Nicole Anderson,USA,IL,Home Office
10814,Carol Mejia,USA,DC,Home Office
4458,Mary Smith,USA,NY,Consumer
5747,Mary Morrison,USA,TX,Home Office
2981,Mary Spence,USA,CA,Home Office
7266,Mary Carpenter,USA,CA,Home Office
6174,Carl Bright,USA,NY,Home Office
1267,Sharon Mclaughlin,USA,MO,Home Office
5825,Roy Mckay,USA,CA,Home Office
10411,Mary Mcdonald,Puerto Rico,PR,Corporate
11571,Kimberly Burke,USA,FL,Consumer
4537,Michael Holloway,USA,FL,Home Office
8477,Jason Ortega,Puerto Rico,PR,Corporate
2079,Mary Hunter,USA,OR,Home Office
7977,Frank Lopez,Puerto Rico,PR,Consumer
11961,Alexander Mitchell,USA,IL,Home Office
6108,Emma Smith,USA,PA,Home Office
7781,Gregory Hayden,Puerto Rico,PR,Consumer
3151,Mary Brown,USA,IL,Home Office
9927,Mary Mahoney,USA,FL,Consumer
7934,Paul Johnson,USA,CA,Home Office
10704,Judith Smith,USA,CA,Home Office
887,Brian Landry,USA,CA,Home Office
2286,Mary Smith,USA,MD,Home Office
9976,Jeffrey Smith,Puerto Rico,PR,Corporate
485,Mary George,Puerto Rico,PR,Consumer
3237,James Gonzalez,Puerto Rico,PR,Consumer
9242,Martha Smith,USA,NC,Home Office
4375,Stephanie Norton,USA,OH,Home Office
8578,Kevin Graham,Puerto Rico,PR,Consumer
3930,Mary Smith,Puerto Rico,PR,Consumer
2558,George Smith,USA,CA,Corporate
11171,Richard Mcfarland,Puerto Rico,PR,Consumer
220,Janet Smith,USA,CA,Consumer
2241,Katherine Smith,USA,IL,Home Office
510,Joseph Holt,USA,FL,Home Office
4360,Mary Romero,USA,MI,Consumer
1351,Mary Stone,Puerto Rico,PR,Corporate
11524,Phillip Smith,Puerto Rico,PR,Consumer
9094,Mary Vincent,Puerto Rico,PR,Consumer
10977,Debra Potter,Puerto Rico,PR,Consumer
7058,Megan Mills,Puerto Rico,PR,Consumer
7181,Jean Smith,USA,WA,Consumer
9364,Jessica Lambert,USA,NY,Home Office
10480,Robert Smith,USA,IL,Home Office
3943,Mary Butler,USA,MA,Home Office
6694,John Evans,Puerto Rico,PR,Corporate
3618,Linda Evans,Puerto Rico,PR,Consumer
5679,Mary Rodriguez,USA,MA,Home Office
739,Daniel Golden,USA,CA,Home Office
11615,Mary Dalton,USA,CA,Home Office
6107,Mary Schmidt,USA,IL,Home Office
10771,Aaron Smith,Puerto Rico,PR,Consumer
29,Mary Humphrey,USA,TX,Consumer
9328,Mary Perez,USA,CA,Home Office
6697,William Smith,USA,PA,Home Office
4760,Cynthia Smith,USA,IL,Home Office
9192,Mary Mueller,USA,IL,Home Office
10335,Heather Santiago,Puerto Rico,PR,Consumer
6572,Mary Barrett,Puerto Rico,PR,Consumer
4358,Joseph Pena,Puerto Rico,PR,Corporate
1105,Mary Booker,USA,MI,Consumer
1009,John Jones,USA,TX,Home Office
6389,Mary King,USA,OR,Home Office
6826,Jerry Sandoval,USA,NY,Home Office
3573,Virginia Gould,Puerto Rico,PR,Consumer
7861,Susan Chan,USA,CA,Home Office
1211,Mary Greer,USA,CA,Consumer
2308,Mary Morgan,USA,TX,Consumer
7525,Melissa Parker,Puerto Rico,PR,Consumer
3633,Mary Burch,USA,TX,Consumer
6070,Debra Espinoza,Puerto Rico,PR,Consumer
2483,Mary Lane,USA,NY,Home Office
4831,Mary Smith,Puerto Rico,PR,Corporate
10844,Mary Riley,USA,CA,Home Office
1729,Gregory Navarro,Puerto Rico,PR,Consumer
8543,Mary Werner,Puerto Rico,PR,Consumer
9254,Mary Hayes,Puerto Rico,PR,Consumer
1201,Mary Hughes,Puerto Rico,PR,Consumer
9643,Olivia Smith,Puerto Rico,PR,Consumer
3030,Mary Marsh,Puerto Rico,PR,Consumer
4910,Raymond Mcbride,Puerto Rico,PR,Consumer
1681,Cynthia Smith,Puerto Rico,PR,Consumer
7921,James Glass,Puerto Rico,PR,Consumer
3493,Joseph Simmons,Puerto Rico,PR,Consumer
9998,David Conrad,Puerto Rico,PR,Consumer
709,Matthew Klein,Puerto Rico,PR,Consumer
9404,Patricia Harrington,Puerto Rico,PR,Consumer
9578,Robert Smith,Puerto Rico,PR,Consumer
8249,Mary Nolan,Puerto Rico,PR,Consumer
7384,Mary Jacobs,Puerto Rico,PR,Consumer
2014,Nancy Yates,Puerto Rico,PR,Consumer
2759,Carolyn Ritter,Puerto Rico,PR,Consumer
12236,Howard Nelson,Puerto Rico,PR,Consumer
839,Lisa Walker,Puerto Rico,PR,Consumer
10294,Mary Smith,Puerto Rico,PR,Consumer
382,Mary Lane,Puerto Rico,PR,Consumer
3363,Grace Smith,Puerto Rico,PR,Consumer
3838,Joseph Jackson,Puerto Rico,PR,Consumer
12001,Christopher Smith,Puerto Rico,PR,Consumer
11771,Donald Pennington,Puerto Rico,PR,Consumer
9521,George Chambers,Puerto Rico,PR,Consumer
6094,Gerald Dorsey,Puerto Rico,PR,Consumer
11865,Marilyn Cuevas,Puerto Rico,PR,Consumer
12270,Dylan Smith,Puerto Rico,PR,Consumer
10840,Betty Smith,Puerto Rico,PR,Consumer
4304,Joe Martinez,Puerto Rico,PR,Consumer
5950,Mary Smith,Puerto Rico,PR,Consumer
5980,Betty Smith,Puerto Rico,PR,Consumer
11264,George Smith,Puerto Rico,PR,Consumer
4608,Mary Briggs,Puerto Rico,PR,Consumer
10743,John Hale,Puerto Rico,PR,Consumer
604,Mary Chapman,Puerto Rico,PR,Consumer
11751,Mary Smith,Puerto Rico,PR,Consumer
10244,Emily Campbell,Puerto Rico,PR,Consumer
1856,Rebecca Bruce,Puerto Rico,PR,Consumer
5269,Mary Smith,Puerto Rico,PR,Consumer
11941,Jeffrey Pugh,Puerto Rico,PR,Consumer
729,Andrew Smith,Puerto Rico,PR,Consumer
9245,Joshua Rodriguez,Puerto Rico,PR,Consumer
10729,Mary Phillips,Puerto Rico,PR,Consumer
584,Tyler Berger,Puerto Rico,PR,Consumer
9641,Mary Smith,Puerto Rico,PR,Consumer
9275,Jason Schwartz,Puerto Rico,PR,Consumer
6633,Roger Gonzales,Puerto Rico,PR,Consumer
10181,Mary Smith,Puerto Rico,PR,Consumer
7767,Mary Reynolds,Puerto Rico,PR,Consumer
7304,William Brooks,Puerto Rico,PR,Consumer
2332,Christopher Hart,Puerto Rico,PR,Consumer
5757,Zachary Smith,Puerto Rico,PR,Consumer
9431,Lauren Lewis,Puerto Rico,PR,Consumer
7380,Michelle Smith,Puerto Rico,PR,Consumer
1877,Mary Powers,Puerto Rico,PR,Consumer
10677,Mary Smith,Puerto Rico,PR,Consumer
13098,Whoopi Walton,Puerto Rico,PR,Consumer
9421,Julia Lynch,Puerto Rico,PR,Consumer
14221,Olga Mcintosh,Puerto Rico,PR,Consumer
14576,Jillian Rosario,Puerto Rico,PR,Consumer
14468,Mikayla Kinney,Puerto Rico,PR,Consumer
14431,Dominique Ayala,Puerto Rico,PR,Consumer
14273,Kelly Terry,Puerto Rico,PR,Consumer
14501,Rachel Moss,Puerto Rico,PR,Consumer
13000,Vivian Frank,Puerto Rico,PR,Consumer
14198,Kirsten Woods,Puerto Rico,PR,Consumer
14266,Nayda Foreman,Puerto Rico,PR,Consumer
13247,Brianna Palmer,Puerto Rico,PR,Consumer
13013,Ingrid Thompson,Puerto Rico,PR,Consumer
13134,Carol Fuentes,Puerto Rico,PR,Consumer
12317,Shawn Cross,Puerto Rico,PR,Consumer
13931,Callie Kent,Puerto Rico,PR,Consumer
10902,Mary Sampson,Puerto Rico,PR,Consumer
4253,Maria Smith,Puerto Rico,PR,Consumer
13820,Madeson Odom,Puerto Rico,PR,Consumer
14727,Brianna Fitzpatrick,Puerto Rico,PR,Consumer
12769,Mary Diaz,Puerto Rico,PR,Consumer
8639,Mary Smith,Puerto Rico,PR,Consumer
12110,Lisa Smith,Puerto Rico,PR,Consumer
13829,Roanna Velazquez,Puerto Rico,PR,Consumer
11436,Mary Brock,Puerto Rico,PR,Consumer
3789,Mary Mason,Puerto Rico,PR,Consumer
5093,Sara Rice,Puerto Rico,PR,Consumer
8007,Nicholas Garrison,Puerto Rico,PR,Consumer
3393,Nathan Smith,Puerto Rico,PR,Consumer
11297,Mary Ho,Puerto Rico,PR,Consumer
3227,Mary Smith,Puerto Rico,PR,Consumer
6147,Danielle Smith,Puerto Rico,PR,Consumer
12475,Britanney Middleton,Puerto Rico,PR,Consumer
15084,Zelda Bradley,Puerto Rico,PR,Consumer
14935,Ivy Gomez,Puerto Rico,PR,Consumer
7776,Julie Smith,Puerto Rico,PR,Consumer
1206,Tammy Montgomery,Puerto Rico,PR,Consumer
5793,Margaret Weeks,Puerto Rico,PR,Consumer
6799,Mary Smith,Puerto Rico,PR,Consumer
2103,Megan Smith,Puerto Rico,PR,Consumer
3323,Megan Meyers,Puerto Rico,PR,Consumer
8864,Mary Benson,Puerto Rico,PR,Consumer
10171,Kevin Smith,Puerto Rico,PR,Consumer
11019,Mary Zamora,Puerto Rico,PR,Consumer
6902,Melissa Smith,Puerto Rico,PR,Consumer
9207,Mary Rogers,Puerto Rico,PR,Consumer
18132,Gisela Guy,Puerto Rico,PR,Consumer
17888,Idola Fulton,Puerto Rico,PR,Consumer
18121,Sybill Whitehead,Puerto Rico,PR,Consumer
16501,Lucy Brennan,Puerto Rico,PR,Consumer
16499,Blair Brown,Puerto Rico,PR,Consumer
16624,Briar Suarez,Puerto Rico,PR,Consumer
15914,Sybill Baxter,Puerto Rico,PR,Consumer
15829,Amity Phillips,Puerto Rico,PR,Consumer
12361,Janet Odom,Puerto Rico,PR,Consumer
503,Rachel Smith,Puerto Rico,PR,Consumer
9724,Mary Black,Puerto Rico,PR,Consumer
18373,Oprah Ratliff,Puerto Rico,PR,Consumer
1624,Walter Huerta,Puerto Rico,PR,Consumer
18282,Simone Washington,Puerto Rico,PR,Consumer
3401,Sara Ramos,Puerto Rico,PR,Consumer
3258,Mary Smith,Puerto Rico,PR,Consumer
17266,Kelly Castaneda,Puerto Rico,PR,Consumer
20456,Irene Mccall,Puerto Rico,PR,Consumer
17440,Ciara Cleveland,Puerto Rico,PR,Consumer
8085,John Farmer,Puerto Rico,PR,Consumer
6893,Deborah Smith,Puerto Rico,PR,Consumer
6464,Wayne Mahoney,Puerto Rico,PR,Consumer
9400,Bruce Clayton,Puerto Rico,PR,Consumer
15581,Lacota Gallegos,Puerto Rico,PR,Consumer
15561,Cynthia Pace,Puerto Rico,PR,Consumer
1951,Joseph Hutchinson,Puerto Rico,PR,Consumer
385,Mary Smith,Puerto Rico,PR,Consumer
17542,Virginia Avila,Puerto Rico,PR,Consumer
18929,Tatum Lott,Puerto Rico,PR,Consumer
15187,Azalia Hayden,Puerto Rico,PR,Consumer
18566,Nicole Wynn,Puerto Rico,PR,Consumer
20358,Tamara York,Puerto Rico,PR,Consumer
20354,Blossom Perkins,Puerto Rico,PR,Consumer
20029,Madonna Hatfield,Puerto Rico,PR,Consumer
4920,Gloria Ewing,Puerto Rico,PR,Consumer
6641,Debra Gonzales,Puerto Rico,PR,Consumer
4068,Linda Hernandez,Puerto Rico,PR,Consumer
1791,Brian Smith,Puerto Rico,PR,Consumer
9806,Robert Smith,Puerto Rico,PR,Consumer
1308,Mary Smith,Puerto Rico,PR,Consumer
10107,Douglas Pollard,Puerto Rico,PR,Consumer
11915,Janet Phelps,Puerto Rico,PR,Consumer
5720,Peter Cooper,Puerto Rico,PR,Consumer
90,Mary Hurley,Puerto Rico,PR,Consumer
9109,Mary Brown,Puerto Rico,PR,Consumer
11545,Mary Armstrong,Puerto Rico,PR,Consumer
9568,Janice Andersen,Puerto Rico,PR,Consumer
3870,Willie Smith,Puerto Rico,PR,Consumer
3540,Nicole Bishop,Puerto Rico,PR,Consumer
6004,Mary Smith,Puerto Rico,PR,Consumer
6931,Nicole Smith,Puerto Rico,PR,Consumer
14326,Geraldine Lang,Puerto Rico,PR,Consumer
13433,Christine Burch,Puerto Rico,PR,Consumer
14178,Eugenia Roberson,Puerto Rico,PR,Consumer
14602,Stella Hines,Puerto Rico,PR,Consumer
14262,Fatima Potter,Puerto Rico,PR,Consumer
14135,Michelle Kline,Puerto Rico,PR,Consumer
13751,Sacha Woodward,Puerto Rico,PR,Consumer
13929,Felicia Gaines,Puerto Rico,PR,Consumer
14764,Katelyn Malone,Puerto Rico,PR,Consumer
10665,Sean Smith,Puerto Rico,PR,Consumer
12717,Madonna Horne,Puerto Rico,PR,Consumer
12582,Risa Holloway,Puerto Rico,PR,Consumer
15116,Emma Cherry,Puerto Rico,PR,Consumer
3922,Elizabeth Smith,Puerto Rico,PR,Consumer
7081,Mary Smith,Puerto Rico,PR,Consumer
12803,Cora Quinn,USA,CA,Corporate
13560,Nyssa Colon,USA,IL,Corporate
13812,Brynn Fernandez,USA,NY,Corporate
14830,Remedios Barrett,USA,NY,Corporate
13919,Ursa Weaver,USA,GA,Corporate
13541,Myra Slater,USA,MI,Corporate
12765,Bo Hale,USA,FL,Corporate
6807,Gloria Grimes,USA,CA,Corporate
5931,Mary Herrera,USA,CA,Corporate
12408,Randy Rice,USA,TX,Corporate
12559,Tatyana Hensley,USA,OR,Corporate
12450,Blaine Mcmillan,USA,CA,Corporate
12701,Claire Holloway,USA,IA,Corporate
12572,India Mcclure,USA,MA,Corporate
12518,Deanna Whitney,USA,TX,Corporate
12553,Octavia Oconnor,USA,WI,Corporate
12660,Dawn Fowler,USA,WV,Corporate
12515,Imogene Briggs,USA,TN,Corporate
12442,Leilani Strong,USA,NJ,Corporate
12744,Indira Craig,USA,NY,Corporate
12527,Hedy Nicholson,USA,TX,Corporate
15105,Aphrodite Hudson,USA,CA,Corporate
12847,Unity Hernandez,USA,DC,Corporate
14958,Kim Marshall,USA,PA,Corporate
12951,Dacey Osborne,USA,GA,Corporate
15080,Ann Emerson,USA,NY,Corporate
15006,Myra Luna,USA,NY,Corporate
12874,Lara English,USA,CA,Corporate
14968,Willow Cameron,USA,TX,Corporate
15075,Faith Mcguire,USA,CA,Corporate
14930,Pascale Gould,USA,OH,Corporate
15128,Xena Ramsey,USA,TX,Corporate
12872,Violet Gardner,USA,FL,Corporate
12943,Wanda Berger,USA,CA,Corporate
15091,Aphrodite Pope,USA,CA,Corporate
15073,Natalie Mccarthy,USA,VA,Corporate
12887,Katelyn Rowland,USA,NC,Corporate
14342,Clare Rhodes,USA,FL,Corporate
14249,Alma Sullivan,USA,TX,Corporate
14418,Marah Gonzalez,USA,PA,Corporate
12971,Alma Avila,USA,NY,Corporate
14277,Leigh Bates,USA,OH,Corporate
14023,Lacy Gilliam,USA,MI,Corporate
14784,Montana Nguyen,USA,TX,Corporate
13964,Neve Robles,USA,NV,Corporate
14874,Oprah Burnett,USA,NY,Corporate
13562,Fredericka Salinas,USA,NY,Corporate
13649,Cathleen Sullivan,USA,OR,Corporate
14864,Desiree Vang,USA,CA,Corporate
13701,Eleanor Davis,USA,CA,Corporate
7147,Kenneth Smith,USA,WI,Corporate
12481,Moana Bright,USA,CO,Corporate
12634,Phyllis Brock,USA,PA,Corporate
8878,Mary Fuentes,USA,HI,Corporate
7930,Rebecca Smith,USA,FL,Corporate
8765,Gary Smith,USA,TX,Corporate
2371,Barbara Smith,USA,TX,Corporate
9601,Olivia Reid,USA,NC,Corporate
18039,Irma Sanford,USA,NY,Corporate
18128,Xena Hayden,USA,NY,Corporate
18140,Veronica Wooten,USA,PA,Corporate
16611,Shellie Patton,USA,MI,Corporate
19071,Lydia Eaton,USA,WI,Corporate
19124,Ria Duke,USA,NJ,Corporate
16429,Lara Shannon,USA,FL,Corporate
16393,Bertha Lawrence,USA,MD,Corporate
16608,Miriam Wolfe,USA,CO,Corporate
16482,Ayanna Wooten,USA,MI,Corporate
16463,Alexis Dotson,USA,CA,Corporate
16535,Sloane Cline,USA,NY,Corporate
19048,Lynn Olsen,USA,ND,Corporate
19137,Nayda Bolton,USA,UT,Corporate
19136,Iola Rios,USA,CA,Corporate
16385,Bree Olsen,USA,PA,Corporate
19115,Nelle Mayo,USA,CA,Corporate
16420,Hilary Nash,USA,WA,Corporate
19131,Josephine English,USA,NY,Corporate
16418,Shea Vega,USA,TX,Corporate
16490,Rowan Pennington,USA,TX,Corporate
16614,Cathleen Keller,USA,FL,Corporate
16488,Rylee Brooks,USA,GA,Corporate
16524,Charde Weber,USA,UT,Corporate
16486,Ila Wagner,USA,NY,Corporate
15808,Audrey Obrien,USA,NJ,Corporate
18754,Quynn Obrien,USA,GA,Corporate
15843,Emma Mckenzie,USA,CA,Corporate
15805,Heidi Douglas,USA,NY,Corporate
15715,Martena Howard,USA,NY,Corporate
15678,Brianna Foster,USA,CA,Corporate
15822,Genevieve Myers,USA,TX,Corporate
15820,Emma Owens,USA,MD,Corporate
15856,Nelle Dodson,USA,MD,Corporate
15872,Rose Reyes,USA,IL,Corporate
15834,Xerxes Casey,USA,TX,Corporate
15780,Alma Schultz,USA,VA,Corporate
18798,Zelda Jarvis,USA,FL,Corporate
15847,Ifeoma Castaneda,USA,KS,Corporate
15810,Mechelle Schultz,USA,IL,Corporate
11353,Mary Silva,USA,CA,Corporate
17685,Iona Fitzgerald,USA,CA,Corporate
17667,Illana Weiss,USA,VA,Corporate
20661,Lani Webb,USA,LA,Corporate
18031,Darryl Lewis,USA,CA,Corporate
16056,Kylie Mason,USA,CO,Corporate
20426,Joan Grant,USA,AZ,Corporate
20444,Natalie Reeves,USA,TX,Corporate
17701,Sybil Fowler,USA,OR,Corporate
20425,Basia Gould,USA,NY,Corporate
15928,Jael Roy,USA,CA,Corporate
17413,Kay Sims,USA,OH,Corporate
18029,Taylor Bradley,USA,AZ,Corporate
12358,Mary Powers,Puerto Rico,PR,Home Office
9186,Mary Austin,USA,CA,Home Office
4109,Scott Shaffer,USA,MD,Home Office
7276,Pamela Smith,Puerto Rico,PR,Consumer
646,Tammy Smith,USA,MI,Consumer
8344,Daniel Smith,USA,NM,Consumer
203,Madison Blankenship,USA,AZ,Home Office
5521,Mary Williamson,USA,PA,Home Office
6412,Mary Smith,USA,NV,Home Office
10950,Mary Smith,USA,NC,Home Office
11180,Lisa Smith,Puerto Rico,PR,Home Office
848,Mary Smith,USA,CA,Consumer
4367,Danielle Moran,USA,MO,Home Office
6665,Anthony Smith,Puerto Rico,PR,Consumer
3502,Mary Smith,USA,CA,Home Office
9950,Ralph Pena,USA,HI,Home Office
3097,Douglas Hanna,Puerto Rico,PR,Consumer
3048,Mary Brown,USA,CA,Consumer
10789,Kimberly Cooke,USA,FL,Consumer
10217,Rose Smith,Puerto Rico,PR,Home Office
1964,Sara Thompson,USA,CA,Consumer
8276,Jordan Griffin,USA,CO,Consumer
12152,Mary Smith,USA,TX,Home Office
9423,Andrew Brown,USA,CA,Consumer
7517,Anna Sullivan,Puerto Rico,PR,Consumer
565,Christian Smith,USA,CA,Home Office
6551,Mary Hayes,USA,CA,Consumer
12162,Larry Marsh,USA,CA,Home Office
6084,Mary Smith,USA,CA,Home Office
11529,Mary Hernandez,USA,CA,Home Office
9840,Mary Smith,USA,CA,Home Office
1003,Tyler Smith,USA,MI,Consumer
3836,Nicholas Fleming,USA,VA,Home Office
8381,Mary Anderson,USA,IL,Home Office
2038,Tammy Smith,Puerto Rico,PR,Consumer
5081,Elizabeth Kelley,USA,OR,Home Office
5149,Marilyn Davis,Puerto Rico,PR,Corporate
6573,Joseph Noble,USA,MA,Home Office
3416,Mary Smith,USA,TX,Home Office
6315,Mary Lee,USA,CA,Home Office
2117,Hannah Wilcox,Puerto Rico,PR,Corporate
9071,Janice Hutchinson,USA,CA,Home Office
3015,Alice Sherman,Puerto Rico,PR,Consumer
7823,Amber Smith,USA,CA,Home Office
1059,Mary Walsh,USA,FL,Home Office
11816,Tammy Cannon,USA,NY,Home Office
1995,Janice James,Puerto Rico,PR,Consumer
3962,Kyle Smith,Puerto Rico,PR,Corporate
2448,Mildred Lopez,USA,NY,Home Office
11130,Mary Parker,USA,CA,Consumer
7515,Mary Smith,USA,TX,Home Office
8117,Mary Peterson,Puerto Rico,PR,Consumer
2822,James Ashley,Puerto Rico,PR,Consumer
8641,David Smith,Puerto Rico,PR,Corporate
1289,Mary Dominguez,USA,VA,Home Office
9721,Mary Smith,USA,NY,Home Office
3068,Margaret Smith,USA,PA,Consumer
10414,William Cunningham,USA,OR,Consumer
11679,Mary Benson,USA,CA,Home Office
723,Mary Smith,USA,VA,Home Office
557,Mary Smith,USA,HI,Consumer
304,Christopher Smith,USA,CT,Home Office
6276,Mary Forbes,USA,IL,Home Office
2658,Sara Cisneros,USA,TX,Consumer
9743,David Smith,USA,CA,Home Office
5746,Julie Anderson,USA,NY,Home Office
1433,Mary Turner,USA,CA,Home Office
8764,Mary Curtis,USA,AZ,Home Office
8722,Mary Hunt,USA,IL,Consumer
8241,Betty Smith,USA,KY,Consumer
6824,Ashley Moyer,USA,CA,Home Office
2127,Joshua Smith,USA,HI,Consumer
2295,Mary Carlson,USA,TN,Consumer
9809,Mary Smith,USA,MD,Consumer
9080,Mary Macias,USA,IL,Home Office
9021,Jane Murphy,USA,VA,Consumer
2482,Gerald Smith,USA,CA,Home Office
10019,Victoria Obrien,USA,NY,Home Office
7782,Mary Smith,USA,KY,Consumer
63,Aaron Smith,Puerto Rico,PR,Home Office
10604,Jennifer Smith,USA,NC,Home Office
6769,Katherine Riley,USA,CA,Home Office
5532,Mary Smith,USA,CA,Home Office
5395,Mary Bell,USA,TX,Home Office
3392,Victoria Pham,USA,CA,Home Office
1655,Arthur Hunter,Puerto Rico,PR,Home Office
8111,Jesse Cummings,USA,FL,Home Office
11402,Angela Wilkinson,USA,DE,Home Office
9759,Catherine Elliott,USA,TX,Home Office
10694,Mary Dunlap,Puerto Rico,PR,Consumer
10981,Mary Smith,USA,CA,Home Office
3231,Melissa Valdez,USA,PA,Home Office
862,Richard Smith,USA,TX,Home Office
4944,George Smith,Puerto Rico,PR,Consumer
855,Mary Davis,Puerto Rico,PR,Consumer
4313,Margaret Reid,Puerto Rico,PR,Corporate
9301,Linda King,USA,MA,Home Office
5634,Carl Sullivan,USA,MA,Home Office
2126,James Pollard,Puerto Rico,PR,Consumer
12105,Tammy Hahn,USA,CA,Consumer
8846,Thomas Smith,USA,CA,Consumer
3081,Bruce Thornton,USA,OH,Home Office
8068,Larry Smith,USA,PA,Consumer
8168,Ashley Smith,Puerto Rico,PR,Consumer
5345,Mary Martinez,USA,NY,Home Office
2928,Sarah Larsen,USA,MN,Home Office
8600,Judith Brown,USA,HI,Home Office
11452,Kathleen Orr,USA,FL,Home Office
3918,Mary Smith,Puerto Rico,PR,Corporate
10775,Mary Woodard,Puerto Rico,PR,Consumer
6197,Dennis Durham,Puerto Rico,PR,Consumer
696,Mary Romero,Puerto Rico,PR,Consumer
3604,Alexander Martin,USA,CA,Home Office
1823,Mary Lopez,USA,FL,Home Office
8944,Mary Smith,USA,CA,Home Office
2635,Victoria Hendricks,USA,TX,Consumer
6111,Cynthia Mcbride,USA,TN,Home Office
6673,Nancy Smith,Puerto Rico,PR,Consumer
3641,Thomas Smith,USA,FL,Consumer
892,Laura Smith,USA,TX,Home Office
3684,Patrick Smith,USA,TX,Home Office
3742,Samuel Bailey,USA,CA,Home Office
3080,Mary Smith,USA,OH,Home Office
9422,Mary Smith,USA,MD,Home Office
10580,Andrew Smith,USA,CA,Home Office
1420,Elizabeth Smith,USA,NV,Home Office
10916,Randy Smith,USA,CA,Home Office
2440,Virginia Davis,USA,CA,Home Office
3193,Joshua Smith,USA,MI,Home Office
5546,Jeremy Smith,Puerto Rico,PR,Corporate
8934,Mary Murray,USA,PA,Consumer
4416,Crystal Powell,USA,TX,Home Office
12126,Phillip Smith,USA,MI,Home Office
4428,Mary Smith,Puerto Rico,PR,Corporate
9624,Ann Smith,Puerto Rico,PR,Corporate
4534,Mary Smith,Puerto Rico,PR,Consumer
4207,Linda Luna,Puerto Rico,PR,Consumer
5442,Judy Mccarthy,USA,IL,Home Office
4261,Amber Nguyen,USA,MI,Home Office
7937,Mary Smith,USA,NC,Consumer
561,Ralph Griffith,Puerto Rico,PR,Corporate
2326,Charles Jones,USA,IL,Consumer
6976,Debra Jennings,USA,CA,Home Office
9940,Aaron Hanna,USA,CA,Home Office
11744,Mary Hunter,USA,NJ,Home Office
4804,Mary Smith,USA,FL,Corporate
8494,Mary Owen,USA,AZ,Corporate
945,Carl Reynolds,USA,CA,Corporate
623,Judith Smith,USA,AZ,Home Office
13435,Xerxes Dominguez,USA,MN,Home Office
14445,Kim Conner,USA,FL,Home Office
13017,Freya Little,USA,NJ,Home Office
14338,Illiana Mccormick,USA,OH,Home Office
14405,Emma French,USA,WI,Home Office
3273,Mary Ford,USA,CA,Home Office
9552,Richard Wilkerson,USA,NV,Home Office
12429,Mary Smith,USA,CA,Home Office
13843,Aretha Stewart,USA,NY,Home Office
1365,Evelyn Smith,USA,NY,Home Office
13591,Kimberley Witt,USA,CO,Home Office
11721,Karen Harris,USA,MO,Home Office
3384,Mary Smith,USA,MD,Home Office
3878,Barbara Smith,USA,FL,Home Office
3925,Mary Hicks,USA,NY,Home Office
11491,David Smith,USA,VA,Home Office
12326,Mary Tate,USA,CA,Home Office
9951,Mary Cline,USA,CA,Home Office
2704,Aaron Boyle,USA,CA,Home Office
6818,Angela Daniel,USA,CA,Home Office
12684,Courtney Mueller,USA,TX,Home Office
14988,Rylee Crawford,USA,IL,Home Office
14934,Kaitlin Jackson,USA,OR,Home Office
3796,Mary Davis,USA,FL,Home Office
1998,Mary Smith,USA,CO,Home Office
9143,Tyler Smith,USA,WV,Home Office
2430,Michelle Smith,USA,TX,Home Office
10943,Mary Chapman,USA,TX,Home Office
9030,Raymond Smith,USA,CA,Home Office
11528,Kathleen Garcia,USA,MD,Home Office
4639,Kevin Smith,USA,CA,Home Office
4676,Donna Randolph,USA,CA,Home Office
521,James Vaughn,USA,OR,Home Office
1889,Mary West,USA,GA,Home Office
18207,Olivia Holmes,USA,NJ,Home Office
19163,Cassandra Benjamin,USA,CA,Home Office
1277,Patrick Bishop,USA,WI,Home Office
10536,Michelle Massey,USA,MA,Home Office
20751,Shelley Irwin,USA,PA,Home Office
11841,Virginia Moore,USA,SC,Home Office
20496,Briar Ball,USA,MI,Home Office
11849,Mary Randolph,USA,WA,Home Office
15981,Simone Ayers,USA,NY,Home Office
10628,Mary Aguilar,USA,CA,Home Office
18345,Lareina Blankenship,USA,VA,Home Office
20741,Carissa Erickson,USA,MI,Home Office
15918,Karina Goodwin,USA,VA,Home Office
9416,Linda Smith,USA,VA,Home Office
11465,Mary Smith,USA,CA,Home Office
3864,David Smith,USA,TX,Home Office
7368,Hannah Morton,USA,OR,Home Office
15311,Samantha Duke,USA,CT,Home Office
175,Ronald Guzman,USA,CA,Home Office
20154,Kendall Wong,USA,NY,Home Office
7048,Mary Smith,USA,UT,Home Office
4595,Christian Smith,USA,CA,Home Office
262,Mary Morgan,USA,IL,Home Office
10133,Alexander Smith,USA,NY,Home Office
8013,Mary Adams,USA,WI,Home Office
5448,Kelly English,USA,FL,Home Office
534,Mary Morris,USA,CA,Home Office
634,Jack Edwards,USA,CA,Home Office
9298,John Smith,USA,FL,Home Office
2288,Kathleen Griffin,USA,CA,Home Office
11147,Mary Smith,USA,CA,Home Office
8081,Mary Cameron,USA,CA,Home Office
8466,Mary Smith,USA,IL,Home Office
9300,Mary Smith,USA,CT,Home Office
2904,Lisa Walton,USA,AZ,Home Office
3357,Mary Smith,USA,FL,Home Office
8630,Jeremy Smith,USA,CA,Home Office
2033,Mary Bates,USA,NJ,Home Office
10599,Mary Jordan,USA,PA,Home Office
14565,Blossom Bray,USA,CA,Home Office
12822,Brianna Fox,USA,TX,Home Office
5708,Mary Smith,USA,CA,Home Office
2537,Mary Smith,USA,AZ,Home Office
6628,Billy Johnson,USA,NC,Home Office
7859,Patricia Hopkins,USA,CA,Home Office
8964,Mary Berger,USA,KY,Home Office
9449,Betty Smith,USA,TX,Home Office
2216,Rebecca Smith,USA,CA,Home Office
16556,Kimberley Reid,USA,TN,Home Office
16555,Eve Rogers,USA,CA,Home Office
19242,Alexa Nielsen,USA,CA,Home Office
20509,Simone Ware,USA,CA,Home Office
17672,April Pace,USA,NY,Home Office
15467,Deanna Mullen,USA,NY,Home Office
4349,Donna Williams,USA,UT,Home Office
10190,Mary Smith,USA,CO,Home Office
9185,Katherine Wilson,USA,IL,Home Office
10124,Mary Santos,USA,NY,Home Office
3866,Ryan Smith,USA,FL,Home Office
13076,Ainsley Alston,USA,DE,Home Office
13038,Imani Preston,USA,NY,Home Office
2755,Andrew Smith,USA,CO,Home Office
6378,Steven Elliott,USA,IL,Home Office
1935,Mary Smith,USA,GA,Home Office
2225,Mary Smith,USA,CA,Home Office
8731,Donna Allen,USA,MI,Home Office
995,Helen Hinton,USA,IN,Home Office
2783,Mary Willis,USA,OH,Home Office
4099,Evelyn Smith,USA,NY,Home Office
6166,Margaret Smith,USA,NC,Home Office
1069,Mary Daniel,USA,GA,Home Office
10140,Sharon Smith,USA,CA,Home Office
5026,Christian Smith,USA,AR,Home Office
11651,Frank Camacho,USA,NJ,Home Office
378,John Stewart,USA,GA,Home Office
10971,Peter Booker,USA,CA,Home Office
1476,Eugene Bray,USA,HI,Home Office
6460,Mary Smith,USA,NC,Home Office
2434,Betty Gordon,USA,NC,Home Office
9703,Jonathan Smith,USA,WA,Home Office
12004,Marie Martinez,USA,CA,Home Office
7575,Mary Romero,USA,MI,Home Office
2802,Gregory Smith,USA,OH,Home Office
11663,Emily Hill,USA,TN,Home Office
126,Austin Smith,USA,TX,Home Office
9503,Mary Fitzpatrick,USA,FL,Home Office
379,David Briggs,USA,MI,Home Office
16592,Nicole Gomez,USA,CA,Home Office
19100,Ivy Mccall,USA,NJ,Home Office
18790,Rachel Mcfadden,USA,CA,Home Office
15695,Madeson David,USA,NY,Home Office
11185,Barbara Smith,USA,NY,Home Office
20517,Rowan Yang,USA,AR,Home Office
20534,Harriet Mayo,USA,IN,Home Office
315,Danielle Hampton,USA,CA,Home Office
731,Robert Smith,USA,GA,Home Office
2746,Stephanie Smith,USA,MI,Home Office
1434,Denise Smith,USA,OH,Home Office
19774,Cathleen Mccarthy,USA,IL,Home Office
20060,Chantale Vance,USA,CA,Home Office
16166,Desiree Patel,USA,VA,Home Office
20257,Beatrice Blanchard,USA,GA,Home Office
19859,Remedios Byrd,USA,MD,Home Office
20254,Lilah Lyons,USA,OR,Home Office
19858,Anika Cain,USA,AZ,Home Office
17202,Lareina Franks,USA,CT,Home Office
11680,Emma Smith,USA,CA,Home Office
2429,Mary Roberts,USA,NY,Home Office
8221,Janet Sampson,USA,TX,Home Office
10369,Terry Smith,USA,AZ,Home Office
460,Vincent Willis,USA,CT,Home Office
6612,Mary Chaney,USA,MI,Home Office
3197,Mary Holloway,USA,CA,Home Office
5217,David Smith,USA,CA,Home Office
10669,Michael Cowan,USA,IL,Home Office
8950,David Smith,USA,NY,Home Office
149,Shirley Mcclain,USA,CA,Home Office
1675,Mary Moore,USA,TX,Home Office
3229,Teresa Smith,USA,CA,Home Office
5353,Mary Smith,USA,TX,Home Office
5449,Mary Smith,USA,TX,Home Office
6359,Jerry Smith,USA,IL,Home Office
8463,Nathan Burns,USA,OR,Home Office
2647,Susan Smith,USA,CA,Home Office
9066,Mary Williams,USA,MA,Home Office
11309,Mary Smith,USA,NY,Home Office
9718,Mary Clark,USA,VA,Home Office
9121,Mary Smith,USA,CA,Home Office
3380,Mary Pitts,USA,MI,Home Office
2380,Mary Roberts,USA,MO,Home Office
13049,Kelsie Vincent,USA,NY,Home Office
14298,Reagan Williams,USA,CA,Home Office
14296,Amena Munoz,USA,CA,Home Office
13222,Charlotte Raymond,USA,IL,Home Office
13114,Phoebe Mcintosh,USA,TX,Home Office
7871,Bobby Branch,USA,NV,Home Office
1336,Donald Rogers,USA,CA,Home Office
3575,Hannah Cooper,USA,FL,Home Office
5111,Janice Reilly,USA,NY,Home Office
13643,Miriam Fisher,USA,CA,Home Office
1773,Joan Carr,USA,MI,Home Office
13714,Mariko English,USA,TX,Home Office
10710,Rebecca Smith,USA,IL,Home Office
4690,Nicholas Adams,USA,NV,Home Office
13983,Kylie Patterson,USA,AZ,Home Office
5338,Amber Smith,USA,NJ,Home Office
6556,Mary Smith,USA,CA,Home Office
1816,Mary Taylor,USA,FL,Home Office
8074,Mary Harris,USA,TX,Home Office
13671,Alexis Parrish,USA,CA,Home Office
14899,Lacey Fuller,USA,WI,Home Office
4613,Ashley Gordon,USA,TX,Home Office
10305,Catherine Hudson,USA,KY,Home Office
331,Alexander Russell,USA,AZ,Home Office
1688,Mary Blake,USA,CA,Home Office
710,Mary Smith,USA,WA,Home Office
11649,Wayne Landry,USA,CO,Home Office
1605,Mary Horne,USA,AZ,Home Office
6698,Kathryn Barnett,USA,TX,Home Office
265,Michelle Solis,USA,IA,Home Office
6882,Raymond George,USA,NJ,Home Office
4518,Jennifer Smith,USA,CA,Home Office
2980,Mildred Raymond,USA,GA,Home Office
12680,Vera Compton,USA,CA,Home Office
12525,Leilani Bradshaw,USA,CA,Home Office
12866,Illiana Figueroa,USA,CA,Home Office
14978,Destiny Wagner,USA,TN,Home Office
12878,Emma Wiley,USA,PA,Home Office
15058,Stella Bowers,USA,NC,Home Office
15054,Kitra Watson,USA,CA,Home Office
10695,Andrew Smith,USA,IL,Home Office
6684,Mary Strong,USA,WA,Home Office
12348,Alan Smith,USA,NY,Home Office
1057,Richard Haynes,USA,CA,Home Office
1089,Mary Hamilton,USA,NC,Home Office
1327,Kelly Elliott,USA,IL,Home Office
10936,Johnny Barron,USA,CA,Home Office
8969,Sandra Bennett,USA,TX,Home Office
6090,Mary Smith,USA,TX,Home Office
12118,Mary Zimmerman,USA,FL,Home Office
5351,Mary Smith,USA,OH,Home Office
2378,Mary Todd,USA,PA,Home Office
9122,Carl Russo,USA,NV,Home Office
4933,Mary Smith,USA,TX,Home Office
8073,Rachel Smith,USA,CA,Home Office
1556,Mary Smith,USA,NV,Home Office
10726,Mary Rojas,USA,WA,Home Office
5309,Jessica Johnston,USA,GA,Home Office
3900,Mary Mcdonald,USA,IL,Home Office
2915,Sandra Green,USA,CA,Home Office
8186,Theresa Smith,USA,MI,Home Office
4267,Ashley Peters,USA,OH,Home Office
2800,Edward Hernandez,USA,MI,Home Office
3982,Roger Oliver,USA,TX,Home Office
18189,Lydia Allen,USA,OH,Home Office
18258,Aspen Watts,USA,NY,Home Office
15853,Breanna Lancaster,USA,IL,Home Office
9069,Debra Ramirez,USA,PA,Home Office
8717,Adam Taylor,USA,CA,Home Office
17703,Xaviera Boyd,USA,IL,Home Office
18336,Aretha Mcbride,USA,NY,Home Office
20621,Kirsten Steele,USA,GA,Home Office
17734,Gretchen Cannon,USA,CA,Home Office
15980,Victoria Whitney,USA,ND,Home Office
9778,Kathy Maddox,USA,CA,Home Office
1584,Mary Hickman,USA,FL,Home Office
20739,Frances Stevens,USA,CT,Home Office
17421,Libby Roy,USA,MI,Home Office
11476,Linda Smith,USA,CA,Home Office
6406,Daniel Clark,USA,DC,Home Office
6001,Andrew Smith,USA,CA,Home Office
7742,Mary Pittman,USA,CA,Home Office
3037,Christopher Smith,USA,TX,Home Office
18649,Cathleen Hansen,USA,CT,Home Office
11202,Mary Frederick,USA,CA,Home Office
5776,Albert Martin,USA,OH,Home Office
1005,Maria Peterson,USA,NY,Home Office
824,Mary Smith,USA,MD,Home Office
8953,Emma Avila,USA,ID,Home Office
586,Patricia Jefferson,USA,TX,Home Office
20243,Hillary Mills,USA,VA,Home Office
17784,Brenna Byrd,USA,CA,Home Office
20225,Imani Swanson,USA,CA,Home Office
19881,Alfreda Key,USA,FL,Home Office
20239,Lareina Buck,USA,CA,Home Office
16202,Astra Santana,USA,CA,Home Office
19933,Adena Goff,USA,OH,Home Office
20255,Fatima Lowe,USA,FL,Home Office
20201,Illiana Robertson,USA,CA,Home Office
18977,Skyler Newman,USA,KS,Home Office
19929,Bertha Craft,USA,CA,Home Office
15278,Marny Bailey,USA,CA,Home Office
17057,Leandra Horton,USA,CA,Home Office
19007,Jena Puckett,USA,MI,Home Office
20086,Venus Barron,USA,CA,Home Office
4155,Scott Camacho,USA,CA,Home Office
11303,Mary Smith,USA,NJ,Home Office
3653,Peter Smith,USA,NJ,Home Office
10939,Sean Smith,USA,VA,Home Office
3608,Mary Rogers,USA,NY,Home Office
664,Bobby Jimenez,USA,MI,Home Office
8132,Sharon Choi,USA,NC,Home Office
3053,Jennifer Harvey,USA,WA,Home Office
6054,Richard Reilly,USA,CA,Home Office
2471,Olivia Smith,USA,MI,Home Office
1712,Megan Brown,USA,PA,Home Office
789,Mary Martinez,USA,CA,Home Office
9219,Mary Smith,USA,CA,Home Office
2850,Dennis Smith,USA,NY,Home Office
9117,Jessica Smith,USA,FL,Home Office
4103,Mary Smith,USA,MA,Home Office
11242,Brandon Frost,USA,MI,Home Office
11144,Jose Dickerson,USA,AZ,Home Office
9409,Jonathan Smith,USA,NY,Home Office
9631,Emily Smith,USA,TX,Home Office
549,Mary Smith,USA,TX,Home Office
11878,Mary Smith,USA,CA,Home Office
8218,Maria Smith,USA,TX,Home Office
2257,Matthew Burgess,USA,WI,Home Office
3383,Jose Casey,USA,NY,Home Office
486,John Smith,USA,OH,Home Office
10851,Dylan Stephens,USA,MO,Home Office
4343,Donald Cuevas,USA,FL,Home Office
5130,Mary Pope,USA,NC,Home Office
10295,Benjamin Garcia,USA,TN,Home Office
7079,Matthew Thomas,USA,GA,Home Office
10774,Kenneth Perez,USA,GA,Home Office
11648,Angela Smith,USA,MA,Home Office
11480,Mary Mccarthy,USA,OR,Home Office
1340,Mary Smith,USA,PA,Home Office
6129,Elizabeth Smith,USA,CA,Home Office
12337,Mary Davis,USA,IL,Consumer
5915,Mary Hamilton,USA,GA,Consumer
3450,Mary Fields,USA,CA,Consumer
11248,Mary Arnold,USA,HI,Consumer
11192,Andrew Dickson,USA,FL,Consumer
6851,Mary Smith,USA,MI,Consumer
2059,Charles Riley,USA,OH,Consumer
7072,Mary Duffy,USA,HI,Consumer
922,Stephanie Willis,USA,OH,Consumer
10094,Joseph Friedman,USA,CA,Consumer
14666,Riley Humphrey,USA,CA,Consumer
14557,Nomlanga Douglas,USA,VA,Consumer
13094,Jessamine Barrera,USA,PA,Consumer
14629,Idola Tillman,USA,IL,Consumer
13183,Tasha Moss,USA,CA,Consumer
14627,Lysandra Barry,USA,CA,Consumer
13074,Fay Romero,USA,NJ,Consumer
13110,Isabella Holman,USA,PA,Consumer
14164,Jena Prince,USA,CA,Consumer
14590,Sydney Blair,USA,TX,Consumer
14554,Maisie Albert,USA,NJ,Consumer
14108,Nayda Kane,USA,CA,Consumer
14139,Laurel Vincent,USA,AL,Consumer
14548,Ainsley Morrison,USA,VA,Consumer
13444,Dorothy Hooper,USA,CA,Consumer
13191,Cally Melton,USA,AZ,Consumer
13011,Keelie Whitney,USA,CA,Consumer
14119,Guinevere Hill,USA,TX,Consumer
13046,Martina Thornton,USA,NY,Consumer
14244,Skyler Gillespie,USA,MT,Consumer
13205,Katell Norton,USA,WA,Consumer
14560,Jillian Randolph,USA,NJ,Consumer
13133,Winifred Gill,USA,DC,Consumer
13420,Bree Franco,USA,IL,Consumer
13474,Rowan Paul,USA,CA,Consumer
11752,Michael Miller,USA,FL,Consumer
13825,Jaime Pittman,USA,CA,Consumer
14807,Felicia Guerrero,USA,TX,Consumer
10697,Jennifer Delacruz,USA,CA,Consumer
14912,Diana Lawson,USA,LA,Consumer
14732,Danielle Ellis,USA,AZ,Consumer
14839,Darrel Hunt,USA,PA,Consumer
6546,Mary Ward,USA,MI,Consumer
13547,Camilla Ward,USA,PA,Consumer
4966,Amber Bradley,USA,OH,Consumer
14888,Abra Mcdonald,USA,NM,Consumer
13869,Vivien Vang,USA,CA,Consumer
13887,Hedda Gilbert,USA,FL,Consumer
12824,Amena Leon,USA,CA,Consumer
9509,Mary Jones,USA,MI,Consumer
9478,Mary Dixon,USA,MA,Consumer
11027,Teresa Smith,USA,OH,Consumer
13758,Pascale Benton,USA,TN,Consumer
13722,Azalia Wilkerson,USA,NV,Consumer
10776,Amy Compton,USA,TX,Consumer
13757,Maris Donovan,USA,CA,Consumer
13685,Hedwig Gordon,USA,TX,Consumer
11371,Sarah Smith,USA,CA,Consumer
10402,Lori Mendoza,USA,CA,Consumer
12763,Amanda Baldwin,USA,TX,Consumer
13610,Faith Morse,USA,TN,Consumer
9564,Mary Griffith,USA,TX,Consumer
200,Keith Smith,USA,MA,Consumer
12277,Mary Baxter,USA,CA,Consumer
11053,Mary Smith,USA,CA,Consumer
7917,Ashley Palmer,USA,TX,Consumer
3887,Mary Berry,USA,TX,Consumer
10433,Elizabeth Ball,USA,TX,Consumer
11343,Julie Smith,USA,FL,Consumer
12433,Benjamin Garcia,USA,NY,Consumer
3718,Mark Ward,USA,NV,Consumer
7949,Mary Barrera,USA,OH,Consumer
9255,William Smith,USA,IL,Consumer
12649,Iona Mitchell,USA,CT,Consumer
12736,Illiana Hubbard,USA,TX,Consumer
12480,Tashya Guzman,USA,CA,Consumer
14980,Katell Chapman,USA,PA,Consumer
15032,Madeson Vega,USA,AZ,Consumer
15085,Dakota Conrad,USA,OH,Consumer
15066,Cami Sears,USA,IL,Consumer
15117,Chiquita Mcgee,USA,GA,Consumer
12894,Nell Hanson,USA,CA,Consumer
15094,Rosalyn Hayden,USA,TX,Consumer
15035,Sloane Schroeder,USA,CA,Consumer
14981,Clio Gonzalez,USA,TX,Consumer
14448,Brynne Neal,USA,WI,Consumer
13052,Rowan Hopkins,USA,GA,Consumer
14511,Azalia Wright,USA,PA,Consumer
14766,Fiona Bass,USA,CA,Consumer
12338,Michael Hall,USA,AZ,Consumer
3898,Michael Hickman,USA,WV,Consumer
5276,Mary Martin,USA,OH,Consumer
5589,Mary Smith,USA,OH,Consumer
920,Megan Schmidt,USA,TX,Consumer
283,Mary Smith,USA,CA,Consumer
33,Adam Petersen,USA,VA,Consumer
9686,Ruth Kramer,USA,IL,Consumer
11969,Mary Smith,USA,HI,Consumer
3966,Emma Smith,USA,NY,Consumer
8903,Mary Torres,USA,MI,Consumer
11181,Mary Hernandez,USA,NY,Consumer
5123,Michelle Bender,USA,AZ,Consumer
11298,Anthony Best,USA,VA,Consumer
1366,Mary Haas,USA,CA,Consumer
5953,Mary Sparks,USA,PA,Consumer
8980,Laura Smith,USA,LA,Consumer
4341,Mary Smith,USA,NY,Consumer
12159,Emma Thompson,USA,MD,Consumer
1447,Grace Smith,USA,DE,Consumer
18252,Hedwig Barrett,USA,NJ,Consumer
18250,Whitney Mcconnell,USA,CA,Consumer
18087,Yolanda Farrell,USA,IL,Consumer
18229,Reagan Weiss,USA,NY,Consumer
16461,Dorothy Mcguire,USA,CA,Consumer
19278,Alma Williams,USA,OR,Consumer
19044,Jayme Parks,USA,TX,Consumer
19186,Wynter Terrell,USA,CA,Consumer
16545,Miranda Conrad,USA,MD,Consumer
19220,Faith Mcgowan,USA,RI,Consumer
16543,Yuri Ruiz,USA,UT,Consumer
15824,Ana Ferguson,USA,GA,Consumer
15698,Blair Sexton,USA,IL,Consumer
18788,Ocean Mckinney,USA,UT,Consumer
18769,Sylvia Mason,USA,MD,Consumer
15839,Lara Mccarthy,USA,PA,Consumer
18767,Christine Campbell,USA,NC,Consumer
15728,Amanda Morrison,USA,TX,Consumer
15907,Hayfa Mathews,USA,MA,Consumer
15906,Lavinia Coffey,USA,IL,Consumer
18830,Sage Edwards,USA,MD,Consumer
15864,Medge Rhodes,USA,IL,Consumer
6814,Mary May,USA,IL,Consumer
1814,Mary Skinner,USA,DE,Consumer
1318,Mary Freeman,USA,NJ,Consumer
5925,Megan Bennett,USA,NY,Consumer
20481,Simone Benson,USA,FL,Consumer
4041,Mary Santiago,USA,WI,Consumer
20678,Iola Blackwell,USA,NY,Consumer
18280,Candice Marquez,USA,CA,Consumer
17922,Ora Burt,USA,TX,Consumer
17522,Irma Lewis,USA,NJ,Consumer
10355,Dennis Smith,USA,MN,Consumer
17359,Nell Wilson,USA,FL,Consumer
20514,Kelsie Washington,USA,MO,Consumer
5144,Mary Montoya,USA,FL,Consumer
20567,Jordan Romero,USA,IL,Consumer
8665,Christine Turner,USA,CA,Consumer
8614,Christine Rosales,USA,CA,Consumer
20566,Lila Estes,USA,NY,Consumer
17357,Phyllis Flowers,USA,PA,Consumer
17679,Carly Weeks,USA,OH,Consumer
18456,Bertha Lyons,USA,FL,Consumer
20385,Miriam Reeves,USA,IA,Consumer
20457,Clementine Flowers,USA,CA,Consumer
11805,Anthony Smith,USA,NY,Consumer
17318,Lilah Woodard,USA,CA,Consumer
17335,Clare Booker,USA,CA,Consumer
1075,Michelle Smith,USA,DC,Consumer
11008,Mary Olson,USA,TX,Consumer
20561,Genevieve Keller,USA,TX,Consumer
18308,Karly Mills,USA,NY,Consumer
17441,Brynne Carpenter,USA,KY,Consumer
17913,Kim Gibson,USA,WI,Consumer
9623,Mary Davila,USA,TX,Consumer
17367,Emi Morin,USA,TX,Consumer
20396,Noel Murray,USA,NV,Consumer
17965,Leslie Ratliff,USA,TN,Consumer
11669,Mary Murray,USA,OR,Consumer
8339,Richard Smith,USA,CA,Consumer
20557,Aubrey Mcgowan,USA,NY,Consumer
17928,Adara Frye,USA,CA,Consumer
17910,Quincy Cox,USA,TX,Consumer
20718,Ulla Rocha,USA,NV,Consumer
16042,Virginia Barrett,USA,NY,Consumer
4545,Andrea Smith,USA,NV,Consumer
9894,Mary Fowler,USA,CA,Consumer
926,Ashley Browning,USA,PA,Consumer
18699,Victoria Sampson,USA,CA,Consumer
15530,Cheyenne Ward,USA,CA,Consumer
15617,Ella Copeland,USA,TX,Consumer
15670,Celeste Mason,USA,TX,Consumer
15452,Nevada Benton,USA,CO,Consumer
15433,Paloma Franklin,USA,NJ,Consumer
15631,Abigail Stevens,USA,CA,Consumer
15414,Ruth Lynch,USA,CA,Consumer
3261,Wayne Adams,USA,CA,Consumer
8525,Mary Smith,USA,NY,Consumer
6984,John Ewing,USA,IL,Consumer
11770,James Smith,USA,NY,Consumer
17607,Blythe Barrett,USA,TX,Consumer
17533,Iris Hendricks,USA,CA,Consumer
15286,Karly Joyner,USA,NY,Consumer
16332,Darrel Wheeler,USA,FL,Consumer
18930,Chava Hopkins,USA,IL,Consumer
17208,Christen Perkins,USA,OH,Consumer
15285,Hilary Turner,USA,TX,Consumer
20188,Emily Stark,USA,CA,Consumer
16150,Isabella Hoffman,USA,CA,Consumer
20079,Nelle Landry,USA,MA,Consumer
18628,Fay Juarez,USA,AZ,Consumer
17207,Chastity Campos,USA,CA,Consumer
18555,Chanda Wolf,USA,OH,Consumer
17799,Ila Hess,USA,HI,Consumer
20114,Iona Good,USA,CA,Consumer
15228,Hillary Harrison,USA,MA,Consumer
17097,Fiona Garner,USA,MO,Consumer
20095,Josephine Rodriquez,USA,NC,Consumer
19914,Tatiana Simpson,USA,CA,Consumer
17042,Meredith Guthrie,USA,WI,Consumer
18553,Shelby Nieves,USA,FL,Consumer
16344,Kathleen Sanford,USA,NJ,Consumer
19985,Nora Gregory,USA,NV,Consumer
18551,Grace Rodriquez,USA,NY,Consumer
20218,Cassandra Bentley,USA,FL,Consumer
16342,Sydney Houston,USA,AZ,Consumer
17146,Martha Dillard,USA,NJ,Consumer
19927,September Larsen,USA,TX,Consumer
20071,Jolie Trevino,USA,UT,Consumer
19800,Mona Acosta,USA,TX,Consumer
19944,Octavia Dickson,USA,PA,Consumer
15238,Yvonne Hudson,USA,OH,Consumer
17251,Shelley Campos,USA,CO,Consumer
18545,Frances Mccarty,USA,FL,Consumer
20374,Cherokee Underwood,USA,CA,Consumer
20175,Blythe Mccullough,USA,AZ,Consumer
20300,Demetria Obrien,USA,TX,Consumer
16137,Shannon Sykes,USA,FL,Consumer
16173,Jamalia Ball,USA,NC,Consumer
16280,Eve Hood,USA,VA,Consumer
20299,Orli Crawford,USA,CA,Consumer
17804,Cherokee Cervantes,USA,IL,Consumer
19921,Bree Holt,USA,IL,Consumer
16243,Kaitlin Scott,USA,FL,Consumer
19191,Darryl Noble,USA,IL,Consumer
17925,Courtney Cummings,USA,TX,Consumer
18011,Petra Rowe,USA,CA,Consumer
17681,Helen Melendez,USA,OR,Consumer
17711,Anastasia Lowe,USA,GA,Consumer
6022,Mary Smith,USA,PA,Consumer
17908,Octavia Morris,USA,NJ,Consumer
15587,Stephanie Tran,USA,IL,Consumer
18692,Mona Jackson,USA,NY,Consumer
891,Mary Manning,USA,OR,Consumer
3533,Mary Smith,USA,NY,Consumer
19863,Danielle Hudson,USA,TX,Consumer
17797,Petra Aguirre,USA,NY,Consumer
16345,Alfreda Clark,USA,IL,Consumer
15226,Giselle Stevens,USA,CA,Consumer
17184,Faith Bradley,USA,TX,Consumer
19797,Donna Horn,USA,NY,Consumer
17103,Yetta Mooney,USA,CA,Consumer
4854,Laura Owens,USA,NY,Consumer
57,Mary Smith,USA,MD,Consumer
9561,Robert Smith,USA,AZ,Consumer
2315,Paul Shelton,USA,TX,Consumer
3044,Mary Hunter,USA,CO,Consumer
4771,Mary Smith,USA,CA,Consumer
3103,Mary Wilkins,USA,NY,Consumer
5792,Mary Smith,USA,MO,Consumer
10106,Mary Smith,USA,TX,Consumer
4996,Christine Zimmerman,USA,KS,Consumer
7755,Cheryl Smith,USA,KY,Consumer
7207,Mary Wolfe,USA,DC,Consumer
2234,Mary Smith,USA,IL,Consumer
5121,Shawn Holmes,USA,CA,Consumer
7727,Evelyn Smith,USA,OR,Consumer
7801,Teresa Smith,USA,NM,Consumer
1913,Ethan Smith,USA,CA,Consumer
7702,Jack Smith,USA,IL,Consumer
11345,John Mathis,USA,ND,Consumer
2351,Mary Fuller,USA,TX,Consumer
6431,Richard Smith,USA,CA,Consumer
3436,Joshua Lewis,USA,IL,Consumer
7941,Ashley Smith,USA,NY,Consumer
11040,Hannah Gregory,USA,FL,Consumer
1290,Carolyn Charles,USA,VA,Consumer
3013,Grace Taylor,USA,MI,Consumer
5514,Linda Collins,USA,IL,Consumer
11907,Stephen Lynn,USA,NJ,Consumer
8377,Jack Christian,USA,TX,Consumer
1800,Lori Acosta,USA,NY,Consumer
1454,Grace Smith,USA,CA,Consumer
5996,Mary Smith,USA,OH,Consumer
580,Kimberly Lee,Puerto Rico,PR,Corporate
2507,Mary Yang,Puerto Rico,PR,Corporate
3534,James Marshall,Puerto Rico,PR,Corporate
9865,William Smith,Puerto Rico,PR,Corporate
11802,Mary Lindsey,Puerto Rico,PR,Corporate
5434,Maria Melendez,Puerto Rico,PR,Corporate
4644,Mary Dixon,Puerto Rico,PR,Corporate
4574,Margaret Mitchell,Puerto Rico,PR,Corporate
111,Frank Smith,Puerto Rico,PR,Corporate
8569,Vincent Smith,Puerto Rico,PR,Corporate
6329,Bruce Smith,Puerto Rico,PR,Corporate
8921,Mary Pratt,Puerto Rico,PR,Corporate
8101,Mary Hudson,Puerto Rico,PR,Corporate
1726,Crystal Smith,Puerto Rico,PR,Corporate
5042,Andrew Garner,Puerto Rico,PR,Corporate
7846,Mary Sherman,Puerto Rico,PR,Corporate
8216,Linda Daniel,Puerto Rico,PR,Corporate
4861,Rebecca Smith,Puerto Rico,PR,Corporate
3105,Mary Stone,Puerto Rico,PR,Corporate
6515,Mary Smith,Puerto Rico,PR,Corporate
3998,Matthew Smith,Puerto Rico,PR,Corporate
3689,Mary Wallace,Puerto Rico,PR,Corporate
2565,Mary Kelly,Puerto Rico,PR,Corporate
7730,Mary Thompson,Puerto Rico,PR,Corporate
7644,Mary Freeman,Puerto Rico,PR,Corporate
11724,Mary Parks,Puerto Rico,PR,Corporate
1586,Nancy Williams,Puerto Rico,PR,Corporate
4859,Michelle Martinez,Puerto Rico,PR,Corporate
2138,Larry Smith,Puerto Rico,PR,Corporate
6260,Mary Randolph,Puerto Rico,PR,Corporate
11243,Mary Smith,Puerto Rico,PR,Corporate
7477,Mary Todd,Puerto Rico,PR,Corporate
9433,Mary Nash,Puerto Rico,PR,Corporate
10260,Betty Smith,Puerto Rico,PR,Corporate
2656,Charles Smith,Puerto Rico,PR,Corporate
5860,Alan Kelly,Puerto Rico,PR,Corporate
1783,Mary Cooper,Puerto Rico,PR,Corporate
1633,Mary Johnson,Puerto Rico,PR,Corporate
9588,Kathryn Smith,Puerto Rico,PR,Corporate
670,Mary Smith,Puerto Rico,PR,Corporate
3584,Mary Washington,Puerto Rico,PR,Corporate
4777,David Smith,Puerto Rico,PR,Corporate
6837,Mary Davis,Puerto Rico,PR,Corporate
1720,Mary Johnson,Puerto Rico,PR,Corporate
3000,Joseph Smith,Puerto Rico,PR,Corporate
11734,Lori Smith,Puerto Rico,PR,Corporate
7239,Anthony Osborne,Puerto Rico,PR,Corporate
14200,Abra Copeland,Puerto Rico,PR,Corporate
14270,Heather Ingram,Puerto Rico,PR,Corporate
13279,Hyacinth Hurst,Puerto Rico,PR,Corporate
14222,Martena Harding,Puerto Rico,PR,Corporate
13553,Sara Wells,Puerto Rico,PR,Corporate
13980,Teegan Brady,Puerto Rico,PR,Corporate
3642,Margaret Nicholson,Puerto Rico,PR,Corporate
12766,Kaitlin Perry,Puerto Rico,PR,Corporate
4638,Donald Hayes,Puerto Rico,PR,Corporate
15237,Penelope Ball,Puerto Rico,PR,Corporate
17903,Quemby Underwood,Puerto Rico,PR,Corporate
16478,Destiny Ayers,Puerto Rico,PR,Corporate
19112,Pearl Hurst,Puerto Rico,PR,Corporate
18768,Amela Montoya,Puerto Rico,PR,Corporate
17664,Hannah Shepherd,Puerto Rico,PR,Corporate
15976,Keelie Holt,Puerto Rico,PR,Corporate
18488,Shannon Harrell,Puerto Rico,PR,Corporate
18451,Yvette Sutton,Puerto Rico,PR,Corporate
20451,Constance Bruce,Puerto Rico,PR,Corporate
17438,Kim Clayton,Puerto Rico,PR,Corporate
15483,Deanna Hunt,Puerto Rico,PR,Corporate
15549,Nevada Johns,Puerto Rico,PR,Corporate
15655,Darryl Obrien,Puerto Rico,PR,Corporate
15583,Selma Hunt,Puerto Rico,PR,Corporate
16179,Carly Shaw,Puerto Rico,PR,Corporate
18974,Amela Roberson,Puerto Rico,PR,Corporate
17090,Winifred Sykes,Puerto Rico,PR,Corporate
20231,Kaitlin Short,Puerto Rico,PR,Corporate
8077,Thomas Smith,Puerto Rico,PR,Corporate
958,Peter Acosta,Puerto Rico,PR,Corporate
7070,Jean Smith,Puerto Rico,PR,Corporate
11633,Jane Gonzalez,Puerto Rico,PR,Corporate
9144,Mary Carroll,Puerto Rico,PR,Corporate
852,Deborah Smith,Puerto Rico,PR,Corporate
6864,Kathryn Smith,Puerto Rico,PR,Corporate
7885,Mary Shepherd,Puerto Rico,PR,Corporate
7321,Mary Haas,Puerto Rico,PR,Corporate
4601,Mary Huber,Puerto Rico,PR,Corporate
3681,Edward Jones,Puerto Rico,PR,Corporate
14801,Cheryl Joseph,Puerto Rico,PR,Corporate
11088,Theresa Rowe,Puerto Rico,PR,Corporate
12534,Sharon Christian,Puerto Rico,PR,Corporate
14960,Bethany Townsend,Puerto Rico,PR,Corporate
20507,Ima Rodgers,Puerto Rico,PR,Corporate
19162,Myra Richmond,Puerto Rico,PR,Corporate
6857,Scott Fuller,Puerto Rico,PR,Corporate
17295,Imelda Richmond,Puerto Rico,PR,Corporate
15547,Risa Foley,Puerto Rico,PR,Corporate
15527,Eugenia Howe,Puerto Rico,PR,Corporate
20027,Eugenia Blanchard,Puerto Rico,PR,Corporate
18952,Catherine Lancaster,Puerto Rico,PR,Corporate
17860,Harriet Dunlap,Puerto Rico,PR,Corporate
15269,Maile Lopez,Puerto Rico,PR,Corporate
11203,David Smith,Puerto Rico,PR,Corporate
9512,Mary Smith,Puerto Rico,PR,Corporate
14057,Gemma England,Puerto Rico,PR,Corporate
13108,Hillary Montoya,Puerto Rico,PR,Corporate
13160,Vielka Owen,Puerto Rico,PR,Corporate
14559,Gemma York,Puerto Rico,PR,Corporate
11722,Donna Vance,Puerto Rico,PR,Corporate
13662,Lacy Maxwell,Puerto Rico,PR,Corporate
13644,Donna Chambers,Puerto Rico,PR,Corporate
4687,Evelyn Edwards,Puerto Rico,PR,Corporate
14002,Amena Robinson,Puerto Rico,PR,Corporate
8840,Jane Delacruz,Puerto Rico,PR,Corporate
13961,Kevyn Workman,Puerto Rico,PR,Corporate
1746,Gregory Blair,Puerto Rico,PR,Corporate
11023,Mary Smith,Puerto Rico,PR,Corporate
1377,Sean Smith,Puerto Rico,PR,Corporate
12499,Martina Dawson,Puerto Rico,PR,Corporate
15088,Fatima Poole,Puerto Rico,PR,Corporate
8490,Brian Cantu,Puerto Rico,PR,Corporate
1344,Mary Brown,Puerto Rico,PR,Corporate
2499,Robert Smith,Puerto Rico,PR,Corporate
6728,Dorothy Smith,Puerto Rico,PR,Corporate
5374,Brandon Smith,Puerto Rico,PR,Corporate
9355,Mary Smith,Puerto Rico,PR,Corporate
2952,Mary Smith,Puerto Rico,PR,Corporate
2030,Rose Smith,Puerto Rico,PR,Corporate
8409,Mary Fernandez,Puerto Rico,PR,Corporate
17300,Demetria Justice,Puerto Rico,PR,Corporate
16372,Lois Conley,Puerto Rico,PR,Corporate
18095,Sylvia Gomez,Puerto Rico,PR,Corporate
18070,India Levy,Puerto Rico,PR,Corporate
16428,Adara Bennett,Puerto Rico,PR,Corporate
19144,Carissa Chapman,Puerto Rico,PR,Corporate
15701,Illiana Garcia,Puerto Rico,PR,Corporate
18819,Quon Cooper,Puerto Rico,PR,Corporate
15818,Lilah Nieves,Puerto Rico,PR,Corporate
15831,Illiana Hopkins,Puerto Rico,PR,Corporate
15757,Beatrice Hinton,Puerto Rico,PR,Corporate
20479,Selma Bird,Puerto Rico,PR,Corporate
18386,Rhiannon Harrison,Puerto Rico,PR,Corporate
18331,Rachel Holt,Puerto Rico,PR,Corporate
17391,Rylee Moreno,Puerto Rico,PR,Corporate
16012,September Hurst,Puerto Rico,PR,Corporate
16009,Simone Branch,Puerto Rico,PR,Corporate
17930,Pascale Armstrong,Puerto Rico,PR,Corporate
17964,Shelley Mcconnell,Puerto Rico,PR,Corporate
4735,Mary Harris,Puerto Rico,PR,Corporate
15292,Camille Howell,Puerto Rico,PR,Corporate
20259,Nayda Burnett,Puerto Rico,PR,Corporate
17798,Josephine Morris,Puerto Rico,PR,Corporate
17203,Libby Mccall,Puerto Rico,PR,Corporate
16253,Chava Mcmahon,Puerto Rico,PR,Corporate
18568,Madeson Stuart,Puerto Rico,PR,Corporate
20322,Genevieve Hoffman,Puerto Rico,PR,Corporate
16210,Maia Burgess,Puerto Rico,PR,Corporate
16117,Lacota Cabrera,Puerto Rico,PR,Corporate
11580,Cynthia Smith,Puerto Rico,PR,Corporate
1312,Mary Smith,Puerto Rico,PR,Corporate
11007,Virginia Smith,Puerto Rico,PR,Corporate
7088,Mary Baker,USA,OH,Corporate
10016,Mary Cooley,USA,NY,Corporate
14585,Carol Buckley,USA,AZ,Corporate
13173,Noelani Carrillo,USA,CA,Corporate
13018,Veronica Mcleod,USA,TX,Corporate
12996,Mikayla Hamilton,USA,VA,Corporate
14527,Brooke Herman,USA,RI,Corporate
13402,Oprah Clements,USA,CA,Corporate
14860,Astra Aguirre,USA,FL,Corporate
13819,Ariel Martinez,USA,LA,Corporate
13778,Sophia Reilly,USA,MO,Corporate
12658,Roary Trujillo,USA,IL,Corporate
14962,Ocean Cervantes,USA,WA,Corporate
15067,Sheila Christensen,USA,NY,Corporate
13329,Cheryl Booker,USA,UT,Corporate
13130,Stella Hutchinson,USA,NY,Corporate
14201,Margaret Joseph,USA,NY,Corporate
13014,Selma Goff,USA,HI,Corporate
13175,Ainsley Fitzgerald,USA,CA,Corporate
13244,Willow Holloway,USA,TX,Corporate
1878,Amber Smith,USA,CA,Corporate
14794,Inga Zamora,USA,NM,Corporate
12640,Mikayla Mcleod,USA,NV,Corporate
12940,Yetta Hensley,USA,FL,Corporate
12859,Blossom Clay,USA,CA,Corporate
14487,Victoria Leon,USA,PA,Corporate
16475,Indigo Pruitt,USA,HI,Corporate
15770,Leigh Goff,USA,MI,Corporate
17236,Juliet Knight,USA,CA,Corporate
16500,Wynne Wise,USA,RI,Corporate
16479,Juliet Cooley,USA,CA,Corporate
19111,Iola Bridges,USA,TX,Corporate
18833,Shoshana Trevino,USA,CA,Corporate
15830,Joan Lott,USA,IL,Corporate
8598,Mary Cox,USA,CA,Corporate
18487,Nadin Boyle,USA,CA,Corporate
18885,Freya Richardson,USA,NY,Corporate
17385,Miriam Hodges,USA,TX,Corporate
15554,Alfreda Lott,USA,NC,Corporate
15505,Courtney Kinney,USA,CA,Corporate
15649,Courtney Velez,USA,IL,Corporate
15307,Darrel Reynolds,USA,GA,Corporate
20148,Allegra Gilmore,USA,FL,Corporate
20146,Martha Campbell,USA,WA,Corporate
17214,Olga Jennin,USA,CA,Corporate
17824,Ori Sawyer,USA,CA,Corporate
20353,Breanna Ratliff,USA,CA,Corporate
18856,Erica Hinton,USA,VA,Corporate
17470,Ursula Ryan,USA,CA,Corporate
15946,Freya Odonnell,USA,CA,Corporate
17627,Ora Whitney,USA,CA,Corporate
17285,Daria Reeves,USA,PA,Corporate
17953,Gloria George,USA,IL,Corporate
20689,Hedda Hurley,USA,MI,Corporate
18869,Autumn Goff,USA,PA,Corporate
17406,Lavinia Garcia,USA,CT,Corporate
20702,Astra Mays,USA,UT,Corporate
18447,Mia Keller,USA,IL,Corporate
7395,Ryan Adkins,USA,NJ,Corporate
17578,Carol Blackwell,USA,OH,Corporate
15169,Alexis Rogers,USA,IL,Corporate
16320,Xerxes Rush,USA,NJ,Corporate
16352,Ainsley Walters,USA,VA,Corporate
20450,Erica Sutton,USA,FL,Corporate
19016,Ingrid Bradley,USA,HI,Corporate
17760,Alisa Alvarez,USA,NY,Corporate
17089,Christen Kirby,USA,OH,Corporate
101,Mary Briggs,USA,MA,Corporate
10002,Mary Briggs,USA,NY,Corporate
6856,Mary Smith,USA,IL,Corporate
193,Melissa Flores,USA,MD,Corporate
13625,Callie Taylor,USA,MI,Corporate
14033,Doris Bond,USA,GA,Corporate
12625,Winifred Bean,USA,TX,Corporate
13180,Lynn Dillard,USA,CA,Corporate
14263,Charissa Adams,USA,NY,Corporate
14152,Vera Hess,USA,TX,Corporate
14434,Teagan Chase,USA,CO,Corporate
12535,Justina Browning,USA,NV,Corporate
14961,Dorothy Kennedy,USA,IL,Corporate
3732,Mary Mejia,USA,GA,Corporate
7025,Mary Williams,USA,NY,Corporate
16388,Idola Flowers,USA,AZ,Corporate
20336,Taylor Knight,USA,CA,Corporate
19160,Wynter Flores,USA,PA,Corporate
17663,Jocelyn Sherman,USA,NV,Corporate
17497,Winter Holt,USA,TX,Corporate
15441,Quyn Blake,USA,CA,Corporate
16152,Whitney Harrison,USA,CA,Corporate
17855,Stella Porter,USA,MI,Corporate
18563,Fredericka Ashley,USA,NY,Corporate
15270,Germaine Sargent,USA,GA,Corporate
20406,Lavinia West,USA,TX,Corporate
17517,Rowan Norris,USA,NM,Corporate
18865,Kiara Patton,USA,CA,Corporate
15470,Lillian Stevens,USA,AZ,Corporate
15468,Emma Stuart,USA,NC,Corporate
15703,Libby Daugherty,USA,VA,Corporate
18278,Marny Hunt,USA,NJ,Corporate
17570,Sara Burns,USA,IN,Corporate
4990,Karen Johnson,USA,NY,Corporate
14769,Desirae Massey,USA,MA,Corporate
14994,Brynn Maynard,USA,CA,Corporate
14644,Shannon Vaughn,USA,NM,Corporate
14305,Moana Anderson,USA,SC,Corporate
13159,Calista Nichols,USA,VA,Corporate
14477,Ursula Wilkinson,USA,MN,Corporate
13458,Sarah Hardy,USA,UT,Corporate
13186,Zephr Hatfield,USA,IL,Corporate
14056,Nevada Madden,USA,WI,Corporate
14000,Anjolie Whitney,USA,NY,Corporate
12503,Emma Nixon,USA,IL,Corporate
14991,Rhoda Hays,USA,CA,Corporate
13010,Naida Sharp,USA,IL,Corporate
13207,April Cain,USA,RI,Corporate
13009,Quin Banks,USA,DC,Corporate
12989,Tana Vega,USA,CA,Corporate
13537,Ainsley Nicholson,USA,CA,Corporate
13572,Cleo Webster,USA,MO,Corporate
1248,Karen Smith,USA,CA,Corporate
14695,Haviva Bass,USA,NY,Corporate
14802,Raya Bass,USA,OH,Corporate
13979,Jena Lambert,USA,NC,Corporate
5166,James Thomas,USA,LA,Corporate
12654,Jael Warner,USA,CA,Corporate
14426,Ivory Burke,USA,AZ,Corporate
17968,Willow Casey,USA,CA,Corporate
9734,Mary Valentine,USA,NY,Corporate
18065,Susan Cross,USA,IL,Corporate
18246,Jeanette Hester,USA,NJ,Corporate
16593,Fay Barber,USA,CA,Corporate
19267,Kaitlin Barker,USA,OH,Corporate
16427,Amber Faulkner,USA,NJ,Corporate
19192,Leigh Brady,USA,NY,Corporate
16604,Zena Butler,USA,TX,Corporate
16549,Jael Bray,USA,NC,Corporate
16505,Shellie Howard,USA,IL,Corporate
18771,Eliana Rojas,USA,OH,Corporate
20590,Eve Williams,USA,CA,Corporate
18387,Amelia Richards,USA,FL,Corporate
17521,Alyssa Steele,USA,CA,Corporate
16053,Jillian Collier,USA,MI,Corporate
17919,Ina Guzman,USA,FL,Corporate
18433,Paloma Norris,USA,PA,Corporate
15611,Christine Jarvis,USA,AZ,Corporate
15608,Carissa Bauer,USA,CO,Corporate
17580,Caryn Waller,USA,IL,Corporate
15194,Amela Powers,USA,AZ,Corporate
16164,Hannah Frazier,USA,OH,Corporate
16326,Signe Green,USA,CO,Corporate
20070,Amy Pacheco,USA,CA,Corporate
15234,Sylvia Hoover,USA,AZ,Corporate
15233,Amela Compton,USA,CO,Corporate
18245,Suki Roman,USA,TX,Corporate
19052,Lacy Lopez,USA,TX,Corporate
16591,Aphrodite Finley,USA,CA,Corporate
19069,Maxine York,USA,HI,Corporate
19157,Alma Mcmahon,USA,AZ,Corporate
19153,Ella Collier,USA,NJ,Corporate
19207,Eugenia Spencer,USA,VA,Corporate
18820,Hilary Bentley,USA,GA,Corporate
18765,Shana Wood,USA,CA,Corporate
15885,Miriam Shaw,USA,CA,Corporate
15776,Xyla Dejesus,USA,NC,Corporate
18389,Lois Robles,USA,CA,Corporate
20731,Lee Barton,USA,OK,Corporate
18027,Fredericka Downs,USA,NJ,Corporate
17519,Whilemina Tucker,USA,TX,Corporate
18418,Susan Witt,USA,GA,Corporate
20704,Halla Carlson,USA,NY,Corporate
20721,Nora Velez,USA,CA,Corporate
20648,Tasha Hoover,USA,DE,Corporate
18394,Tatum Schneider,USA,CA,Corporate
15536,Quintessa Hunter,USA,CA,Corporate
15534,Ursa Baldwin,USA,NY,Corporate
19919,Florence Humphrey,USA,CA,Corporate
20112,Guinevere Carlson,USA,VA,Corporate
20141,Melanie Thomas,USA,CA,Corporate
20512,September Massey,USA,MA,Corporate
11891,Ashley Smith,USA,UT,Corporate
8596,Mary Walker,USA,MI,Corporate
8257,William Reed,USA,ND,Corporate
11325,Mary Smith,Puerto Rico,PR,Consumer
5427,Betty Lester,USA,MI,Home Office
7483,Deborah Morgan,Puerto Rico,PR,Consumer
8151,Michael Mcgee,Puerto Rico,PR,Corporate
9076,Mary Pope,USA,GA,Consumer
1896,Donna Smith,USA,IL,Home Office
6267,Juan Smith,USA,CT,Home Office
993,Mary Davis,USA,OH,Home Office
4055,Kevin Cline,USA,NY,Home Office
3124,Mary Smith,USA,NY,Home Office
10624,Mary Smith,Puerto Rico,PR,Consumer
11655,Ruth Smith,Puerto Rico,PR,Consumer
6744,Cheryl Medina,Puerto Rico,PR,Corporate
6889,Mary Sandoval,USA,CA,Consumer
6490,Ann Smith,USA,UT,Home Office
6266,Deborah Hunter,Puerto Rico,PR,Consumer
528,Susan Smith,Puerto Rico,PR,Consumer
11271,Mary Smith,Puerto Rico,PR,Consumer
2191,Ronald Reynolds,USA,CA,Consumer
954,Brandon Fitzgerald,USA,TX,Home Office
9835,Daniel Gomez,USA,CA,Consumer
1697,Robert Stanley,Puerto Rico,PR,Corporate
1159,Mary Morrison,USA,GA,Home Office
2996,Lori Smith,Puerto Rico,PR,Consumer
7360,Mary Smith,Puerto Rico,PR,Consumer
4273,Walter Osborne,USA,AZ,Home Office
3846,Ronald Lewis,USA,CA,Home Office
5393,Mary Zimmerman,USA,CA,Home Office
5850,Robert Maddox,Puerto Rico,PR,Consumer
9031,Mary Brown,USA,PA,Home Office
9863,Teresa Smith,Puerto Rico,PR,Corporate
8423,Mary Atkins,USA,CA,Consumer
11220,Jeffrey Reed,USA,NJ,Consumer
8582,Edward Smith,USA,TX,Home Office
6913,Jeremy Zamora,USA,CA,Home Office
2878,Michael Smith,USA,NJ,Home Office
8952,Joseph Brooks,USA,TX,Home Office
3385,Thomas Jones,USA,CA,Home Office
7221,Kelly Wyatt,Puerto Rico,PR,Consumer
5307,Nicholas Herman,USA,TX,Home Office
3506,Samantha Graham,USA,AZ,Home Office
6410,Stephanie Smith,USA,WI,Home Office
9446,Mary Walker,Puerto Rico,PR,Corporate
1760,Rebecca Smith,Puerto Rico,PR,Consumer
10662,Karen Smith,USA,CA,Home Office
1172,Marie Morales,USA,IL,Home Office
1026,Mary Smith,USA,CA,Home Office
6040,Mary Smith,Puerto Rico,PR,Consumer
8532,Mary Sellers,USA,NY,Consumer
6941,Jeffrey Palmer,Puerto Rico,PR,Home Office
6577,Mary Kaufman,USA,VA,Consumer
12155,Catherine Smith,USA,NC,Home Office
974,George Smith,USA,CA,Consumer
3152,Emily Thomas,Puerto Rico,PR,Home Office
9536,Mary Bradford,USA,CA,Consumer
11300,Mary Daniels,USA,NY,Home Office
6507,Nicholas Snyder,Puerto Rico,PR,Consumer
11893,Mary Graves,Puerto Rico,PR,Corporate
3845,Mary Smith,Puerto Rico,PR,Corporate
11810,Bruce Yoder,USA,NY,Consumer
8982,Jeremy Mcgrath,USA,CA,Home Office
7560,Mary Faulkner,Puerto Rico,PR,Consumer
12316,Kathy Garcia,USA,IL,Consumer
3949,Mary Lee,USA,PA,Consumer
3092,Mary Yoder,USA,NM,Home Office
10131,Charles Bush,Puerto Rico,PR,Consumer
4058,Mary Smith,USA,CA,Consumer
7546,Gregory Morris,USA,NJ,Home Office
344,Mary Smith,Puerto Rico,PR,Consumer
1767,Barbara Campos,Puerto Rico,PR,Home Office
1387,Mary Smith,Puerto Rico,PR,Consumer
8912,Mary Blankenship,Puerto Rico,PR,Home Office
550,Betty Chavez,USA,PA,Home Office
5108,Victoria Smith,Puerto Rico,PR,Consumer
3427,Mary Smith,Puerto Rico,PR,Corporate
2806,Mary Garcia,Puerto Rico,PR,Consumer
11533,Peter Smith,USA,IL,Home Office
672,Mary Marsh,Puerto Rico,PR,Corporate
11989,Mary Turner,Puerto Rico,PR,Consumer
6565,James Smith,USA,GA,Home Office
6753,Judith Hester,USA,FL,Home Office
11845,Mary Weaver,USA,TN,Home Office
11111,Mary Elliott,Puerto Rico,PR,Consumer
11769,Mary York,Puerto Rico,PR,Consumer
10606,Mary Smith,USA,CO,Home Office
8379,Martha Kelly,USA,FL,Home Office
6282,Mary Smith,Puerto Rico,PR,Consumer
7900,Shirley Smith,USA,CA,Home Office
2343,Mary Smith,USA,OK,Consumer
9793,Mary Hunt,USA,IL,Home Office
3307,Lauren Holmes,Puerto Rico,PR,Consumer
5056,Mary Smith,USA,TX,Home Office
7111,Sarah Smith,USA,HI,Home Office
6115,Mary Smith,Puerto Rico,PR,Home Office
1087,Heather Romero,USA,TX,Home Office
2551,Mary Gordon,Puerto Rico,PR,Consumer
8284,Catherine Spence,Puerto Rico,PR,Consumer
8604,Bryan Hill,USA,OH,Home Office
7628,Mary Smith,Puerto Rico,PR,Corporate
1006,Mary Little,USA,TX,Home Office
5705,Joyce Frazier,USA,FL,Home Office
4949,Mary Simmons,USA,CA,Consumer
7405,Larry Bentley,USA,CA,Consumer
10422,Mary Howell,USA,IL,Consumer
4049,Brian Doyle,Puerto Rico,PR,Consumer
8603,Frances Smith,USA,IN,Home Office
6237,Bobby Anderson,USA,CA,Home Office
8217,Virginia Cantrell,USA,CA,Home Office
8319,Mary Sanchez,USA,OR,Consumer
8581,Mary Mullins,USA,GA,Home Office
11894,John Smith,USA,CA,Home Office
10882,Mary Taylor,USA,GA,Home Office
1810,James Miller,USA,CA,Home Office
5325,Diana Smith,Puerto Rico,PR,Consumer
6985,Daniel Smith,Puerto Rico,PR,Consumer
9065,Roy Smith,USA,WI,Home Office
573,Mary Smith,USA,DC,Consumer
11356,Sean Hoffman,Puerto Rico,PR,Consumer
9483,Sharon Smith,USA,OR,Consumer
7831,Mary Smith,Puerto Rico,PR,Consumer
6157,Susan Gomez,Puerto Rico,PR,Consumer
3562,Beverly Chase,USA,VA,Home Office
12250,Eric Conner,Puerto Rico,PR,Consumer
12283,Willie Pena,Puerto Rico,PR,Consumer
2729,Kimberly Smith,Puerto Rico,PR,Consumer
6917,Mary Roberts,USA,WI,Home Office
5919,Mary Santiago,USA,NY,Home Office
6885,Mary Smith,USA,CA,Consumer
11670,Jerry Maldonado,Puerto Rico,PR,Consumer
5652,Mary Garcia,USA,OR,Home Office
4961,Justin Kim,USA,FL,Home Office
10498,Mary Smith,USA,NY,Consumer
7965,Mary Hunter,USA,FL,Consumer
3551,Richard Kramer,Puerto Rico,PR,Consumer
8785,Mary Arellano,USA,NY,Home Office
11240,Dennis Morris,USA,VA,Home Office
1252,Thomas Medina,USA,NY,Consumer
11440,Gloria Torres,USA,PA,Home Office
3821,Martha Haas,Puerto Rico,PR,Corporate
4124,Jerry Larsen,Puerto Rico,PR,Consumer
10169,Brittany Smith,USA,CA,Home Office
6387,John Jacobs,USA,TX,Consumer
11608,Patricia Thomas,USA,CA,Consumer
7807,Carolyn Allen,USA,TX,Consumer
5575,Richard Smith,USA,CA,Home Office
10994,Michael Evans,USA,CA,Consumer
5591,Emma Schwartz,USA,FL,Home Office
9492,Joan Huffman,Puerto Rico,PR,Corporate
4948,Emily Smith,Puerto Rico,PR,Consumer
8606,Mary Shah,USA,FL,Home Office
610,Mary Smith,USA,NY,Home Office
2640,Charles Wong,Puerto Rico,PR,Consumer
8871,Janice Smith,USA,IL,Home Office
1879,Mary Frederick,Puerto Rico,PR,Corporate
2852,Kathryn Smith,USA,NC,Home Office
7388,Judith Smith,USA,FL,Home Office
11148,Lisa Keith,USA,TX,Consumer
7145,Mary Smith,USA,OH,Home Office
10415,Melissa Griffith,Puerto Rico,PR,Consumer
12410,Bryan Smith,USA,OH,Consumer
6409,Mary Mclaughlin,USA,NC,Home Office
8000,Edward Patterson,Puerto Rico,PR,Home Office
12228,Amy Smith,Puerto Rico,PR,Consumer
11647,Mary Ryan,Puerto Rico,PR,Consumer
4361,David Smith,Puerto Rico,PR,Corporate
6139,Mary Jarvis,Puerto Rico,PR,Consumer
4091,Doris Smith,USA,NY,Consumer
9648,Mary Carrillo,USA,AZ,Home Office
3992,Grace Smith,Puerto Rico,PR,Corporate
10997,Bobby Mann,USA,CA,Corporate
6058,Lauren Smith,USA,TX,Consumer
9668,Stephen Beasley,Puerto Rico,PR,Home Office
10445,Mary Reed,Puerto Rico,PR,Consumer
350,Mary Smith,Puerto Rico,PR,Consumer
2480,Lori Chase,USA,WI,Home Office
11859,William Landry,USA,AZ,Home Office
10600,David Calderon,Puerto Rico,PR,Consumer
208,Mary Smith,Puerto Rico,PR,Home Office
11113,Jacqueline Smith,USA,NY,Consumer
10435,Mary Jackson,USA,CA,Home Office
2905,Kelly Livingston,Puerto Rico,PR,Home Office
5261,Jennifer Suarez,Puerto Rico,PR,Consumer
6284,Mary Smith,Puerto Rico,PR,Consumer
1276,Mary Davis,USA,HI,Consumer
11434,Mary Thompson,USA,FL,Home Office
9630,Mary Carrillo,Puerto Rico,PR,Consumer
9445,Carol Smith,USA,TX,Home Office
10409,Alan Avila,Puerto Rico,PR,Corporate
1329,Mary Gardner,USA,NV,Consumer
5906,Austin Anderson,Puerto Rico,PR,Consumer
4977,Howard Hayes,Puerto Rico,PR,Consumer
3876,Mary Warner,USA,IL,Consumer
675,Mary Mata,USA,NC,Home Office
3622,Donald Stanley,USA,NY,Home Office
11812,Margaret Luna,USA,MA,Consumer
6748,Keith Smith,USA,NC,Home Office
9497,Jerry Horton,Puerto Rico,PR,Consumer
6954,Mary Morse,USA,GA,Home Office
588,Roy Clark,Puerto Rico,PR,Consumer
139,Daniel Maxwell,USA,CA,Home Office
8045,Peter Daniels,USA,GA,Home Office
5833,Jessica Smith,USA,NY,Home Office
2342,Kyle Welch,USA,DC,Home Office
5802,Mary Smith,Puerto Rico,PR,Home Office
12220,Mary Smith,USA,IL,Home Office
10886,Scott Smith,USA,NY,Home Office
1918,Ralph Smith,USA,CA,Home Office
6916,Scott Smith,USA,CA,Home Office
5701,Mary Smith,Puerto Rico,PR,Home Office
3880,Mary Garcia,USA,CA,Home Office
6942,Jordan Moran,USA,CA,Home Office
8966,Mary Davis,USA,TX,Home Office
6349,Aaron Smith,USA,TX,Home Office
7578,Keith Kirby,USA,FL,Home Office
1160,Mary Randolph,USA,CA,Home Office
5938,Donna Smith,Puerto Rico,PR,Consumer
7593,Roger Bowman,USA,CT,Home Office
2195,Walter Smith,USA,TX,Home Office
8958,Mary Smith,USA,IL,Home Office
4709,Jesse Robinson,Puerto Rico,PR,Consumer
7618,Jerry Hines,Puerto Rico,PR,Home Office
11703,Mary Andrews,Puerto Rico,PR,Consumer
5830,Mary Walker,Puerto Rico,PR,Consumer
10356,Mary Ho,Puerto Rico,PR,Corporate
1207,Mary Smith,USA,CA,Consumer
3510,Juan Smith,USA,CA,Home Office
8141,Roy Smith,USA,TX,Home Office
12057,Tyler Sims,USA,NY,Home Office
2171,Mary Jones,Puerto Rico,PR,Consumer
8413,Mary Smith,Puerto Rico,PR,Consumer
7872,Mary Smith,USA,CA,Home Office
8751,Amy Cook,Puerto Rico,PR,Consumer
4625,Mary Smith,USA,FL,Consumer
5541,Johnny Clements,USA,TX,Home Office
8916,Justin Wheeler,Puerto Rico,PR,Consumer
620,Roger Smith,Puerto Rico,PR,Consumer
11043,John Watson,Puerto Rico,PR,Consumer
10234,William Herrera,USA,NM,Consumer
5075,Sharon Moore,USA,AR,Consumer
1333,Mary Massey,USA,CO,Consumer
10475,Mary Smith,Puerto Rico,PR,Consumer
11496,Melissa Fernandez,Puerto Rico,PR,Consumer
6809,Justin Noble,Puerto Rico,PR,Consumer
7583,Mary Pace,USA,NC,Consumer
9259,Thomas Roman,Puerto Rico,PR,Consumer
6608,Mary Higgins,USA,FL,Home Office
7718,Mary Schmitt,Puerto Rico,PR,Home Office
630,Jacob Smith,Puerto Rico,PR,Consumer
5470,Robert Sawyer,Puerto Rico,PR,Consumer
8710,Kathleen Hardy,USA,GA,Consumer
4844,Lauren Wu,USA,CA,Home Office
5437,Austin Estes,USA,CA,Home Office
5588,Jane Hopkins,USA,CA,Consumer
8634,Mary Hutchinson,Puerto Rico,PR,Consumer
12021,Gregory Gomez,Puerto Rico,PR,Consumer
7571,Amber Booth,USA,IL,Consumer
4835,Katherine Diaz,USA,TN,Consumer
10931,Mary Henderson,Puerto Rico,PR,Consumer
562,Mary Smith,USA,CA,Consumer
8942,Robert Smith,Puerto Rico,PR,Home Office
1297,Christopher Roberts,USA,CA,Consumer
3419,Mary Smith,USA,NY,Consumer
8880,Raymond Patton,USA,CA,Home Office
11966,Hannah Smith,Puerto Rico,PR,Consumer
5005,Mary Smith,USA,IL,Consumer
3500,Mary Mcdonald,USA,CA,Home Office
6114,Sandra Nguyen,USA,CA,Home Office
2285,Mildred Ochoa,Puerto Rico,PR,Home Office
3638,Amy Smith,Puerto Rico,PR,Consumer
6845,Mary Smith,USA,CA,Home Office
8416,Crystal Murillo,USA,CA,Home Office
6038,Sharon Brooks,USA,NJ,Consumer
4981,Richard Shepherd,USA,NY,Home Office
3508,Randy Smith,USA,CA,Home Office
11863,James White,Puerto Rico,PR,Consumer
6076,Amy Hurst,Puerto Rico,PR,Consumer
5305,Kathleen Bailey,USA,CA,Home Office
8296,Mary Smith,USA,MI,Consumer
1717,Kathleen Frank,USA,CA,Home Office
10336,Mary Glenn,USA,PA,Home Office
9505,Theresa Soto,USA,FL,Home Office
9695,Mary Cruz,USA,NY,Home Office
2207,Lori Wolfe,Puerto Rico,PR,Consumer
12346,Mary Smith,USA,CA,Home Office
6087,Evelyn Smith,USA,GA,Home Office
8627,Mary Smith,USA,FL,Home Office
7547,Andrea Ortega,Puerto Rico,PR,Consumer
10993,Mary Smith,USA,CA,Home Office
2543,Alan Weber,USA,AZ,Home Office
6952,Michael Wise,Puerto Rico,PR,Consumer
9098,Michael Burgess,USA,PA,Home Office
8212,Mary Smith,USA,CA,Home Office
1088,Zachary Smith,Puerto Rico,PR,Home Office
5889,Jonathan Smith,USA,IL,Home Office
12224,Mary Smith,USA,PA,Home Office
10745,Mary Shaffer,Puerto Rico,PR,Consumer
10388,William Smith,USA,FL,Consumer
8920,Linda Smith,USA,MI,Home Office
11138,William Smith,USA,NV,Home Office
10167,Kathy Little,USA,TX,Consumer
7834,Mary Clayton,USA,UT,Home Office
196,Thomas Watson,USA,MI,Home Office
182,James Ortiz,Puerto Rico,PR,Consumer
8817,Mary Smith,USA,CA,Home Office
6017,Juan Wells,USA,MI,Home Office
8704,Mary Mclean,Puerto Rico,PR,Consumer
10605,Elizabeth Stewart,Puerto Rico,PR,Consumer
3387,Grace Lin,Puerto Rico,PR,Consumer
426,Susan Smith,USA,NY,Home Office
3446,Kathryn Wright,USA,CA,Consumer
781,Samuel Smith,USA,FL,Consumer
5504,Mary Brown,Puerto Rico,PR,Consumer
9363,Mary Simmons,USA,CA,Home Office
2356,Mary Henry,USA,PA,Home Office
5172,Ann Underwood,Puerto Rico,PR,Consumer
6357,Ruth Moore,USA,IL,Home Office
2031,Mary French,USA,CA,Home Office
1686,Mary Smith,USA,CA,Home Office
3174,Rose Turner,Puerto Rico,PR,Corporate
1431,Mary Barrera,Puerto Rico,PR,Home Office
4214,Olivia Smith,Puerto Rico,PR,Consumer
6804,Matthew Ortega,Puerto Rico,PR,Home Office
8822,Dorothy Smith,USA,TX,Home Office
9869,Mary Smith,USA,HI,Home Office
10075,Tammy Smith,USA,CA,Home Office
1337,Mary Duncan,Puerto Rico,PR,Home Office
7890,Mary Smith,USA,NY,Home Office
1039,Mary Smith,Puerto Rico,PR,Corporate
5132,Rebecca Smith,Puerto Rico,PR,Consumer
10373,Mary Morrison,USA,FL,Home Office
10141,Mary Jackson,USA,MA,Home Office
7386,Joshua Smith,Puerto Rico,PR,Home Office
3049,Stephen Bryant,USA,CA,Consumer
3463,Laura Adams,USA,NC,Consumer
11294,Phillip Brown,Puerto Rico,PR,Consumer
5115,Paul Chang,Puerto Rico,PR,Consumer
10502,Gloria Joyce,Puerto Rico,PR,Consumer
8071,Gary Baker,USA,TX,Home Office
10085,Mary Mccarthy,USA,CA,Consumer
1354,Mary Smith,USA,LA,Consumer
4714,Mary Finley,USA,FL,Home Office
9134,Frank Smith,USA,CA,Home Office
1532,Mary Bailey,USA,CA,Consumer
5319,Melissa Harrison,Puerto Rico,PR,Consumer
10684,John Smith,USA,FL,Home Office
1881,Anna Wilson,USA,AZ,Home Office
2843,Mary Chung,USA,TX,Consumer
3051,John Johnson,USA,TX,Home Office
12359,Melissa Smith,USA,NY,Home Office
6685,Lori Smith,Puerto Rico,PR,Consumer
9398,Patricia Smith,Puerto Rico,PR,Consumer
5010,Mary Olsen,USA,OH,Home Office
722,Diane Schmitt,Puerto Rico,PR,Consumer
2135,Melissa Smith,USA,CA,Home Office
1095,Mary Owens,Puerto Rico,PR,Consumer
10686,Mary Contreras,USA,NC,Home Office
4325,Douglas Smith,Puerto Rico,PR,Consumer
6756,Jean Smith,USA,LA,Home Office
1281,Johnny Garrison,USA,CA,Home Office
5294,Nicholas Smith,USA,MO,Consumer
10542,Mary Tyler,USA,CA,Consumer
6527,Andrea Woods,USA,CA,Consumer
6475,Mary Bullock,USA,IL,Home Office
11039,Mary Torres,Puerto Rico,PR,Consumer
6513,Mary Smith,USA,TX,Consumer
1676,Dorothy Singh,USA,NC,Home Office
8096,Mary Miller,USA,IL,Home Office
4884,Mary Wall,Puerto Rico,PR,Consumer
1050,Gloria Marshall,USA,MI,Consumer
164,Mary Carlson,Puerto Rico,PR,Consumer
6805,Donald Smith,USA,CA,Home Office
128,Rose Lopez,USA,GA,Consumer
10837,Mary Dudley,Puerto Rico,PR,Home Office
2377,Sandra Castro,USA,PA,Home Office
10444,Gregory Lopez,USA,NY,Home Office
1922,Mary Morris,USA,IN,Home Office
6013,Peter Smith,Puerto Rico,PR,Corporate
3612,Gregory Cox,USA,CO,Home Office
9709,Mary Sharp,USA,NV,Home Office
5215,Amber Smith,USA,CA,Home Office
8106,Theresa Lynch,Puerto Rico,PR,Consumer
5607,Mary Heath,Puerto Rico,PR,Consumer
4982,Cynthia Smith,USA,NJ,Home Office
4088,Kathleen Reynolds,USA,UT,Home Office
7106,Maria Turner,USA,MI,Home Office
5052,Larry Meyer,USA,OR,Home Office
3455,Mary Smith,USA,AZ,Home Office
3807,Mary Huang,USA,FL,Home Office
8317,Anna Robertson,USA,WV,Home Office
11324,Martha Burnett,USA,TX,Home Office
4733,Diane Smith,USA,MO,Home Office
8512,Deborah Gonzalez,USA,NY,Consumer
3338,Howard Collins,USA,MA,Consumer
4507,Mary Smith,USA,NY,Consumer
7139,Mary Smith,USA,CA,Home Office
5834,Andrew Fernandez,Puerto Rico,PR,Consumer
4102,Alexander Salas,USA,LA,Consumer
6693,Mary Smith,USA,MI,Home Office
4501,Mary Miranda,USA,CA,Home Office
2554,Zachary Smith,Puerto Rico,PR,Consumer
3875,Frances Smith,Puerto Rico,PR,Consumer
49,Martha Smith,Puerto Rico,PR,Consumer
2500,Michael Alvarez,USA,MI,Home Office
686,Mary Myers,USA,CA,Home Office
7087,Donna Smith,USA,NY,Consumer
1722,Mary Smith,Puerto Rico,PR,Consumer
5515,Mary Smith,USA,OH,Home Office
10098,Angela Delacruz,USA,AZ,Home Office
12324,Ruth Townsend,Puerto Rico,PR,Home Office
3224,Kevin Bowers,USA,NV,Home Office
6432,Phillip Maldonado,Puerto Rico,PR,Consumer
4680,Gloria Wall,USA,PA,Corporate
1825,Mary Obrien,USA,CA,Home Office
2125,Mary Smith,USA,OR,Home Office
6479,Paul Jackson,Puerto Rico,PR,Consumer
5522,Rebecca Smith,Puerto Rico,PR,Consumer
9745,Michelle Smith,Puerto Rico,PR,Home Office
10998,Mary Smith,USA,MI,Home Office
4158,Tyler Smith,Puerto Rico,PR,Consumer
5849,Mary Conrad,USA,MO,Home Office
3451,Samantha Smith,Puerto Rico,PR,Consumer
8686,Dorothy Higgins,Puerto Rico,PR,Corporate
591,Rose Smith,Puerto Rico,PR,Consumer
8130,Mary Smith,USA,FL,Home Office
5413,Mary Smith,USA,IL,Home Office
2311,Linda Smith,USA,CA,Home Office
10055,Mary Mooney,USA,NV,Home Office
5861,Mary Mann,USA,IL,Consumer
8055,Mary Ortiz,USA,TX,Consumer
3381,Lisa Smith,USA,OR,Home Office
6238,Mary Young,Puerto Rico,PR,Home Office
5462,James Greene,USA,NY,Consumer
12298,Mary Harper,Puerto Rico,PR,Consumer
3089,Sean Bolton,Puerto Rico,PR,Consumer
499,Mary York,USA,CA,Home Office
11484,Mary Montoya,USA,PA,Consumer
9417,Mary Nguyen,USA,KS,Home Office
10315,Mary Smith,USA,NY,Consumer
6995,Mary Smith,USA,FL,Home Office
9853,Julia Beck,USA,CA,Home Office
9953,Mary Jenkins,Puerto Rico,PR,Consumer
6286,Randy Woodward,Puerto Rico,PR,Consumer
7843,Catherine Petersen,Puerto Rico,PR,Consumer
1698,Susan Smith,USA,MI,Home Office
1861,Nancy Smith,Puerto Rico,PR,Consumer
10937,Mary Smith,USA,AZ,Home Office
3768,David Zhang,USA,FL,Home Office
1213,Jason Smith,USA,OR,Home Office
5672,Mary Smith,USA,AZ,Home Office
4767,Jennifer Stephenson,USA,PA,Home Office
1572,Brandon Smith,USA,AZ,Consumer
11289,Mary Wang,USA,MI,Home Office
11672,Charles Burns,Puerto Rico,PR,Consumer
5969,Adam Hampton,Puerto Rico,PR,Consumer
6404,Dylan Smith,USA,CA,Home Office
8029,Sandra Smith,Puerto Rico,PR,Corporate
3585,Kimberly Mullins,USA,IL,Home Office
5368,Gerald Smith,USA,NY,Home Office
1485,Tiffany Smith,USA,NJ,Home Office
5065,Donald Smith,USA,MI,Home Office
3719,Mary Ortiz,Puerto Rico,PR,Consumer
2545,Larry Patel,USA,TX,Home Office
11244,John Garcia,USA,MI,Consumer
657,Mary Bowers,Puerto Rico,PR,Corporate
6074,Danielle Smith,USA,IL,Consumer
6163,Mary Smith,USA,CA,Home Office
1208,Lauren Jackson,Puerto Rico,PR,Consumer
8316,Charles Smith,USA,GA,Home Office
9579,Beverly White,USA,NY,Consumer
3347,Mary Christian,USA,TX,Home Office
8099,Ashley Sosa,USA,NY,Home Office
7681,Terry Mcknight,Puerto Rico,PR,Consumer
1328,Denise Smith,USA,NJ,Home Office
5586,Catherine Smith,Puerto Rico,PR,Consumer
5366,Lawrence Brooks,USA,CA,Home Office
5318,Jessica Smith,USA,OH,Home Office
11442,Adam Wong,Puerto Rico,PR,Consumer
9450,Nathan Brewer,USA,IL,Home Office
3465,Mary Gardner,USA,CA,Home Office
5136,Mary Yoder,Puerto Rico,PR,Consumer
9367,Ryan Smith,USA,TX,Consumer
8727,James Coleman,USA,TX,Consumer
2087,Mary Burton,USA,TX,Home Office
160,Ashley Smith,USA,NY,Home Office
690,Michael Banks,USA,UT,Home Office
6244,Mary Smith,USA,FL,Home Office
7077,Katherine Krueger,Puerto Rico,PR,Home Office
401,Bobby Smith,USA,CO,Consumer
522,William Smith,Puerto Rico,PR,Consumer
2400,Mary Smith,Puerto Rico,PR,Consumer
10420,Mary Petty,USA,NJ,Home Office
7530,Emily Russell,USA,CA,Corporate
3349,Lauren Smith,USA,CA,Consumer
5642,Mary Smith,USA,TN,Consumer
4437,Mary Murphy,USA,PA,Consumer
3368,Mary Jackson,USA,NV,Consumer
11328,Patricia Johns,USA,CA,Consumer
6843,Rebecca Smith,USA,NY,Consumer
8054,Andrea Smith,USA,NY,Consumer
5443,Mary Smith,USA,CO,Consumer
4423,Emma Smith,USA,CA,Consumer
13401,Hillary Garrett,USA,AR,Consumer
13023,Clio Torres,USA,UT,Consumer
13257,Holly Beard,USA,NJ,Consumer
14257,Yoko Dotson,USA,OH,Consumer
14220,Xaviera Swanson,USA,DC,Consumer
13490,Glenna Meyer,USA,IL,Consumer
14400,Lana Willis,USA,CA,Consumer
14310,Aiko Owen,USA,CA,Consumer
14112,Mikayla Dickerson,USA,NC,Consumer
13381,Noel Boyer,USA,CA,Consumer
14237,Bo Anthony,USA,CO,Consumer
14129,Kevyn Fleming,USA,MD,Consumer
14484,Quincy Hart,USA,NC,Consumer
13237,Astra Bullock,USA,CA,Consumer
13399,Martha Kent,USA,NJ,Consumer
13453,Shea Hopkins,USA,NY,Consumer
13380,Alfreda Sparks,USA,MI,Consumer
13164,Sonia Tate,USA,PA,Consumer
13416,Abra Pope,USA,CA,Consumer
14236,Alice Barker,USA,NY,Consumer
13325,Virginia Price,USA,CA,Consumer
13055,Brooke Hull,USA,TX,Consumer
14608,Aphrodite Henson,USA,CT,Consumer
13235,Lara Reyes,USA,FL,Consumer
13307,Madeline Barber,USA,TX,Consumer
14235,Amanda Pugh,USA,OH,Consumer
14428,Libby Anthony,USA,VA,Consumer
13324,Dominique Coffey,USA,CA,Consumer
13486,Madonna Mercado,USA,MI,Consumer
13432,Adena Adkins,USA,TX,Consumer
14481,Quin Wall,USA,MA,Consumer
14661,Ann Velasquez,USA,CA,Consumer
14463,Irene Hawkins,USA,CA,Consumer
14072,Rosalyn Pierce,USA,MD,Consumer
14409,Cleo Carlson,USA,WA,Consumer
13377,Sydney Mejia,USA,CA,Consumer
13215,Adrienne Williams,USA,CT,Consumer
13395,Harriet Frederick,USA,AZ,Consumer
13376,Karina Rutledge,USA,TX,Consumer
14515,Jillian Lara,USA,OR,Consumer
13358,Remedios Myers,USA,OH,Consumer
14106,Phyllis Stephenson,USA,LA,Consumer
13321,Belle Grant,USA,VA,Consumer
14321,Heather Hopkins,USA,SC,Consumer
13267,Jenette Hunt,USA,IL,Consumer
14177,Celeste Conrad,USA,CA,Consumer
14105,Laura Gilmore,USA,NY,Consumer
14550,Rachel Pope,USA,CA,Consumer
13302,Irma Pickett,USA,IL,Consumer
13320,Cassandra Moody,USA,MO,Consumer
13068,Iris Moss,USA,TX,Consumer
14176,Portia Ware,USA,VA,Consumer
13445,Quincy Klein,USA,TX,Consumer
13283,Minerva Huff,USA,CA,Consumer
13139,Shafira Hampton,USA,FL,Consumer
14337,Joan Kennedy,USA,IL,Consumer
14373,Cynthia Graves,USA,TX,Consumer
14102,Josephine Blankenship,USA,FL,Consumer
14084,Candice Herrera,USA,CA,Consumer
14389,Beverly Buckner,USA,MD,Consumer
13155,Lysandra Herring,USA,AZ,Consumer
13065,Sydnee Melton,USA,CA,Consumer
14281,Debra Kirby,USA,PA,Consumer
13298,Kelsie Leon,USA,TX,Consumer
14455,Oprah Cohen,USA,NY,Consumer
14316,Blythe Petty,USA,FL,Consumer
14226,Jana Lawson,USA,NY,Consumer
13423,Idola Merritt,USA,NM,Consumer
13153,Farrah Dennis,USA,NM,Consumer
13008,Rosalyn Hawkins,USA,CA,Consumer
13404,Anastasia Oliver,USA,OH,Consumer
13026,Brynn Williamson,USA,ID,Consumer
13512,Mara Padilla,USA,TX,Consumer
14385,Hadley Waller,USA,DC,Consumer
13295,Alisa Park,USA,PA,Consumer
14578,Ocean Hopkins,USA,MI,Consumer
14312,Heidi Kerr,USA,KS,Consumer
14685,Iola Burns,USA,CA,Consumer
14451,Natalie Beard,USA,TX,Consumer
14132,Dawn Moore,USA,CA,Consumer
14613,Clare Dunlap,USA,CA,Consumer
11260,Mary Macias,USA,FL,Consumer
35,Margaret Wright,USA,CA,Consumer
13753,Sage Fischer,USA,CA,Consumer
13879,Quon Wilson,USA,NJ,Consumer
7490,Mary Smith,USA,NC,Consumer
13697,Cassandra Hines,USA,CA,Consumer
14039,Karleigh Christian,USA,TX,Consumer
6191,Donna Smith,USA,MN,Consumer
14805,Josephine Lyons,USA,OH,Consumer
13750,Moana Mercer,USA,CA,Consumer
14714,Brittany Workman,USA,OH,Consumer
13749,Daryl Barrett,USA,TN,Consumer
14749,Melissa Tanner,USA,AZ,Consumer
13569,Dominique Patel,USA,CA,Consumer
13802,Sage Reed,USA,CA,Consumer
13712,Fiona Cardenas,USA,HI,Consumer
13676,Amanda Pratt,USA,NC,Consumer
14017,Kameko Suarez,USA,MO,Consumer
13765,Shana Hendricks,USA,NV,Consumer
13747,Aphrodite Whitley,USA,PA,Consumer
13567,Madeson Donaldson,USA,MO,Consumer
3902,Mary Smith,USA,CA,Consumer
13584,Jael Church,USA,GA,Consumer
14710,Xaviera Miranda,USA,CA,Consumer
14854,Aimee Ross,USA,CT,Consumer
13925,Susan Cruz,USA,NY,Consumer
13583,Kaye Carpenter,USA,NY,Consumer
13907,Regina Duncan,USA,CA,Consumer
13727,Kameko Gay,USA,OH,Consumer
13708,Wendy Bauer,USA,IL,Consumer
12807,Farrah Dawson,USA,TX,Consumer
13581,Jaquelyn Matthews,USA,OH,Consumer
13635,Regina Savage,USA,PA,Consumer
13689,Mari Blankenship,USA,CT,Consumer
14761,Stacey Huffman,USA,CA,Consumer
14031,Tatyana Hickman,USA,MI,Consumer
14778,Chelsea Spencer,USA,DC,Consumer
14012,Courtney French,USA,CA,Consumer
13598,Kyra Porter,USA,CA,Consumer
14048,Ainsley Wiley,USA,HI,Consumer
13976,Kelsey Sharp,USA,MA,Consumer
389,Angela Sanford,USA,CA,Consumer
14705,Winter William,USA,CA,Consumer
1925,Edward Smith,USA,CA,Consumer
14047,Haviva Vang,USA,CA,Consumer
980,James Harper,USA,CA,Consumer
5139,Janet Garner,USA,NC,Consumer
14046,Zena Elliott,USA,CA,Consumer
14704,Olympia Atkins,USA,GA,Consumer
12785,Yoko Hunter,USA,MO,Consumer
13992,Nora Wise,USA,NV,Consumer
13578,Yuri Cabrera,USA,SC,Consumer
14866,Jaden Albert,USA,TX,Consumer
14739,Jenette Valencia,USA,IL,Consumer
13901,Tatum Lynch,USA,NJ,Consumer
14829,Anika Adkins,USA,CA,Consumer
13918,Lesley Francis,USA,CA,Consumer
14738,Lee Dickerson,USA,CA,Consumer
12783,Jane Keller,USA,TX,Consumer
14026,Raya Perkins,USA,TX,Consumer
14702,Ivory Horn,USA,CA,Consumer
14882,Shay Nixon,USA,FL,Consumer
14792,Cassandra Lynn,USA,PA,Consumer
12746,Minerva Petty,USA,PA,Consumer
13899,Ria Klein,USA,FL,Consumer
14791,Brenna Salinas,USA,TX,Consumer
9474,Keith Moore,USA,MA,Consumer
13862,Olga Jennings,USA,CA,Consumer
13754,Quynn Dejesus,USA,NJ,Consumer
14898,September Hutchinson,USA,CA,Consumer
13916,Lillian Hickman,USA,IL,Consumer
14916,Dorothy Reynolds,USA,WI,Consumer
12781,Raya Craft,USA,IL,Consumer
13970,Felicia Morse,USA,CA,Consumer
14880,Idona Humphrey,USA,IL,Consumer
5693,Amber Smith,USA,IL,Consumer
3236,Mary Smith,USA,CA,Consumer
4175,Julia Smith,USA,MI,Consumer
4167,Mary Roman,USA,MA,Consumer
11009,Christopher Smith,USA,WA,Consumer
2566,Ruth Smith,USA,CA,Consumer
9525,Roger Gray,USA,NY,Consumer
12578,Leila Solomon,USA,FL,Consumer
12682,Pandora Carver,USA,IL,Consumer
12645,Jade Reilly,USA,TX,Consumer
12498,Felicia Green,USA,NY,Consumer
12714,Azalia Boyle,USA,NY,Consumer
12533,Lani Galloway,USA,AZ,Consumer
12621,Venus Blevins,USA,KY,Consumer
12619,Caryn Salazar,USA,CA,Consumer
12690,Darryl Gibson,USA,TX,Consumer
12491,Bertha Frye,USA,AZ,Consumer
12581,Rhonda Nielsen,USA,OH,Consumer
12561,Doris Casey,USA,CA,Consumer
12705,Celeste Fields,USA,IL,Consumer
14997,Naida Foley,USA,NJ,Consumer
15123,Blair Stanton,USA,NY,Consumer
12830,Imelda Gentry,USA,OH,Consumer
14959,Reagan Raymond,USA,NY,Consumer
14923,Leilani Bishop,USA,NM,Consumer
14975,Indigo Cotton,USA,NY,Consumer
15137,Stacy Mercer,USA,OH,Consumer
15046,Jaquelyn Taylor,USA,CA,Consumer
12934,Hyacinth Waller,USA,IL,Consumer
15135,Rose Petty,USA,OH,Consumer
12841,Jorden Hess,USA,FL,Consumer
15097,Venus Randolph,USA,OK,Consumer
15042,Dorothy Bennett,USA,IL,Consumer
12948,Kay Carr,USA,CA,Consumer
12930,Maryam Mccarty,USA,CO,Consumer
12857,Genevieve Stevenson,USA,CA,Consumer
12893,Tamara Chapman,USA,NY,Consumer
14951,Madonna Solomon,USA,FL,Consumer
15004,Delilah Tate,USA,TN,Consumer
15039,Irma Barnett,USA,CA,Consumer
15093,Fay Cooley,USA,PA,Consumer
15037,Cleo Schneider,USA,CA,Consumer
12853,Lilah Pierce,USA,NY,Consumer
12851,Lilah Berry,USA,CA,Consumer
14185,Brianna Black,USA,OH,Consumer
13400,Maggie Singleton,USA,NY,Consumer
14183,Jolie Valentine,USA,MN,Consumer
13057,Irma Sherman,USA,CA,Consumer
13379,Kathleen Dominguez,USA,AZ,Consumer
14518,Martina House,USA,GA,Consumer
13195,Sybill Murphy,USA,OK,Consumer
14103,Moana Waters,USA,AZ,Consumer
14391,Danielle Briggs,USA,OR,Consumer
10652,Tammy Smith,USA,NC,Consumer
12777,Alma Kirk,USA,CA,Consumer
14038,Sophia Goodwin,USA,CA,Consumer
13838,Rachel Garcia,USA,TX,Consumer
3388,Mary Smith,USA,GA,Consumer
13890,Karleigh Bryant,USA,CA,Consumer
13655,Iola Sandoval,USA,MI,Consumer
13651,Emma Pollard,USA,NV,Consumer
13793,Karly Hays,USA,CA,Consumer
14757,Naomi Saunders,USA,TX,Consumer
13719,Dahlia Brock,USA,CA,Consumer
13953,Moana Lowe,USA,PA,Consumer
6644,Judith Phillips,USA,MA,Consumer
8577,Mary Smith,USA,VA,Consumer
3662,Betty Collier,USA,NY,Consumer
12524,Hiroko Hood,USA,GA,Consumer
12663,Michelle Lowery,USA,AZ,Consumer
12580,Madison Peterson,USA,NY,Consumer
12885,Olga Downs,USA,OH,Consumer
15083,Veronica Ellison,USA,CA,Consumer
14973,Hope Ballard,USA,AZ,Consumer
12912,Renee Barker,USA,OR,Consumer
12833,Moana Hutchinson,USA,MD,Consumer
11617,Mary Stevens,USA,VA,Consumer
4993,Mary Wilson,USA,FL,Consumer
5609,Michael Bailey,USA,NJ,Consumer
8092,Mary Smith,USA,PA,Consumer
9276,Mary Smith,USA,TX,Consumer
11838,Zachary Cook,USA,OR,Consumer
340,Theresa Wiggins,USA,TX,Consumer
3183,Mary Butler,USA,NY,Consumer
7959,Mary Smith,USA,OH,Consumer
2587,Vincent Vazquez,USA,PA,Consumer
9997,John Fuentes,USA,TX,Consumer
5195,Steven Daniel,USA,NJ,Consumer
8419,Mary Sullivan,USA,CO,Consumer
9455,Donna Smith,USA,CA,Consumer
6920,Mary Smith,USA,IL,Consumer
278,Mary Graves,USA,NY,Consumer
8108,Steven Barnes,USA,CA,Consumer
201,Mary Grimes,USA,FL,Consumer
8739,Eugene Perry,USA,FL,Consumer
6705,Mary Smith,USA,CA,Consumer
5159,Mary Thompson,USA,FL,Consumer
4826,Roy Smith,USA,TX,Corporate
8874,Nicole Smith,USA,NY,Corporate
14624,Lacota Guerrero,USA,CA,Corporate
14605,Winifred Sullivan,USA,CA,Corporate
14284,Fay Barrett,USA,TX,Corporate
14211,Gwendolyn Hickman,USA,VA,Corporate
14525,Kirby Reeves,USA,GA,Corporate
13621,Nadine Romero,USA,MN,Corporate
14399,Patience Zamora,USA,CA,Corporate
14381,Cherokee Wiley,USA,NY,Corporate
14090,Selma Melton,USA,CA,Corporate
13197,Brenna Duncan,USA,CA,Corporate
14459,Kimberly Kelly,USA,NY,Corporate
14439,Roary Barlow,USA,PA,Corporate
13263,Hedda Sloan,USA,NY,Corporate
14546,Fay Duran,USA,CA,Corporate
13424,Medge Mckee,USA,MA,Corporate
13028,Basia Rowland,USA,MI,Corporate
13351,Wynter Baird,USA,OK,Corporate
13350,Orli Young,USA,NY,Corporate
13493,Kim Figueroa,USA,CA,Corporate
14416,Felicia Velasquez,USA,UT,Corporate
14667,Sybill Roy,USA,MO,Corporate
13348,Kim Ashley,USA,NV,Corporate
1253,Alice Smith,USA,CT,Corporate
13860,Brenda Ruiz,USA,AZ,Corporate
12760,Imani Horton,USA,CA,Corporate
13588,Rhoda French,USA,NY,Corporate
12811,Xyla Mckinney,USA,TX,Corporate
13784,Aileen Gilbert,USA,CA,Corporate
13963,Bertha Miles,USA,CA,Corporate
13908,Keelie Robertson,USA,NY,Corporate
13619,Zelda Rasmussen,USA,AZ,Corporate
12825,Patience Tyson,USA,CA,Corporate
14816,Deanna Kinney,USA,MO,Corporate
14707,Lara Roman,USA,IL,Corporate
13849,Pandora Shepherd,USA,IL,Corporate
13774,Skyler Bryan,USA,AR,Corporate
13647,Grace Waller,USA,CA,Corporate
13790,Chantale Charles,USA,LA,Corporate
6226,John Jones,USA,TX,Corporate
12593,Hadassah Gentry,USA,CA,Corporate
12520,Nora Park,USA,FL,Corporate
12484,Lunea Mcdonald,USA,OH,Corporate
12732,Karina Reeves,USA,MI,Corporate
12623,Ria Maddox,USA,CA,Corporate
12730,Madeson Berry,USA,DE,Corporate
12567,Karleigh Parsons,USA,MA,Corporate
12531,Morgan Richardson,USA,MD,Corporate
12709,Blossom Ramos,USA,NY,Corporate
14947,Linda Campbell,USA,NC,Corporate
14928,Tamara Kane,USA,NJ,Corporate
12941,Lavinia Wilkerson,USA,AZ,Corporate
14345,Hedy Hester,USA,CA,Corporate
13525,Rowan Dorsey,USA,NC,Corporate
14380,Odessa Melendez,USA,IL,Corporate
13521,Ila Bond,USA,KY,Corporate
13413,Tatiana Lynn,USA,CA,Corporate
13269,Gretchen Durham,USA,IA,Corporate
14215,Christen Bowen,USA,NY,Corporate
13088,Jillian Vang,USA,GA,Corporate
14301,Mariam Cross,USA,MI,Corporate
14246,Lareina Ortiz,USA,CA,Corporate
14529,Irma Wooten,USA,CA,Corporate
13497,Ocean Taylor,USA,GA,Corporate
13226,Audrey Hoffman,USA,HI,Corporate
13280,Maggie Workman,USA,NV,Corporate
14295,Mercedes Koch,USA,WI,Corporate
14753,Roanna Adkins,USA,CA,Corporate
14879,Lois Daniel,USA,GA,Corporate
14876,Anastasia Moss,USA,CA,Corporate
13947,Britanney Hooper,USA,KS,Corporate
14819,Melyssa Cotton,USA,OH,Corporate
12810,Destiny Cooke,USA,AZ,Corporate
12809,Debra Valenzuela,USA,NJ,Corporate
13618,Veronica Hayes,USA,FL,Corporate
14852,Alfreda Mathis,USA,TX,Corporate
12751,Kelsie Harrison,USA,CA,Corporate
2702,Mary Butler,USA,HI,Corporate
13723,Patience Castro,USA,MA,Corporate
13720,Alika Morales,USA,CA,Corporate
13810,Cassandra Sanchez,USA,FL,Corporate
13863,Giselle Santiago,USA,TX,Corporate
14863,Nichole Cardenas,USA,NY,Corporate
12817,Quail Marshall,USA,OH,Corporate
13808,Whitney Carpenter,USA,VA,Corporate
12632,Fiona Mccall,USA,MI,Corporate
12631,Moana Patrick,USA,CA,Corporate
12573,Charissa Nelson,USA,OK,Corporate
12566,Sophia Simpson,USA,IL,Corporate
15060,Mia Shields,USA,IL,Corporate
15132,Gisela Gray,USA,TN,Corporate
15041,Iris Faulkner,USA,CA,Corporate
12946,Marah Obrien,USA,FL,Corporate
13022,Constance Gomez,USA,TX,Corporate
12504,Kelsey Cobb,USA,AZ,Corporate
12681,Martha Compton,USA,NY,Corporate
3626,Stephen Garza,USA,CA,Corporate
4052,Mary Smith,USA,GA,Corporate
9543,Mary Allen,USA,CA,Corporate
18081,Meghan Rasmussen,USA,TX,Corporate
8182,Matthew Meyer,USA,AZ,Corporate
15988,Clio Mccall,USA,CA,Corporate
17705,Jorden Holder,USA,CA,Corporate
15521,Basia Copeland,USA,OH,Corporate
20117,Ella Jenkins,USA,CA,Corporate
20078,Gretchen Franklin,USA,TX,Corporate
18917,Ori Nieves,USA,TX,Corporate
15219,Quynn Knapp,USA,OH,Corporate
16209,Willow Roberts,USA,AZ,Corporate
18615,Ann Guerrero,USA,IL,Corporate
18949,Ruth Franks,USA,CA,Corporate
18191,Hollee Boyd,USA,AZ,Corporate
18243,Sophia Sykes,USA,IL,Corporate
18049,Jael Goff,USA,NJ,Corporate
16517,Shelby Flowers,USA,TX,Corporate
16480,Katell Hayden,USA,TX,Corporate
16530,Nicole Hayes,USA,NJ,Corporate
16421,Tamara Schroeder,USA,OH,Corporate
19059,Freya Greer,USA,VA,Corporate
15764,Pearl Hopkins,USA,IL,Corporate
15886,Carolyn Sellers,USA,CA,Corporate
15849,Brenna Graves,USA,CA,Corporate
18319,Veda Bolton,USA,CA,Corporate
18462,Cally Stewart,USA,NY,Corporate
16003,Imani Hunter,USA,HI,Corporate
16019,Whilemina Martinez,USA,CA,Corporate
18298,Shoshana Noel,USA,MD,Corporate
20531,Darrel Ruiz,USA,TX,Corporate
20405,Yetta Garrison,USA,CA,Corporate
20746,Roanna Macias,USA,CA,Corporate
17500,Belle Schultz,USA,CA,Corporate
18347,Ray ,USA,CA,Corporate
20726,Quon Cooke,USA,TN,Corporate
20671,Zia Floyd,USA,TX,Corporate
17460,Zoe Cardenas,USA,TX,Corporate
15939,Bo Nolan,USA,PA,Corporate
17424,Dominique Riddle,USA,NY,Corporate
17514,Kelsie Conley,USA,NC,Corporate
18022,Xaviera Rollins,USA,OH,Corporate
17351,Karly Bruce,USA,TX,Corporate
20506,Imani Garcia,USA,TX,Corporate
17654,Ann Weber,USA,IL,Corporate
20414,Sybill Gray,USA,TX,Corporate
17688,Haviva Sherman,USA,TX,Corporate
20628,Sydnee Cantrell,USA,TX,Corporate
15520,Carolyn Graves,USA,IL,Corporate
15393,Avye Tillman,USA,WA,Corporate
15604,Molly Mathis,USA,IL,Corporate
15567,Simone Mullen,USA,CA,Corporate
15477,Lael Rush,USA,IL,Corporate
15417,Catherine Boyer,USA,CA,Corporate
15522,Xandra Callahan,USA,FL,Corporate
17574,Anika Craig,USA,PA,Corporate
15160,Cora Lamb,USA,CA,Corporate
15141,Amanda Poole,USA,PA,Corporate
17064,Ivy Nelson,USA,FL,Corporate
15267,Mariam Fischer,USA,CA,Corporate
16204,Halla Bates,USA,FL,Corporate
17762,Desirae Carson,USA,IL,Corporate
19843,Zia Conley,USA,CT,Corporate
17223,Abra Clarke,USA,IL,Corporate
17165,Rama Burt,USA,CA,Corporate
18622,Yolanda Colon,USA,KY,Corporate
19785,Jayme Church,USA,AZ,Corporate
20018,Octavia Beasley,USA,NY,Corporate
17756,Cherokee Baldwin,USA,MD,Corporate
18973,Donna Grant,USA,MA,Corporate
20232,Zenaida Guthrie,USA,OH,Corporate
15254,Xena Lindsay,USA,IN,Corporate
17033,Maxine Massey,USA,PA,Corporate
17051,Cleo Bishop,USA,UT,Corporate
19814,Hedwig Huffman,USA,IL,Corporate
17859,Jaden Franks,USA,CA,Corporate
16316,Wynter Wooten,USA,CA,Corporate
18242,Mechelle Silva,USA,DC,Corporate
18112,Grace Grant,USA,MO,Corporate
18111,Shellie Marsh,USA,OH,Corporate
18072,Carolyn Webster,USA,FL,Corporate
18071,Renee Francis,USA,IL,Corporate
19051,Justina Austin,USA,OH,Corporate
16386,May Stevens,USA,PA,Corporate
15806,Jorden Edwards,USA,FL,Corporate
15679,Azalia Randolph,USA,OH,Corporate
15714,Olga Erickson,USA,NY,Corporate
18822,Noel Combs,USA,CA,Corporate
18821,Karly Gardner,USA,NY,Corporate
18784,Aileen Solomon,USA,GA,Corporate
18783,Cameron Bradshaw,USA,CA,Corporate
15762,Maya Owens,USA,IL,Corporate
15707,Chastity Baker,USA,CA,Corporate
15702,Lareina Cooper,USA,IL,Corporate
17648,Tasha Massey,USA,CA,Corporate
20497,Winter Logan,USA,CA,Corporate
18460,Nomlanga Mccarty,USA,TX,Corporate
17975,Indigo Flowers,USA,AZ,Corporate
18495,Amena May,USA,CA,Corporate
17938,Rachel Jenkins,USA,WI,Corporate
20674,Willow Craig,USA,CA,Corporate
20403,Mara Valencia,USA,CA,Corporate
17516,Alexa Zamora,USA,PA,Corporate
20688,Haviva Austin,USA,MO,Corporate
17986,Ila Little,USA,NY,Corporate
15993,Basia Haley,USA,NV,Corporate
20558,Blossom Lee,USA,TX,Corporate
15990,Mallory Cardenas,USA,CA,Corporate
18880,Lareina Daniels,USA,TX,Corporate
18320,Shaeleigh Mosley,USA,CA,Corporate
20555,Xantha Dalton,USA,MI,Corporate
20447,Germane Kramer,USA,IL,Corporate
17508,Jillian Small,USA,NV,Corporate
15428,Sylvia Nunez,USA,OH,Corporate
15661,Piper Jennings,USA,MI,Corporate
15676,Jolie Frank,USA,UT,Corporate
15329,Amelia Nash,USA,CA,Corporate
18671,Alexis Wilcox,USA,FL,Corporate
15400,Regina Herring,USA,MN,Corporate
15613,Maryam Mcneil,USA,NJ,Corporate
15595,Josephine Maxwell,USA,OH,Corporate
17226,Cecilia Landry,USA,FL,Corporate
19018,Kai Goodwin,USA,MO,Corporate
17063,Aileen Bradford,USA,NJ,Corporate
18942,Leilani Mckenzie,USA,NY,Corporate
19965,Larisa Huff,USA,MD,Corporate
15276,Cheryl Mendoza,USA,MA,Corporate
16178,Iola Williams,USA,CA,Corporate
17755,Cally Leonard,USA,GA,Corporate
19854,Karina Navarro,USA,CA,Corporate
20051,Cleo Merrill,USA,CA,Corporate
15256,Janna Walter,USA,IL,Corporate
18972,Leila Schneider,USA,CA,Corporate
16265,Rebeca Weber,USA,TX,Corporate
16190,Brenna Haley,USA,GA,Corporate
17875,Shay Welch,USA,CO,Corporate
18108,Miriam Wilson,USA,NV,Corporate
16403,Quemby Wilkerson,USA,MN,Corporate
16506,Myra Farley,USA,NJ,Corporate
17632,Francesca Bradley,USA,CA,Corporate
20737,Germaine Cherry,USA,MN,Corporate
16060,Dana Flores,USA,FL,Corporate
19786,Naomi Wynn,USA,FL,Corporate
17758,Nell Valentine,USA,FL,Corporate
3290,Linda Smith,USA,CA,Home Office
8287,Mary Smith,USA,IL,Home Office
1421,Karen Farmer,Puerto Rico,PR,Consumer
3491,Diane Barrett,USA,CA,Consumer
11049,Mary Smith,USA,CA,Consumer
7484,Mary Schmidt,USA,CA,Consumer
3798,Amber Armstrong,USA,NJ,Consumer
4897,Mary Garcia,USA,CA,Consumer
10879,Maria Ruiz,USA,FL,Consumer
2054,Olivia Davis,USA,CA,Consumer
9169,Mary Neal,USA,AZ,Consumer
12577,Meredith Hobbs,USA,NY,Consumer
12738,Libby Riddle,USA,CA,Consumer
12558,Freya Mckay,USA,OH,Consumer
12575,Haviva Fields,USA,CA,Consumer
12448,Briar Campos,USA,TX,Consumer
12495,Nomlanga Bentley,USA,CA,Consumer
12620,Mikayla Burt,USA,NY,Consumer
12512,Lael Stanley,USA,CA,Consumer
12548,Stella Hahn,USA,OH,Consumer
12637,Alea Bray,USA,FL,Consumer
14925,Shea Buck,USA,TX,Consumer
15050,Eden Mcdowell,USA,GA,Consumer
14995,Faith Daniel,USA,FL,Consumer
12881,Kitra Rosa,USA,MD,Consumer
15011,Petra Spence,USA,CA,Consumer
14938,Rachel Cherry,USA,CA,Consumer
15134,Shelby Bond,USA,CA,Consumer
15007,Audra Lawrence,USA,MI,Consumer
12909,Cherokee Emerson,USA,IL,Consumer
14984,Chelsea Rasmussen,USA,OH,Consumer
15127,Lacy Stafford,USA,WI,Consumer
12924,Fallon Swanson,USA,CA,Consumer
4247,Anna Baldwin,USA,CA,Consumer
9269,Angela English,USA,CA,Consumer
11671,Mary Smith,USA,MI,Consumer
9629,Mark Smith,USA,TX,Consumer
1440,Kathleen Watson,USA,CA,Consumer
6340,Linda Key,USA,NM,Consumer
4333,Janet Smith,USA,OH,Consumer
3279,Mary Wells,USA,NY,Consumer
9428,Mary Conrad,USA,OR,Consumer
12086,Mary Powers,USA,CA,Consumer
5422,Michael Smith,USA,FL,Consumer
9054,Mary Parker,USA,DC,Consumer
11296,Julie Smith,USA,CA,Consumer
1872,Dorothy Smith,USA,NV,Consumer
4526,Carol Smith,USA,CA,Consumer
19230,Margaret Armstrong,USA,OR,Consumer
15733,Madonna Bishop,USA,CA,Consumer
15984,Madonna Cooke,USA,CA,Consumer
18471,Melinda Williams,USA,NY,Consumer
15496,Morgan James,USA,CA,Consumer
15566,Venus Wynn,USA,LA,Consumer
8232,Lisa Avery,USA,PA,Consumer
17622,Idola Parrish,USA,TX,Consumer
17567,Jordan Mccormick,USA,AZ,Consumer
17562,Eve Dyer,USA,TX,Consumer
19951,Sheila Allen,USA,NV,Consumer
20036,Quintessa Robinson,USA,MD,Consumer
16267,Irma Mcpherson,USA,CA,Consumer
17087,Stephanie Bowen,USA,UT,Consumer
20101,Nayda Tate,USA,TX,Consumer
18083,Veronica Branch,USA,WA,Consumer
18154,Mari Herman,USA,NY,Consumer
18225,Mira Ferguson,USA,CA,Consumer
18171,Lilah Michael,USA,NY,Consumer
18223,Pascale Lindsay,USA,MI,Consumer
18169,Alexis Morse,USA,NY,Consumer
18133,Lilah Lucas,USA,NY,Consumer
18059,Mariam Cobb,USA,CA,Consumer
18202,Tatyana Stone,USA,CO,Consumer
18256,Janna Blackwell,USA,TN,Consumer
18255,Rachel Mendoza,USA,MI,Consumer
18126,Carol Beach,USA,MA,Consumer
18233,Amela Dorsey,USA,NY,Consumer
18194,Amela Randolph,USA,RI,Consumer
18193,Petra Maddox,USA,MO,Consumer
16448,Hadley Pate,USA,GA,Consumer
16588,Fatima Stanley,USA,NY,Consumer
19246,Rosalyn Hartman,USA,TX,Consumer
16407,Farrah Horn,USA,AR,Consumer
19173,Rina Burks,USA,NV,Consumer
16551,Diana Reyes,USA,IL,Consumer
19226,Maia Stevens,USA,WA,Consumer
19261,Imani Walton,USA,MN,Consumer
16529,Taylor Beach,USA,MA,Consumer
19182,Martha Gamble,USA,NY,Consumer
19074,Charissa Mcleod,USA,TX,Consumer
19271,Doris Henderson,USA,CA,Consumer
16451,Madonna Oconnor,USA,CA,Consumer
16414,Marny Hogan,USA,CA,Consumer
15719,Jana Black,USA,WV,Consumer
15791,Reagan Mooney,USA,LA,Consumer
18828,Imelda Herman,USA,NJ,Consumer
15880,Madeline Cook,USA,CA,Consumer
15718,Cassandra Landry,USA,TX,Consumer
15735,Doris Rivas,USA,NY,Consumer
15897,Xerxes Barlow,USA,FL,Consumer
15895,Maryam Haynes,USA,IL,Consumer
15786,Xyla Richardson,USA,OH,Consumer
15690,Maia Holman,USA,CA,Consumer
15689,Sage Mckinney,USA,CA,Consumer
15706,Alexa Watson,USA,CA,Consumer
18779,Maxine Mcintyre,USA,CA,Consumer
18741,Mallory Rodriguez,USA,TX,Consumer
15721,Sacha Bentley,USA,NY,Consumer
18794,Carla David,USA,CA,Consumer
1085,Evelyn Brady,USA,KY,Consumer
7495,Cheryl Smith,USA,CO,Consumer
18033,Quin Logan,USA,WI,Consumer
20554,Donna Cunningham,USA,CA,Consumer
17979,Juliet Chan,USA,PA,Consumer
20716,Maggy Nichols,USA,OH,Consumer
17506,Imani Floyd,USA,LA,Consumer
17649,Renee Perkins,USA,MI,Consumer
18426,Desirae Travis,USA,CA,Consumer
20607,Blythe Taylor,USA,TX,Consumer
20714,Elaine Johnston,USA,CA,Consumer
20732,Jenette Bradley,USA,MI,Consumer
17325,Dana Gould,USA,TN,Consumer
17324,Blossom Bryant,USA,CA,Consumer
17468,Avye Holloway,USA,NY,Consumer
18370,Rhonda Rogers,USA,NC,Consumer
18514,Destiny Lynch,USA,NY,Consumer
15983,Veronica Wise,USA,CA,Consumer
18334,Autumn Kirk,USA,IL,Consumer
20443,Kimberley Wiley,USA,OR,Consumer
16018,Kirby Pitts,USA,NY,Consumer
17341,Denise Monroe,USA,CA,Consumer
2977,Rose Smith,USA,MD,Consumer
15964,Daryl Montgomery,USA,CA,Consumer
17431,Quail Ruiz,USA,CA,Consumer
20604,Shafira Freeman,USA,NJ,Consumer
17699,Zorita Burks,USA,CA,Consumer
20459,Tatyana Wilson,USA,NV,Consumer
17394,Naida Norman,USA,TX,Consumer
18367,Lacy Glass,USA,MD,Consumer
17973,Hope Carver,USA,UT,Consumer
8414,Christopher Alexander,USA,CA,Consumer
18474,Anastasia Mclaughlin,USA,CA,Consumer
16033,Iris Nolan,USA,FL,Consumer
15925,Basia Soto,USA,TX,Consumer
17643,Carla Shaw,USA,IL,Consumer
18402,Ainsley Harmon,USA,NJ,Consumer
17320,Emma Skinner,USA,NY,Consumer
18509,Jordana Beck,USA,NY,Consumer
18292,Camille Mcknight,USA,IL,Consumer
18364,Tallulah Hurley,USA,MI,Consumer
20527,Evangeline Lopez,USA,MI,Consumer
17749,Jayme Kerr,USA,CA,Consumer
16031,Darrel English,USA,MD,Consumer
17390,Dakota Mercer,USA,TX,Consumer
17987,Mari Savage,USA,WA,Consumer
16048,Deanna Wallace,USA,CO,Consumer
20544,Yael Whitfield,USA,NY,Consumer
18399,Anjolie Bass,USA,NY,Consumer
17370,May Robbins,USA,CO,Consumer
15957,Clementine Cohen,USA,NY,Consumer
20399,Hyacinth Lambert,USA,CA,Consumer
20651,Zephr Mcclain,USA,DC,Consumer
17728,Hedda Jensen,USA,CA,Consumer
17495,Cora Munoz,USA,CA,Consumer
20578,Carol Hopper,USA,CA,Consumer
17260,Shannon Stout,USA,CA,Consumer
8444,Katherine Rogers,USA,FL,Consumer
20613,Demetria Leblanc,USA,GA,Consumer
18413,Briar Larsen,USA,NY,Consumer
17331,Illiana Brennan,USA,CA,Consumer
20432,Roary Zamora,USA,GA,Consumer
20576,Deborah Miranda,USA,NY,Consumer
17689,Hedda Becker,USA,MD,Consumer
18018,Sara Torres,USA,CA,Consumer
18430,September Talley,USA,CA,Consumer
18484,Signe Brady,USA,NY,Consumer
17510,Sarah Butler,USA,WI,Consumer
17275,Destiny Oneill,USA,NV,Consumer
17454,Tana Cunningham,USA,FL,Consumer
20411,Marah Wilkinson,USA,PA,Consumer
15969,Rhoda York,USA,NY,Consumer
20573,Hillary Dudley,USA,NY,Consumer
4546,Mary Garcia,USA,CA,Consumer
4873,Samantha Wilson,USA,CA,Consumer
2966,Christina Ewing,USA,TX,Consumer
15665,Rama Gallegos,USA,CA,Consumer
15359,Jenette Newman,USA,IL,Consumer
15377,Odette Mullins,USA,NY,Consumer
15449,Lunea Johns,USA,MI,Consumer
15593,Rebekah Jackson,USA,UT,Consumer
15323,Basia Hartman,USA,CA,Consumer
15573,Shay Brady,USA,CA,Consumer
15518,Octavia Gallegos,USA,MO,Consumer
15299,Heather Fletcher,USA,IN,Consumer
18731,Hiroko Gutierrez,USA,FL,Consumer
15316,Yen Bray,USA,TX,Consumer
15387,Amelia Moody,USA,CA,Consumer
15349,Rana Hess,USA,NM,Consumer
15511,Tatiana Abbott,USA,IL,Consumer
15295,Sage Wiggins,USA,TX,Consumer
15438,Donna Stone,USA,NY,Consumer
15510,Kameko Delacruz,USA,CA,Consumer
15381,Nayda Keller,USA,AZ,Consumer
15524,Tatyana Rodriguez,USA,WI,Consumer
18704,Alexis Kinney,USA,CA,Consumer
15362,Vivien Church,USA,NY,Consumer
15344,Angelica Robinson,USA,WI,Consumer
18685,Hedwig Martin,USA,IL,Consumer
15487,Nadine Tran,USA,TX,Consumer
163,Austin Diaz,USA,NM,Consumer
6743,Doris West,USA,TX,Consumer
10924,Steven Smith,USA,CA,Consumer
6614,Janet Glover,USA,CA,Consumer
12230,Mary Smith,USA,VA,Consumer
4345,Mary Marshall,USA,CA,Consumer
12343,Timothy Smith,USA,FL,Consumer
17558,Blanca Ramos,USA,MI,Consumer
17587,Darryl Fields,USA,MI,Consumer
17549,Sopoline Fernandez,USA,MI,Consumer
17547,Maisie Vargas,USA,MD,Consumer
17600,Deborah Buchanan,USA,NY,Consumer
20315,Alyssa Strickland,USA,IL,Consumer
18893,Kimberly Kirby,USA,TN,Consumer
19990,Leilani Parsons,USA,CA,Consumer
20350,Olga Reed,USA,AZ,Consumer
19001,Brenna Pierce,USA,AR,Consumer
20043,Leila Rose,USA,NV,Consumer
18592,Gloria Jackson,USA,VA,Consumer
19000,Serina Hobbs,USA,DC,Consumer
15265,Jaime Hill,USA,CA,Consumer
17817,Jaime Ballard,USA,IL,Consumer
17242,Alma Wolfe,USA,IL,Consumer
15247,Cailin Harmon,USA,IL,Consumer
19897,Sloane Farmer,USA,IL,Consumer
19825,Dominique Sherman,USA,NY,Consumer
18962,Haley Battle,USA,NC,Consumer
18571,Sloane Holman,USA,GA,Consumer
20364,Medge Harvey,USA,NY,Consumer
20076,Pearl Coleman,USA,MA,Consumer
19770,Gretchen Montgomery,USA,CA,Consumer
20309,Blythe Maynard,USA,AZ,Consumer
20057,Leandra Strickland,USA,AZ,Consumer
20273,Petra Patton,USA,SC,Consumer
19895,Jaden Bailey,USA,TX,Consumer
17814,Pascale Berger,USA,CA,Consumer
16110,Guinevere Little,USA,CA,Consumer
17167,TaShya Owens,USA,CA,Consumer
18533,Naida Franklin,USA,PA,Consumer
16379,Barbara Sharpe,USA,MA,Consumer
17112,Guinevere Cline,USA,GA,Consumer
15243,Sophia Giles,USA,NY,Consumer
20128,Michelle Mcconnell,USA,TX,Consumer
20289,Amena Gonzales,USA,CA,Consumer
19893,Desiree Grimes,USA,CA,Consumer
18958,Deanna Lara,USA,NY,Consumer
20253,Dacey Dean,USA,CA,Consumer
20181,Regan Mendez,USA,CA,Consumer
16377,Sydnee Giles,USA,AZ,Consumer
17218,Cassandra Murphy,USA,CA,Consumer
19946,Quincy Cantrell,USA,OH,Consumer
15222,Maris Vazquez,USA,IL,Consumer
20125,Dawn Mays,USA,DC,Consumer
17037,India Chaney,USA,MI,Consumer
20323,Sybi Clarke,USA,RI,Consumer
18530,Brynn Ward,USA,CA,Consumer
20197,Karina Garner,USA,CA,Consumer
20107,Hedy Raymond,USA,CA,Consumer
20035,Lydia Hicks,USA,CA,Consumer
20179,Azalia Flowers,USA,HI,Consumer
17845,Alfreda Obrien,USA,NJ,Consumer
17234,Mary Elliott,USA,MI,Consumer
17036,Quintessa Brennan,USA,OK,Consumer
17126,Myra Arnold,USA,NY,Consumer
19980,Imogene Fields,USA,CA,Consumer
19908,Lois Kinney,USA,MD,Consumer
17844,Kathleen Mckay,USA,IL,Consumer
20267,Tallulah Owens,USA,IA,Consumer
20249,Olympia Riddle,USA,DC,Consumer
20195,Madeson Henry,USA,LA,Consumer
16284,Brenna Tyson,USA,TX,Consumer
19943,Farrah Ferguson,USA,MI,Consumer
18599,Ruth Sampson,USA,UT,Consumer
18527,Rhoda Howe,USA,NY,Consumer
16121,Kirsten Mills,USA,NC,Consumer
20104,Molly Combs,USA,CA,Consumer
17123,Roary Malone,USA,CA,Consumer
20192,Aspen Acevedo,USA,DE,Consumer
17086,Venus Donaldson,USA,IL,Consumer
18933,Jordan Casey,USA,OH,Consumer
17822,Anika Emerson,USA,MA,Consumer
18542,Myra Rose,USA,CA,Consumer
18986,Yvette Avery,USA,GA,Consumer
20011,Tatiana Green,USA,NC,Consumer
18914,Charissa Whitaker,USA,NJ,Consumer
17750,Naomi Phillips,USA,MI,Consumer
16262,Desirae Stokes,USA,VA,Consumer
18896,Pamela Miranda,USA,FL,Consumer
19794,Nell Rowland,USA,HI,Consumer
19003,Emma Bailey,USA,CA,Consumer
19021,Nora Beasley,USA,NJ,Consumer
20316,Lilah Glover,USA,HI,Consumer
9102,Richard Marshall,USA,IL,Consumer
7497,Anthony Spence,USA,AZ,Consumer
10754,Mary Ewing,USA,NY,Consumer
7737,Austin Lambert,USA,CA,Consumer
5228,Mary Smith,USA,IL,Consumer
3746,Walter Moore,USA,WA,Consumer
7688,Lori Smith,USA,CA,Consumer
9289,Carolyn Smith,USA,HI,Consumer
658,Peter Farley,USA,PA,Consumer
9137,Mary Smith,USA,AZ,Consumer
9651,Louis Olsen,USA,OR,Consumer
3824,Evelyn Smith,USA,UT,Consumer
10203,Anna Smith,USA,TX,Consumer
4135,Mary Kelly,USA,GA,Consumer
11939,Mary Johnson,USA,IL,Consumer
1402,Nancy Mckinney,USA,TX,Consumer
7023,Jacqueline Roberson,USA,WA,Consumer
5179,Robert Smith,USA,PA,Consumer
1004,Mary Evans,Puerto Rico,PR,Corporate
7471,Mary Smith,Puerto Rico,PR,Corporate
5087,Mark Figueroa,Puerto Rico,PR,Corporate
3366,Mary Herring,Puerto Rico,PR,Corporate
625,Terry Smith,Puerto Rico,PR,Corporate
14382,Tamekah Parrish,Puerto Rico,PR,Corporate
14875,Denise Luna,Puerto Rico,PR,Corporate
12635,Iola Cotton,Puerto Rico,PR,Corporate
13455,Hope Adkins,Puerto Rico,PR,Corporate
13185,Isabella Murphy,Puerto Rico,PR,Corporate
13347,Melyssa Hobbs,Puerto Rico,PR,Corporate
13489,Leigh Myers,Puerto Rico,PR,Corporate
13020,Harriet Middleton,Puerto Rico,PR,Corporate
14429,Aurora House,Puerto Rico,PR,Corporate
14343,Taylor Lyons,Puerto Rico,PR,Corporate
13125,Evelyn Trevino,Puerto Rico,PR,Corporate
14377,May Huff,Puerto Rico,PR,Corporate
13268,Mollie Wright,Puerto Rico,PR,Corporate
14356,Brenna Shelton,Puerto Rico,PR,Corporate
13391,Nichole Yates,Puerto Rico,PR,Corporate
13210,Aubrey Moody,Puerto Rico,PR,Corporate
14156,Courtney Long,Puerto Rico,PR,Corporate
13083,Deanna Padilla,Puerto Rico,PR,Corporate
13262,Deborah Case,Puerto Rico,PR,Corporate
14545,Marah Bradshaw,Puerto Rico,PR,Corporate
14526,Whilemina Ewing,Puerto Rico,PR,Corporate
12990,Gillian Decker,Puerto Rico,PR,Corporate
14187,Suki Ware,Puerto Rico,PR,Corporate
14151,Willow Levine,Puerto Rico,PR,Corporate
14115,Carissa Day,Puerto Rico,PR,Corporate
14541,Harriet Hubbard,Puerto Rico,PR,Corporate
14698,Audrey Kerr,Puerto Rico,PR,Corporate
9616,Matthew Grant,Puerto Rico,PR,Corporate
14788,Gloria Wiley,Puerto Rico,PR,Corporate
14697,Brenna Wilson,Puerto Rico,PR,Corporate
13913,Shellie Jones,Puerto Rico,PR,Corporate
13948,Quyn Hull,Puerto Rico,PR,Corporate
13624,Gemma Lawrence,Puerto Rico,PR,Corporate
12758,Abra Nash,Puerto Rico,PR,Corporate
13946,Amela Sampson,Puerto Rico,PR,Corporate
5740,Lawrence Smith,Puerto Rico,PR,Corporate
14873,Hillary Dennis,Puerto Rico,PR,Corporate
13796,Mary Lindsay,Puerto Rico,PR,Corporate
13634,Josephine Barrett,Puerto Rico,PR,Corporate
13922,Blaine Weiss,Puerto Rico,PR,Corporate
13811,Hope Skinner,Puerto Rico,PR,Corporate
13775,Emma Steele,Puerto Rico,PR,Corporate
13791,Quon Duncan,Puerto Rico,PR,Corporate
13683,Camille Butler,Puerto Rico,PR,Corporate
143,Mary Byrd,Puerto Rico,PR,Corporate
12505,Lillian Martinez,Puerto Rico,PR,Corporate
12487,Nevada Barr,Puerto Rico,PR,Corporate
12594,Jenna Boone,Puerto Rico,PR,Corporate
12521,Avye Harris,Puerto Rico,PR,Corporate
12509,Anastasia Cross,Puerto Rico,PR,Corporate
12865,Joan Mcfadden,Puerto Rico,PR,Corporate
12949,Sybill Richmond,Puerto Rico,PR,Corporate
14969,Hedwig Summers,Puerto Rico,PR,Corporate
12892,Phyllis May,Puerto Rico,PR,Corporate
12945,Taylor Singleton,Puerto Rico,PR,Corporate
14967,Zenaida Hopkins,Puerto Rico,PR,Corporate
11532,Janice Nicholson,Puerto Rico,PR,Corporate
5387,Mary Riley,Puerto Rico,PR,Corporate
8075,Sarah Coleman,Puerto Rico,PR,Corporate
18244,Maxine Green,Puerto Rico,PR,Corporate
18125,Tara Villarreal,Puerto Rico,PR,Corporate
16485,Quyn David,Puerto Rico,PR,Corporate
19250,Olga Hoffman,Puerto Rico,PR,Corporate
16609,Donna Mcconnell,Puerto Rico,PR,Corporate
16487,Mari Shields,Puerto Rico,PR,Corporate
18827,Camille Morrison,Puerto Rico,PR,Corporate
15713,Xaviera Collins,Puerto Rico,PR,Corporate
15889,Fallon Compton,Puerto Rico,PR,Corporate
15887,Inez Avery,Puerto Rico,PR,Corporate
18775,Emma Frank,Puerto Rico,PR,Corporate
18879,Angelica Schultz,Puerto Rico,PR,Corporate
17704,Halla Ray,Puerto Rico,PR,Corporate
17668,Xena Mcguire,Puerto Rico,PR,Corporate
17684,Gillian Cardenas,Puerto Rico,PR,Corporate
18461,Jessamine Poole,Puerto Rico,PR,Corporate
17270,Leigh Carson,Puerto Rico,PR,Corporate
18030,Nicole Klein,Puerto Rico,PR,Corporate
17467,Illana Romero,Puerto Rico,PR,Corporate
15997,Winter Pitts,Puerto Rico,PR,Corporate
20727,Deborah Whitney,Puerto Rico,PR,Corporate
18293,Imelda Burke,Puerto Rico,PR,Corporate
15924,Dominique Davenport,Puerto Rico,PR,Corporate
17499,Jade Pittman,Puerto Rico,PR,Corporate
20546,Willa Golden,Puerto Rico,PR,Corporate
20725,Danielle Richardson,Puerto Rico,PR,Corporate
15956,Irene Rhodes,Puerto Rico,PR,Corporate
18003,Dacey Nelson,Puerto Rico,PR,Corporate
3004,Mary Holland,Puerto Rico,PR,Corporate
17350,Olga Sutton,Puerto Rico,PR,Corporate
18324,Madeline Campbell,Puerto Rico,PR,Corporate
18288,Lesley Clayton,Puerto Rico,PR,Corporate
17653,Karina Velez,Puerto Rico,PR,Corporate
17509,Simone Cochran,Puerto Rico,PR,Corporate
17472,Mechelle Rivers,Puerto Rico,PR,Corporate
17328,Jayme Hull,Puerto Rico,PR,Corporate
15427,Haley Howe,Puerto Rico,PR,Corporate
15659,Mikayla Durham,Puerto Rico,PR,Corporate
15677,Kirby Clark,Puerto Rico,PR,Corporate
18674,Kirby Best,Puerto Rico,PR,Corporate
15474,Anastasia Christensen,Puerto Rico,PR,Corporate
15563,Aileen Ashley,Puerto Rico,PR,Corporate
15615,Phyllis Rodriquez,Puerto Rico,PR,Corporate
18721,Wynter Stanton,Puerto Rico,PR,Corporate
15486,Avye Martin,Puerto Rico,PR,Corporate
2160,Stephen Smith,Puerto Rico,PR,Corporate
15612,Guinevere Kane,Puerto Rico,PR,Corporate
17576,Deborah Sutton,Puerto Rico,PR,Corporate
20279,Yvette Wheeler,Puerto Rico,PR,Corporate
17209,Indira Maynard,Puerto Rico,PR,Corporate
15232,Christine Frost,Puerto Rico,PR,Corporate
16313,Kim Morales,Puerto Rico,PR,Corporate
17854,Echo Cotton,Puerto Rico,PR,Corporate
15193,Petra Ramsey,Puerto Rico,PR,Corporate
15211,Ila Hopkins,Puerto Rico,PR,Corporate
19934,Christine Charles,Puerto Rico,PR,Corporate
20166,Claire Perez,Puerto Rico,PR,Corporate
19788,Lee Mcintosh,Puerto Rico,PR,Corporate
15173,Wendy Leach,Puerto Rico,PR,Corporate
19932,Melyssa Nguyen,Puerto Rico,PR,Corporate
17093,Rebekah Drake,Puerto Rico,PR,Corporate
18603,Miranda Mathis,Puerto Rico,PR,Corporate
18531,Faith Haynes,Puerto Rico,PR,Corporate
16161,Lani Walton,Puerto Rico,PR,Corporate
20108,Carissa Estrada,Puerto Rico,PR,Corporate
16124,Calista Chaney,Puerto Rico,PR,Corporate
18581,Miranda Gallegos,Puerto Rico,PR,Corporate
16229,Athena Wyatt,Puerto Rico,PR,Corporate
18916,Nayda Workman,Puerto Rico,PR,Corporate
15200,Joelle Wood,Puerto Rico,PR,Corporate
15217,Calista Prince,Puerto Rico,PR,Corporate
16333,Geraldine Terrell,Puerto Rico,PR,Corporate
10773,Christopher Smith,Puerto Rico,PR,Corporate
4485,Mary Young,Puerto Rico,PR,Corporate
6558,Ethan Smith,Puerto Rico,PR,Corporate
10097,Mary Smith,Puerto Rico,PR,Corporate
8680,Laura Sheppard,Puerto Rico,PR,Corporate
1984,Mary Williams,Puerto Rico,PR,Corporate
6511,Nancy Young,Puerto Rico,PR,Corporate
13245,Maia Farley,Puerto Rico,PR,Corporate
14489,Freya Compton,Puerto Rico,PR,Corporate
13330,Raya Blake,Puerto Rico,PR,Corporate
13807,Stella Oneal,Puerto Rico,PR,Corporate
13895,Kaitlin Reed,Puerto Rico,PR,Corporate
1769,Mary Hale,Puerto Rico,PR,Corporate
12771,Juliet Myers,Puerto Rico,PR,Corporate
13687,Felicia Mcmillan,Puerto Rico,PR,Corporate
13938,Rhea Ferrell,Puerto Rico,PR,Corporate
12890,Aimee Hudson,Puerto Rico,PR,Corporate
14621,Velma Weeks,Puerto Rico,PR,Corporate
14067,Chantale Booth,Puerto Rico,PR,Corporate
14987,Mari Blackburn,Puerto Rico,PR,Corporate
13927,Leigh Hughes,Puerto Rico,PR,Corporate
15972,Mechelle Foley,Puerto Rico,PR,Corporate
17779,Chava Pitts,Puerto Rico,PR,Corporate
19081,Madison Ayers,Puerto Rico,PR,Corporate
16437,Ivy Jenkins,Puerto Rico,PR,Corporate
18299,Heather Dudley,Puerto Rico,PR,Corporate
17520,Brooke Sheppard,Puerto Rico,PR,Corporate
17284,Ila Jones,Puerto Rico,PR,Corporate
17354,BlueOneal ,Puerto Rico,PR,Corporate
15506,Desiree Wilkins,Puerto Rico,PR,Corporate
10926,Mary Smith,Puerto Rico,PR,Corporate
19805,Kitra Bright,Puerto Rico,PR,Corporate
15225,Mira Brady,Puerto Rico,PR,Corporate
16163,Jocelyn Massey,Puerto Rico,PR,Corporate
18550,Melyssa Hansen,Puerto Rico,PR,Corporate
16303,Abra Mitchell,Puerto Rico,PR,Corporate
20047,Risa Patterson,Puerto Rico,PR,Corporate
20136,Jessica Brennan,Puerto Rico,PR,Corporate
16297,Petra Padilla,Puerto Rico,PR,Corporate
18206,Mallory Oconnor,Puerto Rico,PR,Corporate
19103,Simone Hunter,Puerto Rico,PR,Corporate
19244,Christen Heath,Puerto Rico,PR,Corporate
16001,Roanna Gillespie,Puerto Rico,PR,Corporate
17736,Karyn Edwards,Puerto Rico,PR,Corporate
18868,Stella Trujillo,Puerto Rico,PR,Corporate
15974,Quin Mcleod,Puerto Rico,PR,Corporate
18486,Avye Norman,Puerto Rico,PR,Corporate
15472,Jena Wilcox,Puerto Rico,PR,Corporate
18998,Felicia Albert,Puerto Rico,PR,Corporate
17759,Fiona Schneider,Puerto Rico,PR,Corporate
17182,Madonna White,Puerto Rico,PR,Corporate
18637,Lacey Stone,Puerto Rico,PR,Corporate
20123,Roary Townsend,Puerto Rico,PR,Corporate
16301,Quin Manning,Puerto Rico,PR,Corporate
16594,Rosalyn Dunlap,Puerto Rico,PR,Corporate
18851,Yen Jacobson,Puerto Rico,PR,Corporate
17954,Leigh Merrill,Puerto Rico,PR,Corporate
18435,Scarlett Chan,Puerto Rico,PR,Corporate
1694,Mary Thompson,Puerto Rico,PR,Corporate
7159,Frances Smith,USA,CA,Consumer
10963,Amber Smith,USA,ID,Consumer
9782,Christine Frazier,USA,CA,Consumer
10581,Timothy Snyder,USA,AZ,Consumer
1395,Lori Lucero,USA,CA,Consumer
9090,Carolyn Davis,USA,FL,Consumer
18047,Dora Mckay,USA,NJ,Consumer
18173,Wendy Bright,USA,CT,Consumer
18116,Emma Mathews,USA,FL,Consumer
18152,Felicia Rosales,USA,GA,Consumer
18043,Yuri Mayo,USA,MI,Consumer
18115,Idona Drake,USA,OH,Consumer
18114,Cathleen Gaines,USA,IL,Consumer
18078,Amity Hancock,USA,CA,Consumer
18150,Hedwig Bender,USA,CO,Consumer
18220,Lani Contreras,USA,OH,Consumer
18236,Eliana Grant,USA,NY,Consumer
18074,Flora Roberson,USA,CO,Consumer
18146,Shana Wiley,USA,OH,Consumer
18037,Cleo Mcfadden,USA,IL,Consumer
18144,Moana Hartman,USA,MT,Consumer
18179,Mariko Bowen,USA,TX,Consumer
18231,Keiko Dale,USA,NY,Consumer
18104,Zena Soto,USA,CA,Consumer
18102,Lacey Blevins,USA,VA,Consumer
18210,Nell Dorsey,USA,CA,Consumer
19179,Katelyn Noel,USA,NY,Consumer
19088,Julie Mccall,USA,CA,Consumer
16466,Quail Emerson,USA,CO,Consumer
19214,Brianna Mcguire,USA,AR,Consumer
16446,Chloe Shields,USA,HI,Consumer
19229,Abra Logan,USA,CA,Consumer
19175,Ariana West,USA,NJ,Consumer
16515,Grace Velazquez,USA,NY,Consumer
19155,Jael Morrow,USA,ID,Consumer
19118,Patricia Pitts,USA,UT,Consumer
16513,Jescie Stafford,USA,CA,Consumer
19134,Laura David,USA,IL,Consumer
19062,Doris Brennan,USA,NY,Consumer
19205,Portia Owens,USA,MI,Consumer
16457,Amanda Suarez,USA,OH,Consumer
19204,Lenore Harding,USA,CA,Consumer
19149,Maryam Griffin,USA,CA,Consumer
19040,Tatiana Blevins,USA,HI,Consumer
19076,Haviva Holt,USA,MI,Consumer
16454,Leigh Cantu,USA,ND,Consumer
19129,Rebekah Bowers,USA,NY,Consumer
19272,Juliet Blackburn,USA,NJ,Consumer
19092,Summer Hines,USA,CA,Consumer
16397,Adena Spence,USA,AZ,Consumer
19073,India Huffman,USA,CA,Consumer
16468,Willow Hill,USA,NY,Consumer
18738,Yuri Vazquez,USA,OH,Consumer
15736,Juliet Cain,USA,TN,Consumer
15700,Octavia Durham,USA,NY,Consumer
15753,Dacey Lowe,USA,CA,Consumer
15879,Yoshi Wagner,USA,IN,Consumer
15893,Lana Warner,USA,CA,Consumer
18858,Basia Francis,USA,TX,Consumer
18839,Hope Cole,USA,NJ,Consumer
15748,Jane Ford,USA,NY,Consumer
15801,Kylie Mitchell,USA,SC,Consumer
18748,Renee Velez,USA,NV,Consumer
15729,Alice Herman,USA,CA,Consumer
18837,Danielle Wall,USA,FL,Consumer
15746,Raya Bridges,USA,IL,Consumer
18747,Aphrodite Powell,USA,OH,Consumer
15836,Taylor Nixon,USA,CA,Consumer
18818,Chantale Black,USA,TN,Consumer
18744,Kylynn Briggs,USA,CA,Consumer
18815,Candice Ferrell,USA,NV,Consumer
15904,Jennifer Bailey,USA,CA,Consumer
18743,Hedy Ellison,USA,IL,Consumer
18796,Jayme Hebert,USA,CA,Consumer
15795,Imelda Atkinson,USA,CA,Consumer
15687,Glenna Davenport,USA,CA,Consumer
15812,Unity Vargas,USA,NY,Consumer
18758,Pascale Durham,USA,OH,Consumer
18740,Madeline Heath,USA,MO,Consumer
15882,Beverly Hutchinson,USA,CA,Consumer
3374,Christine Smith,USA,IL,Consumer
17997,Naida Wall,USA,FL,Consumer
16022,Irma Witt,USA,NJ,Consumer
20734,Gretchen Gordon,USA,FL,Consumer
15931,Quail Hawkins,USA,FL,Consumer
17326,Anika Grant,USA,AZ,Consumer
18032,Madeson Fletcher,USA,NY,Consumer
16075,Isabella West,USA,AZ,Consumer
17380,Madeline Klein,USA,CT,Consumer
8913,Jane Smith,USA,FL,Consumer
18407,Leilani Schmidt,USA,SC,Consumer
20696,Brianna Rivera,USA,NY,Consumer
16092,Katelyn Brady,USA,PA,Consumer
17415,Adele Carson,USA,CA,Consumer
20390,Dakota Sheppard,USA,IL,Consumer
18515,Juliet York,USA,CA,Consumer
20606,Clare Floyd,USA,IL,Consumer
20552,Gemma Malone,USA,NY,Consumer
17994,Brynn Meyers,USA,MN,Consumer
18478,Linda Knowles,USA,IL,Consumer
16055,Xantha Morrow,USA,CT,Consumer
17940,Britanney Ball,USA,IL,Consumer
20551,Alma Raymond,USA,MN,Consumer
16036,Mara Rios,USA,CA,Consumer
20712,Brianna Kidd,USA,CA,Consumer
18441,Quyn Navarro,USA,KS,Consumer
7055,Emma Smith,USA,FL,Consumer
10621,Kevin Wright,USA,FL,Consumer
20441,Brynne Monroe,USA,CA,Consumer
20729,Athena Ramos,USA,NY,Consumer
11209,Grace Lam,USA,IL,Consumer
17322,Genevieve Pierce,USA,TX,Consumer
18439,Amela Thompson,USA,PA,Consumer
18511,Indigo Abbott,USA,MI,Consumer
17715,Camille Johnson,USA,WI,Consumer
17697,Olympia Burt,USA,CA,Consumer
17696,Brianna Roman,USA,CA,Consumer
18473,Teegan Bush,USA,IN,Consumer
17989,Neve Nielsen,USA,IL,Consumer
15996,Briar Sutton,USA,OH,Consumer
16014,Kelsie Forbes,USA,FL,Consumer
20672,April Buchanan,USA,CT,Consumer
20420,Amy Skinner,USA,NJ,Consumer
16067,Jordan Garrett,USA,TX,Consumer
20743,Kaitlin Shaw,USA,VA,Consumer
663,Mary Smith,USA,CA,Consumer
20418,Karina Woodard,USA,IL,Consumer
20580,Caryn Campbell,USA,TX,Consumer
17443,Kimberley Ortiz,USA,VA,Consumer
17712,Brianna Austin,USA,OR,Consumer
18363,Simone Gillespie,USA,MI,Consumer
20490,Mallory Mercer,USA,WI,Consumer
18327,Joan Watson,USA,CA,Consumer
18489,Hiroko Guerrero,USA,IL,Consumer
18005,Shellie Bray,USA,AZ,Consumer
20436,Alma Brewer,USA,MO,Consumer
18470,Lillian Byers,USA,CA,Consumer
16065,Britanni Ramirez,USA,NY,Consumer
17352,Katelyn White,USA,CA,Consumer
18524,Rylee Rodriguez,USA,CA,Consumer
20381,Gillian Church,USA,NJ,Consumer
20615,Mary Reed,USA,TX,Consumer
16028,Tatiana Alexander,USA,KY,Consumer
20488,Clio Moran,USA,CA,Consumer
17261,Kiayada Kerr,USA,MO,Consumer
17333,Rhonda Medina,USA,IL,Consumer
17638,Noelani Kaufman,USA,PA,Consumer
16064,Sade Holder,USA,IL,Consumer
17423,Ainsley Blankenship,USA,CA,Consumer
7734,Carol Snyder,USA,CA,Consumer
1071,Mary Roach,USA,IL,Consumer
17332,Morgan Zamora,USA,CA,Consumer
18342,Pandora Tucker,USA,NY,Consumer
20595,Stella Munoz,USA,MO,Consumer
20433,Simone Medina,USA,TN,Consumer
20487,Constance Harmon,USA,NY,Consumer
15936,Alma Jackson,USA,CA,Consumer
18287,Noel Pugh,USA,SC,Consumer
16008,Jillian Roman,USA,WI,Consumer
17493,Basia Harrison,USA,WI,Consumer
17312,Unity Mckee,USA,CA,Consumer
17258,Felicia York,USA,CO,Consumer
16024,Macy Duke,USA,CA,Consumer
20394,Naida Chang,USA,CT,Consumer
20412,Stacy Mckee,USA,TX,Consumer
20574,Anita Landry,USA,UT,Consumer
20754,Stacey Weber,USA,IL,Consumer
16059,Jessamine Kirk,USA,NJ,Consumer
3888,Scott Robles,USA,FL,Consumer
18338,Isadora Burns,USA,VA,Consumer
18374,Rosalyn Snider,USA,VA,Consumer
18428,Sylvia Becker,USA,TX,Consumer
16077,Kyla Lamb,USA,FL,Consumer
15933,Simone Hess,USA,NY,Consumer
17400,Lisa Mcdaniel,USA,CA,Consumer
20537,Sandra Mckay,USA,IN,Consumer
15629,Jolene Santiago,USA,MI,Consumer
18736,Demetria Mullins,USA,OH,Consumer
15592,Ariel Giles,USA,VA,Consumer
15340,Adele Buck,USA,AZ,Consumer
15357,Lacota Ferrell,USA,IL,Consumer
18717,Paloma Barker,USA,PA,Consumer
15392,Ria Reynolds,USA,NY,Consumer
15517,Serina Boyer,USA,OH,Consumer
18714,Mariko Rodriquez,USA,TX,Consumer
15623,Roary Mckenzie,USA,NJ,Consumer
15389,Lois Kennedy,USA,OR,Consumer
15461,Jessamine Pace,USA,TX,Consumer
18730,Daryl Stevens,USA,NV,Consumer
15459,McKenzie Gray,USA,CA,Consumer
15314,Bryar Rojas,USA,NJ,Consumer
15494,Anika Graham,USA,CA,Consumer
15672,Veronica Rojas,USA,CA,Consumer
15402,Ainsley Wagner,USA,TX,Consumer
15348,Shellie Merritt,USA,CA,Consumer
15437,Leila Slater,USA,CA,Consumer
15545,Madison Mccarty,USA,TX,Consumer
15542,Meredith Rose,USA,NM,Consumer
15398,Jordan Hoffman,USA,NY,Consumer
18686,Fatima Tran,USA,PA,Consumer
15667,TaShya Raymond,USA,PA,Consumer
7637,Douglas Washington,USA,TX,Consumer
1401,Mary Reeves,USA,OK,Consumer
10328,Mary Smith,USA,TX,Consumer
6541,Susan Smith,USA,NY,Consumer
17605,Priscilla Mccray,USA,CA,Consumer
17566,Lila Key,USA,CA,Consumer
17601,Aphrodite Ballard,USA,MI,Consumer
17583,Sydney Schultz,USA,CA,Consumer
18894,Jenette Atkinson,USA,TX,Consumer
17802,Meredith Ball,USA,CA,Consumer
20171,Eugenia Moreno,USA,TX,Consumer
18630,Sylvia Haynes,USA,CA,Consumer
16260,Alisa Hill,USA,UT,Consumer
17245,Melinda Morse,USA,CA,Consumer
17837,Ainsley Fisher,USA,NY,Consumer
20170,Celeste Dawson,USA,NY,Consumer
17872,Lois Herrera,USA,CA,Consumer
18610,Faith Abbott,USA,IL,Consumer
18910,Mari Hammond,USA,CA,Consumer
20133,Farrah Massey,USA,NJ,Consumer
19917,Abra Trevino,USA,CA,Consumer
15158,Ciara Terry,USA,DE,Consumer
16168,Xena Atkins,USA,GA,Consumer
17225,Imani Mueller,USA,TX,Consumer
17835,Linda Mccormick,USA,TX,Consumer
18573,Cleo Brady,USA,CA,Consumer
17188,Emily Pope,USA,CA,Consumer
19035,Sharon Turner,USA,MA,Consumer
20186,Gwendolyn Donaldson,USA,CA,Consumer
19988,Shannon Preston,USA,FL,Consumer
18608,Natalie Beck,USA,FL,Consumer
16364,Martha Mcfarland,USA,NY,Consumer
20041,Ainsley Oliver,USA,OR,Consumer
19879,Shelley Santiago,USA,TX,Consumer
15264,Charlotte Parrish,USA,CA,Consumer
17187,Glenna Lawrence,USA,CA,Consumer
17205,Maya Shepherd,USA,TX,Consumer
16147,Zenaida Harrell,USA,TX,Consumer
17114,Iona Klein,USA,CA,Consumer
18535,Blair Deleon,USA,IL,Consumer
17096,Moana Castillo,USA,NY,Consumer
15281,Cara Durham,USA,CO,Consumer
16291,Zoe Daugherty,USA,NY,Consumer
20040,Haviva Sexton,USA,CA,Consumer
20130,Jolene Hendricks,USA,HI,Consumer
19823,Inga Trevino,USA,CA,Consumer
17221,Sacha Malone,USA,CA,Consumer
15244,Maxine Norris,USA,TN,Consumer
16271,Chelsea Jenkins,USA,CA,Consumer
16109,Velma Nunez,USA,CA,Consumer
18959,Callie Sandoval,USA,MA,Consumer
19930,Kay Trujillo,USA,GA,Consumer
18605,India Wilkins,USA,FL,Consumer
19876,Gail Roman,USA,CA,Consumer
20038,Charissa Rosales,USA,OH,Consumer
17219,Jana Francis,USA,IL,Consumer
17776,Carolyn Welch,USA,MI,Consumer
16378,Tatiana Lancaster,USA,CA,Consumer
16198,Winter Middleton,USA,NJ,Consumer
20307,Cara Campos,USA,AZ,Consumer
19983,Deanna Ingram,USA,OH,Consumer
20343,Emma Barton,USA,MI,Consumer
20162,Bell Willis,USA,NY,Consumer
19892,Nichole Lindsey,USA,TX,Consumer
20198,Blair Pena,USA,MI,Consumer
19029,Anjolie Williams,USA,NY,Consumer
20216,Kelsie Mullins,USA,MI,Consumer
17774,Patience Anderson,USA,IL,Consumer
18602,Sheila Doyle,USA,WI,Consumer
17127,Cassandra Clements,USA,GA,Consumer
20287,Brianna Lawrence,USA,MO,Consumer
17073,Shay Gallegos,USA,OH,Consumer
18991,Bertha Martin,USA,AZ,Consumer
20160,Lenore Hudson,USA,OH,Consumer
16357,Desiree Bray,USA,MI,Consumer
16375,Shay Griffin,USA,NV,Consumer
19027,Rhoda Keller,USA,NY,Consumer
17790,Virginia Bennett,USA,CA,Consumer
17071,Jolie Moreno,USA,MN,Consumer
17808,Yvette Wilder,USA,IL,Consumer
19781,Maggie Duncan,USA,FL,Consumer
20285,Daria Doyle,USA,TX,Consumer
17880,Brianna Richards,USA,NY,Consumer
20213,Xaviera Evans,USA,MI,Consumer
16193,Morgan Kelly,USA,CA,Consumer
20158,Karleigh Crawford,USA,DE,Consumer
16211,Anastasia Carver,USA,OH,Consumer
20176,Jolie Sharp,USA,CA,Consumer
19978,Linda Nunez,USA,NY,Consumer
19852,Wynter Santana,USA,TX,Consumer
17842,Sydney Duffy,USA,NC,Consumer
19779,Kaitlin George,USA,AZ,Consumer
19941,Diana Zimmerman,USA,CA,Consumer
20193,Abra Drake,USA,NJ,Consumer
16282,Mariko Howard,USA,CA,Consumer
20121,Alma Dean,USA,ID,Consumer
20229,Alice Palmer,USA,IL,Consumer
17069,Shay Richard,USA,NY,Consumer
17877,Sydnee Petersen,USA,NY,Consumer
15199,Joan Garrison,USA,AZ,Consumer
20246,Raya Dillard,USA,NY,Consumer
19886,Imani Puckett,USA,CA,Consumer
17768,Katell Rivas,USA,AZ,Consumer
16208,Cassady Chambers,USA,NY,Consumer
20173,Jade Gallegos,USA,CA,Consumer
18596,Imani Cooke,USA,IL,Consumer
17786,Belle Ballard,USA,CA,Consumer
15162,Cassandra Bradley,USA,MD,Consumer
20244,Bree Mccarty,USA,AZ,Consumer
19938,Kerry Farmer,USA,TX,Consumer
17246,Raya Gamble,USA,CA,Consumer
17228,Amanda Holmes,USA,FL,Consumer
18259,Carla Noel,USA,CA,Consumer
19085,Nevada Witt,USA,NY,Consumer
19228,Aspen Chambers,USA,CA,Consumer
19225,Sage Jordan,USA,TX,Consumer
18841,Orli Medina,USA,CA,Consumer
15711,Minerva Alford,USA,CA,Consumer
15909,Felicia Perez,USA,FL,Consumer
20572,Genevieve Rivers,USA,MA,Consumer
20570,Sara Ryan,USA,LA,Consumer
18315,Imani Bailey,USA,NY,Consumer
17644,Ila Terry,USA,GA,Consumer
15960,Zoe Ballard,USA,GA,Consumer
18025,Nyssa Shaw,USA,MN,Consumer
17408,Wanda Britt,USA,PA,Consumer
17916,Leilani Leach,USA,AZ,Consumer
17388,Kylynn Moran,USA,NM,Consumer
17729,Athena Lara,USA,OH,Consumer
17368,Tana Love,USA,NY,Consumer
2098,Sara Davis,USA,NC,Consumer
16062,Eve Richmond,USA,CA,Consumer
18340,Adele Hopper,USA,IL,Consumer
20430,Hannah Whitney,USA,CA,Consumer
17999,Blair Bryan,USA,IL,Consumer
20609,Velma Cochran,USA,CA,Consumer
15662,Bell Stark,USA,TN,Consumer
15641,Melanie Heath,USA,TX,Consumer
15297,Leandra Roach,USA,HI,Consumer
15577,Candice Rush,USA,NY,Consumer
17621,Kirsten Velez,USA,TX,Consumer
15178,Darryl Vinson,USA,NV,Consumer
16294,Cheryl Larson,USA,OH,Consumer
17152,Constance Byers,USA,CA,Consumer
16275,Darryl Kim,USA,PA,Consumer
17115,Phyllis Sparks,USA,CA,Consumer
18607,Carolyn Sampson,USA,IL,Consumer
16273,Bertha Melton,USA,CO,Consumer
20291,Reagan Moon,USA,CA,Consumer
20308,Audrey Perkins,USA,MA,Consumer
17813,Kim Torres,USA,OH,Consumer
20325,Dana Mueller,USA,MN,Consumer
18549,Jescie Johns,USA,TX,Consumer
20215,Martena Sparks,USA,CA,Consumer
20124,Wynter Mosley,USA,CA,Consumer
16374,Victoria Simon,USA,NM,Consumer
20105,Mikayla Fitzpatrick,USA,CA,Consumer
16247,Jacqueline Lyons,USA,CA,Consumer
19959,Sarah Meyer,USA,GA,Consumer
20066,Venus Gill,USA,CA,Consumer
15143,Teegan Beach,USA,IL,Consumer
19884,Hollee Luna,USA,CA,Consumer
4570,Karen Morrison,USA,CA,Consumer
2006,Richard Jordan,USA,OK,Consumer
11704,John Smith,USA,TX,Consumer
12304,David Tran,USA,MD,Consumer
11335,Mary Smith,USA,AZ,Consumer
8735,Mary Smith,USA,MI,Consumer
11996,Joseph Lambert,USA,MI,Consumer
6884,Amber Carr,USA,MA,Consumer
2732,Mary Macias,USA,IL,Consumer
1939,Edward Garcia,USA,CA,Consumer
9203,Gloria Smith,USA,NJ,Consumer
2639,Patricia Smith,USA,CA,Consumer
9796,Thomas Smith,USA,UT,Home Office
2282,Nancy Smith,USA,CA,Home Office
5864,Mary Gentry,USA,NY,Home Office
692,Ann Smith,USA,AZ,Home Office
10143,Mary Mills,USA,NY,Home Office
13436,Nola Cash,USA,NY,Home Office
13220,Iona Berger,USA,CA,Home Office
13469,Kaitlin Chavez,USA,FL,Home Office
13467,Lesley Medina,USA,CA,Home Office
14569,Eve Griffin,USA,NY,Home Office
13213,Iola Odonnell,USA,CA,Home Office
12991,Irene Wooten,USA,CA,Home Office
13171,Quemby Collier,USA,MO,Home Office
13189,Ann Ratliff,USA,NY,Home Office
5800,Mary Smith,USA,IN,Home Office
395,Edward Castro,USA,MA,Home Office
14818,Ivory Church,USA,NY,Home Office
2644,Zachary Brown,USA,NY,Home Office
8267,Jennifer Smith,USA,MA,Home Office
14025,Octavia Robles,USA,OH,Home Office
4632,Brandon Baldwin,USA,VA,Home Office
7084,Jennifer Smith,USA,CA,Home Office
1280,Mary Adams,USA,CA,Home Office
526,Kimberly Barrett,USA,TX,Home Office
11384,Marie Jackson,USA,CA,Home Office
12685,Wynter Chase,USA,OR,Home Office
12687,Constance Walls,USA,MN,Home Office
12954,Ivory Burns,USA,CA,Home Office
14933,Kessie Fischer,USA,TX,Home Office
15017,Shelby Wilkerson,USA,NY,Home Office
14202,Madeson Guzman,USA,CO,Home Office
5872,Mary Smith,USA,RI,Home Office
13668,Lilah Crawford,USA,AZ,Home Office
8857,Catherine Sparks,USA,CA,Home Office
7877,Mary Smith,USA,IL,Home Office
11858,Mary Smith,USA,CA,Home Office
8648,Janice Montgomery,USA,CA,Home Office
7594,Mary Smith,USA,PA,Home Office
6973,Mary Krause,USA,CA,Home Office
1269,Mary Young,USA,CA,Home Office
11162,James Smith,USA,KY,Home Office
4352,Henry Smith,USA,TN,Home Office
375,Mark Smith,USA,TX,Home Office
5109,Beverly Kim,USA,CA,Home Office
3792,Gary Kelly,USA,CA,Home Office
17897,Adena Morton,USA,CA,Home Office
18217,Calista Burton,USA,NJ,Home Office
16445,Odette Goodwin,USA,IL,Home Office
16472,Evangeline Moses,USA,IL,Home Office
16578,Amity Caldwell,USA,IL,Home Office
15772,Farrah Delgado,USA,NY,Home Office
15693,Abra Cunningham,USA,SC,Home Office
15798,Moana Preston,USA,CO,Home Office
18834,Heather Rivas,USA,MD,Home Office
20500,Belle Mcdaniel,USA,MA,Home Office
17381,Gillian Benson,USA,TX,Home Office
20643,Carla Mccormick,USA,AZ,Home Office
20586,Aimee Delaney,USA,CA,Home Office
17956,Claudia Moody,USA,NY,Home Office
18870,Carol Stokes,USA,CA,Home Office
17932,Lesley Stone,USA,OH,Home Office
18886,Martina Pace,USA,TX,Home Office
9464,Henry Smith,USA,IL,Home Office
5424,Mary Howard,USA,CA,Home Office
18305,Brynn Nelson,USA,CA,Home Office
18286,Karly Delaney,USA,DE,Home Office
20485,Harriet Hodges,USA,NJ,Home Office
20484,Madonna Rodriguez,USA,OH,Home Office
15504,Tatiana Mathis,USA,PA,Home Office
10856,Mary Nixon,USA,NJ,Home Office
16367,Oprah Ashley,USA,IL,Home Office
20062,Hiroko Cline,USA,FL,Home Office
16365,Maggie Kelly,USA,MA,Home Office
19772,Karyn Raymond,USA,CA,Home Office
15210,Nell Shepherd,USA,IL,Home Office
20089,Christen Booth,USA,CA,Home Office
20155,Darryl Dawson,USA,CA,Home Office
18791,Janna Cobb,USA,CA,Home Office
15816,Lilah Anderson,USA,MI,Home Office
15797,Constance Miranda,USA,CA,Home Office
8310,Tyler Smith,USA,ND,Home Office
17722,Holly Macias,USA,TX,Home Office
6765,Brittany Ryan,USA,MD,Home Office
5840,Andrea Nunez,USA,CA,Home Office
15168,September Cantu,USA,IL,Home Office
4903,Mary Rodriguez,USA,MD,Home Office
9712,Jesse May,USA,CA,Home Office
11506,Sara Baxter,USA,CA,Home Office
7714,Carolyn Smith,USA,TX,Home Office
1884,Joan Sanders,USA,CA,Home Office
3606,Joan Strickland,USA,NY,Home Office
9719,John Smith,USA,GA,Home Office
9829,Martha Woodard,USA,NC,Home Office
6993,Mary Page,USA,CA,Home Office
7397,Dorothy Smith,USA,NJ,Home Office
6945,Mary Smith,USA,TX,Home Office
3254,Bruce Meyers,USA,CA,Home Office
5843,Jack Frost,USA,PA,Home Office
130,Mary Holland,USA,IL,Home Office
6170,Hannah Sandoval,USA,MD,Home Office
2945,Jacob Smith,USA,AZ,Home Office
14255,Jane Baker,USA,NM,Home Office
14443,Alma Beach,USA,MI,Home Office
5452,Mary Olson,USA,CA,Home Office
13955,Quail Holder,USA,CA,Home Office
2399,Juan Ross,USA,MD,Home Office
5062,Donald Mosley,USA,CA,Home Office
12606,Jolie Justice,USA,CO,Home Office
12671,Jessica Silva,USA,NJ,Home Office
13705,Kelsey Manning,USA,CA,Home Office
13703,September Allison,USA,MO,Home Office
11006,Mary Pruitt,USA,HI,Home Office
11082,Joseph Smith,USA,CA,Home Office
1766,Michael Myers,USA,CO,Home Office
16537,Cleo Knowles,USA,NY,Home Office
19275,Lareina Chan,USA,TN,Home Office
15726,Cecilia Anthony,USA,CA,Home Office
17450,Erica Glenn,USA,TX,Home Office
12070,Mary Harrington,USA,NY,Home Office
18385,Sheila Drake,USA,LA,Home Office
17661,Lani Little,USA,NY,Home Office
17660,Sybill Schultz,USA,IL,Home Office
18862,Joan Long,USA,IL,Home Office
15421,Hannah Copeland,USA,VA,Home Office
11521,Janice Vega,USA,SC,Home Office
16383,Florence Short,USA,KS,Home Office
17832,Darrel Mckay,USA,OH,Home Office
20091,September Lambert,USA,CA,Home Office
20090,Winifred Cantrell,USA,CA,Home Office
17861,Sloane Stafford,USA,CA,Home Office
20582,Alexandra Lucas,USA,CO,Home Office
7308,Teresa Jensen,USA,OH,Home Office
9791,Mary Smith,USA,IN,Home Office
7467,Nancy Smith,USA,NY,Home Office
632,George Smith,USA,TX,Home Office
8970,Eugene Contreras,USA,AZ,Home Office
9183,Daniel Smith,USA,IL,Home Office
14095,Ria Mclean,USA,TX,Home Office
13077,Virginia William,USA,NJ,Home Office
12968,Simone Pace,USA,TX,Home Office
14625,Farrah James,USA,IL,Home Office
13534,Blair Durham,USA,TN,Home Office
13533,Violet Ellison,USA,MD,Home Office
6619,Mary Craig,USA,CA,Home Office
1678,Mary Stephenson,USA,PA,Home Office
5580,Kathryn Smith,USA,CA,Home Office
9299,Robert Chambers,USA,NY,Home Office
10656,Mary Smith,USA,PA,Home Office
1645,Mary Rivera,USA,NY,Home Office
7520,Maria Smith,USA,MD,Home Office
11366,Catherine Weiss,USA,CA,Home Office
5557,Ann Smith,USA,CA,Home Office
4441,Donna Smith,USA,CA,Home Office
9751,Brenda Pollard,USA,IL,Home Office
12614,Nelle May,USA,IL,Home Office
12609,Ainsley Brown,USA,IL,Home Office
12500,Serina Nash,USA,IL,Home Office
12570,Lydia Cantu,USA,NY,Home Office
12903,Tana Park,USA,CA,Home Office
15064,Ruth Christian,USA,CA,Home Office
15021,Eleanor Horn,USA,NY,Home Office
15057,Gloria Weiss,USA,PA,Home Office
14446,York ,USA,TX,Home Office
13072,Xandra Velazquez,USA,CA,Home Office
14306,Orli Mcmillan,USA,TX,Home Office
14442,Yeo Wolfe,USA,OK,Home Office
6121,Jack Mosley,USA,WI,Home Office
5140,Mary Walton,USA,NJ,Home Office
5281,James Smith,USA,IL,Home Office
5106,Dylan Rivera,USA,GA,Home Office
3253,Kevin Patel,USA,CA,Home Office
2358,Mary Smith,USA,NM,Home Office
2491,Mark Smith,USA,CA,Home Office
9028,Raymond Smith,USA,FL,Home Office
8646,Mary Smith,USA,NJ,Home Office
8248,George Harrell,USA,MI,Home Office
18055,Eve Stone,USA,TX,Home Office
18176,Zephr Wade,USA,FL,Home Office
16424,Leigh Roberson,USA,MO,Home Office
16603,Christine Oneal,USA,MA,Home Office
15876,Iola Payne,USA,CA,Home Office
2877,Mary Ramirez,USA,NJ,Home Office
20588,Halee Haynes,USA,FL,Home Office
20749,Jayme Perkins,USA,TX,Home Office
17396,Noel Ball,USA,OH,Home Office
17287,Brianna Serrano,USA,WI,Home Office
17286,Xyla Burch,USA,CA,Home Office
18422,Felicia Powell,USA,CA,Home Office
6803,Margaret Smith,USA,KY,Home Office
17482,Freya Lucas,USA,NM,Home Office
18419,Fiona Klein,USA,MA,Home Office
2880,Linda Walters,USA,TX,Home Office
20562,Eve Rice,USA,CA,Home Office
4142,Matthew Roth,USA,IL,Home Office
5593,Jacqueline Smith,USA,DC,Home Office
20467,Illana Morin,USA,OK,Home Office
374,Mary Camacho,USA,AZ,Home Office
18304,Hope Weaver,USA,IL,Home Office
17419,Ivory Michael,USA,TN,Home Office
20520,Brooke Casey,USA,OH,Home Office
18653,Nadine Lott,USA,NJ,Home Office
18652,Chiquita Nieves,USA,NY,Home Office
18650,Idona Rodriquez,USA,CO,Home Office
12025,Linda Collier,USA,CA,Home Office
17611,Astra Moses,USA,NY,Home Office
17538,Marah Savage,USA,MI,Home Office
17536,Mara Mathews,USA,CA,Home Office
20242,Alma Massey,USA,UT,Home Office
16331,Deirdre Grant,USA,NY,Home Office
18928,Avye Phillips,USA,WV,Home Office
16276,Carolyn Rose,USA,CA,Home Office
20294,Mariam Reese,USA,CA,Home Office
16347,Aimee Lara,USA,TX,Home Office
19801,Remedios Hall,USA,OR,Home Office
18901,Carla Spence,USA,IL,Home Office
17195,Madeson Beard,USA,KY,Home Office
16370,Ocean Mcknight,USA,IL,Home Office
16171,Zia Henderson,USA,CA,Home Office
19057,Basia Cohen,USA,CA,Home Office
5842,Lisa Davis,USA,CA,Home Office
20240,Amena Pickett,USA,TX,Home Office
16128,Sydnee Chambers,USA,CA,Home Office
16215,Camille Beard,USA,CA,Home Office
3218,Steven Mann,USA,NY,Home Office
9795,Mary Golden,USA,NY,Home Office
1129,Charles Smith,USA,CA,Home Office
10221,Mary Smith,USA,NY,Home Office
12241,Mary Smith,USA,CA,Home Office
8884,Albert Jordan,USA,PA,Home Office
3215,Judith Smith,USA,TX,Home Office
3094,Mary Jenkins,USA,CA,Home Office
6631,Mary Morrow,USA,MD,Home Office
7889,Michelle Spence,USA,HI,Home Office
1361,Jacob Harris,USA,CA,Home Office
10286,Wayne Curtis,USA,TX,Home Office
605,Donald Lucero,USA,NY,Home Office
9027,Mary Yoder,USA,CO,Home Office
11249,Madison Smith,USA,UT,Home Office
8825,Anthony Swanson,USA,FL,Home Office
4634,Peter Greene,USA,CA,Home Office
3835,Mary Smith,USA,CA,Home Office
12222,Mary Smith,USA,MI,Home Office
81,Mary Smith,USA,NY,Home Office
1068,Phillip Smith,USA,CT,Home Office
12202,Nicholas Smith,USA,PA,Home Office
661,Mary Montgomery,USA,MI,Home Office
6606,Elizabeth Smith,USA,CA,Home Office
6932,Evelyn Herring,USA,NY,Home Office
13167,Francesca Aguirre,USA,GA,Home Office
13149,Velma Mccullough,USA,CA,Home Office
14059,Julie Howe,USA,OH,Home Office
14365,Tamara Sweet,USA,TX,Home Office
12986,Constance Webster,USA,PA,Home Office
14291,Ila Morton,USA,CA,Home Office
14147,Emerald Sosa,USA,OR,Home Office
13217,Cleo Ortega,USA,FL,Home Office
14378,Linda Armstrong,USA,HI,Home Office
14533,Gwendolyn Ruiz,USA,GA,Home Office
13034,Jade Owens,USA,CA,Home Office
14358,Karly Beck,USA,IN,Home Office
13230,Ivory Acevedo,USA,FL,Home Office
14549,Virginia Best,USA,IL,Home Office
13229,Cynthia Tyler,USA,TX,Home Office
14300,Rae Ayala,USA,IL,Home Office
13209,Willow Norton,USA,MN,Home Office
13371,Xerxes Francis,USA,NY,Home Office
14172,Rama Saunders,USA,AZ,Home Office
14670,Jocelyn Stokes,USA,IL,Home Office
13261,Quon Murphy,USA,CO,Home Office
14171,Halee Parks,USA,PA,Home Office
14598,Raya Hays,USA,GA,Home Office
14544,Xandra Bowen,USA,IL,Home Office
14542,Megan Chang,USA,CO,Home Office
13573,Alfreda Mcdaniel,USA,MI,Home Office
14877,Ocean Holman,USA,NC,Home Office
14822,Orli Bullock,USA,CA,Home Office
13641,Hillary Gill,USA,FL,Home Office
10072,Richard Smith,USA,CO,Home Office
13640,Aphrodite Knapp,USA,IL,Home Office
14054,Risa Dillard,USA,PA,Home Office
6943,Mary Smith,USA,LA,Home Office
13638,Christine Domingue,USA,IL,Home Office
12139,Brian Walton,USA,NY,Home Office
14050,Leila Morales,USA,CA,Home Office
11613,Diane Taylor,USA,CA,Home Office
4032,Jennifer Smith,USA,NY,Home Office
13632,Venus Wiley,USA,NY,Home Office
9961,Ann Mullins,USA,CA,Home Office
5150,Mary Smith,USA,NC,Home Office
13972,Serina Lindsay,USA,CA,Home Office
13881,Rosalyn Jarvis,USA,CA,Home Office
2983,Joan Lewis,USA,OH,Home Office
13772,Penelope Le,USA,CA,Home Office
14006,Sharon Cruz,USA,CA,Home Office
5008,Donald Gibbs,USA,NC,Home Office
60,Mary Gutierrez,USA,NY,Home Office
7225,Mary Middleton,USA,FL,Home Office
9147,Mary Simon,USA,PA,Home Office
3264,Mary Cook,USA,NY,Home Office
2761,Jennifer Wright,USA,MI,Home Office
11340,Michael Reed,USA,HI,Home Office
11146,Jason Nolan,Puerto Rico,PR,Consumer
4111,Mary Smith,Puerto Rico,PR,Home Office
8530,William Smith,USA,CA,Consumer
1570,Mary Smith,USA,CA,Consumer
10287,Mary Hensley,Puerto Rico,PR,Corporate
11842,Mary Welch,Puerto Rico,PR,Consumer
5869,Mary Smith,USA,TX,Home Office
3576,Mary Smith,Puerto Rico,PR,Home Office
4489,Mary Carter,USA,MA,Home Office
4087,Mary Williams,USA,CA,Home Office
107,Mary Weaver,Puerto Rico,PR,Consumer
3956,Mary Dickson,USA,GA,Home Office
10228,Mark Rios,USA,NY,Consumer
9101,Mary Parker,USA,NV,Consumer
9386,Angela Smith,Puerto Rico,PR,Consumer
3327,Tammy Robinson,Puerto Rico,PR,Consumer
11804,Mary Berger,Puerto Rico,PR,Consumer
7105,Angela Smith,USA,TX,Home Office
4591,Eric Smith,Puerto Rico,PR,Consumer
3725,Mary Rose,Puerto Rico,PR,Consumer
11763,Rose Smith,Puerto Rico,PR,Consumer
12402,Mary Hunt,Puerto Rico,PR,Consumer
7609,Mary Smith,Puerto Rico,PR,Consumer
8426,Mary Smith,Puerto Rico,PR,Consumer
10727,Paul Stephenson,Puerto Rico,PR,Consumer
896,Mary Smith,Puerto Rico,PR,Consumer
8813,Carol Smith,USA,NY,Consumer
7078,Mary Smith,USA,NV,Home Office
6797,Mary Thomas,Puerto Rico,PR,Consumer
3848,Mary Smith,USA,TX,Home Office
11231,Mary Schroeder,USA,WI,Home Office
12029,Mary Turner,Puerto Rico,PR,Home Office
2194,Mary Murillo,Puerto Rico,PR,Consumer
3665,Philip Wyatt,Puerto Rico,PR,Consumer
4646,Arthur Ramos,USA,PA,Home Office
5907,Mary Proctor,Puerto Rico,PR,Consumer
2533,Christina Barker,Puerto Rico,PR,Consumer
3116,Mary Smith,USA,OH,Home Office
5341,Mary West,USA,NY,Home Office
5796,Crystal Hamilton,USA,NV,Home Office
6462,Ethan Villanueva,USA,IN,Consumer
11742,Victoria Perkins,Puerto Rico,PR,Consumer
3367,Betty Smith,Puerto Rico,PR,Consumer
4453,Mary Summers,Puerto Rico,PR,Consumer
25,Paul Richardson,USA,AZ,Home Office
7740,Mary Fowler,USA,CO,Consumer
4236,Sandra Monroe,Puerto Rico,PR,Consumer
9025,Mary Williams,Puerto Rico,PR,Corporate
1442,Anna Smith,Puerto Rico,PR,Corporate
10646,Mary Smith,Puerto Rico,PR,Consumer
10441,Jesse Smith,Puerto Rico,PR,Consumer
11518,Mary Bradshaw,Puerto Rico,PR,Consumer
4578,Mary Smith,USA,CA,Home Office
3924,Rebecca Smith,Puerto Rico,PR,Consumer
9710,James Giles,USA,MA,Home Office
3617,Mary Smith,USA,MI,Home Office
6297,Patricia Contreras,Puerto Rico,PR,Consumer
12259,Mary Joseph,USA,MD,Home Office
10230,Mary Perry,USA,TX,Home Office
5061,Charles Heath,USA,IL,Home Office
7004,Mary Smith,USA,MD,Consumer
7797,Mary Frank,USA,CA,Home Office
11827,Mary Smith,USA,FL,Consumer
9572,Mary Nelson,Puerto Rico,PR,Consumer
12158,Mary Smith,Puerto Rico,PR,Consumer
8752,Mary Carroll,USA,CA,Home Office
4629,Kimberly Davis,Puerto Rico,PR,Consumer
8837,Kathleen Cole,USA,FL,Home Office
2063,Mary Morris,Puerto Rico,PR,Consumer
6131,Mary Bennett,Puerto Rico,PR,Home Office
3269,Margaret Wade,Puerto Rico,PR,Home Office
4617,Jason Keller,Puerto Rico,PR,Consumer
2809,Evelyn Bailey,USA,DE,Home Office
2607,Mary Smith,Puerto Rico,PR,Consumer
6272,Charles Simmons,USA,NJ,Home Office
2505,Jessica Johnson,Puerto Rico,PR,Consumer
10929,Mary Carroll,USA,CA,Home Office
240,David Smith,Puerto Rico,PR,Consumer
6257,Alice Boyd,Puerto Rico,PR,Consumer
9832,Mary Mcdonald,USA,LA,Home Office
7911,Joshua Smith,USA,NV,Consumer
11410,Catherine Smith,Puerto Rico,PR,Consumer
837,Andrew May,Puerto Rico,PR,Consumer
6203,Jacqueline Oconnor,Puerto Rico,PR,Consumer
11281,Janet Smith,Puerto Rico,PR,Home Office
10186,Mary Smith,USA,MD,Home Office
10086,Jane Smith,USA,IL,Home Office
3351,James Smith,Puerto Rico,PR,Consumer
9361,Mary Giles,USA,CT,Home Office
10941,Charles Bradshaw,USA,NY,Consumer
2616,Scott Humphrey,Puerto Rico,PR,Consumer
8794,Mary Smith,USA,AZ,Home Office
1594,Madison Bernard,Puerto Rico,PR,Consumer
7665,Mary Barrett,Puerto Rico,PR,Home Office
7862,Mary Smith,Puerto Rico,PR,Home Office
1455,Mary Gutierrez,Puerto Rico,PR,Consumer
8483,Mary Smith,Puerto Rico,PR,Consumer
10749,Mary Huff,Puerto Rico,PR,Consumer
7987,Willie Smith,Puerto Rico,PR,Home Office
3663,Beverly Strong,Puerto Rico,PR,Consumer
5174,Helen Miller,Puerto Rico,PR,Consumer
7313,Shirley Berry,USA,NY,Consumer
9916,Joshua Smith,Puerto Rico,PR,Consumer
11502,Mary Fletcher,Puerto Rico,PR,Consumer
4264,Michelle Stuart,USA,IL,Home Office
2080,Alice Smith,Puerto Rico,PR,Consumer
556,Nathan Mcbride,Puerto Rico,PR,Corporate
9999,Susan Smith,USA,NM,Home Office
9545,Mary Smith,USA,CA,Home Office
3271,Mary Simon,USA,CA,Consumer
6214,Melissa Palmer,Puerto Rico,PR,Corporate
8123,Mary Todd,USA,CA,Home Office
1875,Daniel Pham,Puerto Rico,PR,Consumer
9359,Nancy Campos,USA,WI,Home Office
6966,Joan Smith,Puerto Rico,PR,Corporate
4970,Nancy Mitchell,USA,CA,Consumer
4129,Alexander Chavez,USA,NY,Consumer
9621,Mary Vang,Puerto Rico,PR,Consumer
9292,Kelly Smith,USA,TX,Home Office
3113,Aaron Smith,Puerto Rico,PR,Consumer
1736,Grace Smith,USA,AZ,Home Office
2392,Susan Sanders,Puerto Rico,PR,Consumer
595,Brian Smith,Puerto Rico,PR,Consumer
9920,Michelle Travis,Puerto Rico,PR,Consumer
4176,Mary Ho,Puerto Rico,PR,Consumer
3741,Joseph Johnson,USA,OH,Home Office
10513,Sandra Garcia,Puerto Rico,PR,Home Office
3615,Jennifer Cooper,USA,NY,Home Office
9170,Alexander Smith,Puerto Rico,PR,Consumer
11964,Richard Huffman,Puerto Rico,PR,Consumer
1630,Jonathan Cabrera,USA,OR,Home Office
9475,Mary Smith,Puerto Rico,PR,Consumer
11975,Mary Rocha,Puerto Rico,PR,Consumer
7171,Mary Evans,Puerto Rico,PR,Consumer
1665,Barbara Smith,Puerto Rico,PR,Consumer
6235,Stephen Brown,Puerto Rico,PR,Home Office
5313,Mary Webb,USA,NV,Home Office
3661,Mary Jones,Puerto Rico,PR,Consumer
3003,Lawrence Murphy,USA,WI,Consumer
10767,Mary Mata,USA,CA,Consumer
8900,Russell Peterson,USA,CO,Consumer
12999,Daryl Sandoval,USA,CA,Consumer
14488,Simone Navarro,USA,OH,Consumer
15099,Josephine David,USA,CA,Consumer
13505,Clio Bradley,USA,GA,Consumer
14199,Aspen Jenkins,USA,OH,Consumer
13503,Willow Charles,USA,CO,Consumer
13124,Sydnee King,USA,TX,Consumer
14623,Ivana Orr,USA,CA,Consumer
12960,Basia Camacho,USA,MA,Consumer
14155,Allegra Reeves,USA,CA,Consumer
13334,Ila Larson,USA,FL,Consumer
14506,Jade Miranda,USA,WI,Consumer
9733,Marie Acosta,USA,TX,Consumer
7289,Kevin Smith,USA,CA,Consumer
12791,Charissa Haney,USA,CA,Consumer
14834,Danielle Frank,USA,MA,Consumer
12770,Doris Cabrera,USA,CA,Consumer
13669,Shelby Bridges,USA,CA,Consumer
9430,Andrew Smith,USA,NY,Consumer
13828,Erica Roth,USA,TX,Consumer
14942,Destiny Cooke,USA,CA,Consumer
14940,Britanney Jefferson,USA,PA,Consumer
14936,Moana Richmond,USA,MI,Consumer
14329,Genevieve Blackburn,USA,CA,Consumer
14166,Mikayla Jefferson,USA,CA,Consumer
13508,Hope Nash,USA,LA,Consumer
13343,Yvette Fulton,USA,NV,Consumer
12981,Freya Munoz,USA,CA,Consumer
13284,Jayme Spence,USA,CA,Consumer
13137,Basia Bishop,USA,CA,Consumer
13821,Bryar Nunez,USA,CO,Consumer
14712,Jorden Peck,USA,KY,Consumer
14725,Ulla Soto,USA,OH,Consumer
14884,Sydnee Freeman,USA,NY,Consumer
5092,Mary Rodriguez,USA,IL,Consumer
12692,Jena Pitts,USA,IL,Consumer
12922,Inez Delacruz,USA,OH,Consumer
12916,Gillian Hicks,USA,TX,Consumer
12983,Oprah Eaton,USA,MD,Consumer
13504,Hedwig Dorsey,USA,CT,Consumer
14197,Maia Cunningham,USA,OR,Consumer
13552,Shelby Koch,USA,MI,Consumer
13636,Lesley Brady,USA,NY,Consumer
13993,Avye Baird,USA,GA,Consumer
1963,Mary Wilson,USA,CA,Consumer
3109,Jack James,USA,TX,Consumer
10914,Christopher Norton,USA,MA,Consumer
20318,Lilah Murphy,USA,TX,Consumer
19140,Molly Rivas,USA,MD,Consumer
16476,Rhiannon Mckinney,USA,MI,Consumer
16619,Shelley Calderon,USA,IL,Consumer
18301,Whitney Summers,USA,CA,Consumer
20536,Mara Hurley,USA,IL,Consumer
17721,Nora Holman,USA,WI,Consumer
20408,Wanda Tyler,USA,CA,Consumer
7253,Joseph Johnston,USA,GA,Consumer
20550,Nomlanga Glenn,USA,CA,Consumer
18888,Brenda Short,USA,OH,Consumer
18683,Camille Henson,USA,NJ,Consumer
18645,Maggie Kime,USA,NY,Consumer
15301,Whitney Lindsey,USA,KS,Consumer
18642,Nita Long,USA,CO,Consumer
15507,Mallory Whitfield,USA,CA,Consumer
15579,Nelle Smith,USA,CT,Consumer
18908,Oprah Cabrera,USA,FL,Consumer
15188,Patience Navarro,USA,AZ,Consumer
19891,Stella Morris,USA,CA,Consumer
19994,Anika Farmer,USA,PA,Consumer
18147,Carly Strong,USA,CA,Consumer
18215,Moana Kane,USA,AL,Consumer
16465,Leslie Farmer,USA,VA,Consumer
18792,Carolyn Cunningham,USA,NJ,Consumer
15891,Rylee Holmes,USA,AZ,Consumer
16038,Marah Flynn,USA,CT,Consumer
20624,Calista Day,USA,LA,Consumer
18872,Amena Kirkland,USA,IL,Consumer
17437,Kellie Mckay,USA,CA,Consumer
15411,Lesley Abbott,USA,AZ,Consumer
15334,Autumn Hutchinson,USA,CA,Consumer
18984,Lunea Shaw,USA,CA,Consumer
17870,Ocean Everett,USA,MA,Consumer
18640,Aphrodite Blake,USA,VA,Consumer
17882,Rowan Cain,USA,NC,Consumer
20359,Nell Flynn,USA,CA,Consumer
18634,Josephine Deleon,USA,CA,Consumer
16191,Audrey Fowler,USA,CA,Consumer
20030,Cheyenne Pate,USA,IL,Consumer
16441,Cheryl Wise,USA,MA,Consumer
18764,Reagan Gallegos,USA,CA,Consumer
17640,Ainsley Fernandez,USA,CA,Consumer
18416,Camilla Richards,USA,TX,Consumer
7991,Mary Conrad,Puerto Rico,PR,Consumer
2086,Ruth Smith,Puerto Rico,PR,Home Office
772,Mary Watson,Puerto Rico,PR,Corporate
8139,Douglas Smith,USA,FL,Consumer
5002,Bryan Smith,USA,IL,Home Office
5397,Mary Nelson,USA,MD,Home Office
7957,Christopher Smith,USA,NM,Consumer
7624,Anthony Vazquez,Puerto Rico,PR,Consumer
9943,Alan Padilla,Puerto Rico,PR,Corporate
6520,Judy Foster,USA,CA,Consumer
1235,Mary Smith,USA,CA,Home Office
8589,Mary West,Puerto Rico,PR,Home Office
9808,Samantha Goodwin,Puerto Rico,PR,Home Office
461,Mary Smith,Puerto Rico,PR,Consumer
10737,Michael Lee,USA,OK,Home Office
6403,Cheryl Cochran,USA,CA,Home Office
3162,Wayne Smith,Puerto Rico,PR,Consumer
8351,James Smith,Puerto Rico,PR,Consumer
8142,Mary Fields,USA,CA,Home Office
2333,Kevin Smith,USA,MA,Consumer
6234,Mary Smith,USA,NY,Home Office
253,Nancy Smith,Puerto Rico,PR,Consumer
9413,Mary Preston,USA,NY,Home Office
4433,Michelle Smith,Puerto Rico,PR,Consumer
8716,Evelyn Smith,Puerto Rico,PR,Home Office
198,Mary Joseph,USA,PA,Home Office
9620,Juan Martin,USA,NC,Consumer
11247,Wayne Gutierrez,Puerto Rico,PR,Home Office
1557,Nicole Bolton,USA,GA,Home Office
7906,Wayne James,Puerto Rico,PR,Consumer
1959,Lauren Hardy,Puerto Rico,PR,Consumer
7674,Mary Smith,Puerto Rico,PR,Consumer
1360,Mary Jones,Puerto Rico,PR,Home Office
4184,Brittany Smith,USA,AR,Consumer
3408,Catherine Ryan,Puerto Rico,PR,Consumer
2971,Amanda Mann,Puerto Rico,PR,Consumer
8461,Mary Wood,USA,FL,Home Office
9465,Aaron Mcmahon,Puerto Rico,PR,Home Office
901,Mary Gillespie,Puerto Rico,PR,Consumer
10342,William Olsen,USA,CA,Home Office
12323,Steven Smith,USA,TX,Home Office
302,Mary Nguyen,USA,CA,Corporate
4722,Sara Mclean,USA,MO,Home Office
10607,Matthew Romero,Puerto Rico,PR,Consumer
4268,Ruth Deleon,Puerto Rico,PR,Home Office
10629,Robert Smith,Puerto Rico,PR,Consumer
11029,Joan Flowers,Puerto Rico,PR,Corporate
5922,Sharon Mercado,USA,IL,Home Office
9123,Mary Smith,Puerto Rico,PR,Consumer
2846,Mary Monroe,Puerto Rico,PR,Consumer
4130,Amber Smith,USA,PA,Home Office
7295,Mary Smith,USA,CA,Home Office
5006,Ann Zimmerman,USA,OH,Consumer
7610,Andrea Melton,USA,CA,Consumer
10347,Mary Kelly,USA,FL,Home Office
1230,Edward Smith,USA,CA,Consumer
4532,Alice Smith,Puerto Rico,PR,Home Office
2900,Mary Smith,Puerto Rico,PR,Consumer
11543,Eric Smith,USA,CA,Home Office
4828,Danielle Leon,USA,IL,Consumer
6545,Jennifer Smith,Puerto Rico,PR,Consumer
7463,Mary Smith,Puerto Rico,PR,Consumer
8931,Mary Smith,USA,GA,Consumer
2606,Grace Morrow,USA,IL,Consumer
8672,Mary Crawford,USA,CA,Consumer
14134,Cassandra Roth,USA,MI,Consumer
14614,Blythe Smith,USA,OH,Consumer
14765,Nell Simpson,USA,FL,Consumer
14692,Iona Stokes,USA,CA,Consumer
14552,Mara Bruce,USA,NJ,Consumer
13958,Yvette Woods,USA,CT,Consumer
12719,Faith Holmes,USA,CA,Consumer
12585,Gemma Obrien,USA,CA,Consumer
12583,Kiayada Avila,USA,PA,Consumer
13253,Ulla Blake,USA,GA,Consumer
15115,Idona Brennan,USA,TX,Consumer
8021,Mary Bonilla,USA,OR,Consumer
10488,Mary Bonilla,USA,FL,Consumer
17314,Heather Gray,USA,PA,Consumer
18262,Isabella Sargent,USA,CA,Consumer
16558,Stella Hawkins,USA,IL,Consumer
17297,Constance Ortiz,USA,AZ,Consumer
15304,Hope Sullivan,USA,GA,Consumer
15644,Willow Ellison,USA,FL,Consumer
15443,Jemima Long,USA,IL,Consumer
15342,Pandora Weber,USA,CA,Consumer
17830,Liberty Sparks,USA,MI,Consumer
17864,Martha Barnett,USA,GA,Consumer
19066,Cheyenne Ortega,USA,IL,Consumer
16559,Mariam Leach,USA,NJ,Consumer
15767,Tallulah Knapp,USA,CA,Consumer
17907,Farrah Workman,USA,NJ,Consumer
17676,Lacy Russell,USA,CA,Consumer
20007,Mally Oconnor,USA,CO,Consumer
19277,Zoe Harding,USA,CA,Consumer
19969,Kelsey Newton,USA,NY,Consumer
6372,Henry Smith,USA,NY,Consumer
13364,Karly Robinson,USA,NY,Consumer
12962,Teagan Stuart,USA,TX,Consumer
13390,Stella Ray,USA,TX,Consumer
14806,Ila Cabrera,USA,CA,Consumer
14911,Whitney Jones,USA,MI,Consumer
13604,Latifah Barrett,USA,TX,Consumer
14094,Stephanie Serrano,USA,CA,Consumer
13003,Avye Simpson,USA,NV,Consumer
13338,Abra Puckett,USA,MI,Consumer
13482,Linda Pratt,USA,TX,Consumer
13067,Dominique Mccarty,USA,NY,Consumer
14138,Abigail Oneill,USA,TX,Consumer
14509,Carissa Mosley,USA,CA,Consumer
13663,Xena Ashley,USA,NY,Consumer
13769,Sylvia Obrien,USA,CO,Consumer
14731,Eden Britt,USA,TN,Consumer
13856,Rana Bennett,USA,NV,Consumer
13855,Shellie Mcgowan,USA,NY,Consumer
14728,Nora Reed,USA,TX,Consumer
13834,Joan Berger,USA,CO,Consumer
13760,Mira Curtis,USA,CA,Consumer
12471,Kelsey Martinez,USA,CA,Consumer
12906,Linda Padilla,USA,NY,Consumer
14058,Cleo Hess,USA,CA,Consumer
14449,Sade Hahn,USA,MN,Consumer
13202,Illana Townsend,USA,TX,Consumer
14592,Yolanda Haney,USA,CA,Consumer
14308,Kylie Holman,USA,NV,Consumer
12963,Jael Hobbs,USA,MA,Consumer
13341,Melanie Walton,USA,CA,Consumer
13484,Buffy Nelson,USA,NY,Consumer
14232,Imani Stein,USA,MD,Consumer
14603,Mira Warren,USA,CA,Consumer
14512,Dahlia Parrish,USA,OH,Consumer
13025,Mallory Benton,USA,CA,Consumer
13421,May Howard,USA,IN,Consumer
14631,Calista Phillips,USA,TX,Consumer
14003,Morgan Yang,USA,CA,Consumer
10654,Jacob Lee,USA,CA,Consumer
13858,Martina Kemp,USA,CA,Consumer
13678,Teegan Bruce,USA,MO,Consumer
13928,Hannah Mason,USA,CA,Consumer
13998,Rhoda Medina,USA,FL,Consumer
13854,Rae Logan,USA,NM,Consumer
14812,Ignacia Osborn,USA,CT,Consumer
9850,Victoria Browning,USA,CA,Consumer
14827,Xerxes Gilbert,USA,MI,Consumer
9595,Judy Nixon,USA,NC,Consumer
14700,Morgan Drake,USA,CA,Consumer
11976,Robert Smith,USA,MI,Consumer
6335,Mary Smith,USA,MA,Consumer
12550,Justina Curtis,USA,CA,Consumer
12529,Anika Gutierrez,USA,MD,Consumer
15087,Yolanda Solis,USA,OR,Consumer
15069,Latifah Frost,USA,NV,Consumer
14993,Skyler Odom,USA,MI,Consumer
14964,Shelley Paul,USA,MI,Consumer
14070,Aileen Velez,USA,PA,Consumer
13428,Bertha Garcia,USA,NY,Consumer
14351,Sopoline Rush,USA,FL,Consumer
13944,Leila Joyner,USA,NY,Consumer
13833,Angelica Montoya,USA,NV,Consumer
9239,Mary Smith,USA,FL,Consumer
2739,Mary Smith,USA,IL,Consumer
16433,Kessie Wilkerson,USA,NY,Consumer
16087,Darryl Donaldson,USA,TX,Consumer
16051,Alma Saunders,USA,NY,Consumer
20526,Gwendolyn Logan,USA,CA,Consumer
20650,Isabella Rosales,USA,TN,Consumer
17191,Kirsten Moon,USA,CA,Consumer
18238,Yvonne Shields,USA,FL,Consumer
16503,Dacey Mcgee,USA,OH,Consumer
16629,Sonya Morin,USA,NC,Consumer
19121,Mikayla Combs,USA,NY,Consumer
16569,Latifah Sloan,USA,CA,Consumer
18787,Hedwig Rodriquez,USA,CA,Consumer
15838,Hedy Obrien,USA,CA,Consumer
18850,Imani Sanders,USA,OR,Consumer
15686,Gwendolyn Herring,USA,CA,Consumer
15950,Erica Robinson,USA,CT,Consumer
20482,Freya Simpson,USA,CA,Consumer
15948,Oprah Olsen,USA,CA,Consumer
20516,Alexa Mendez,USA,NY,Consumer
18352,Tatiana Henderson,USA,TX,Consumer
17360,Charity Mccall,USA,CA,Consumer
17319,Geraldine Cannon,USA,OH,Consumer
17476,Keelie Miranda,USA,FL,Consumer
16081,Zia Mcdaniel,USA,CA,Consumer
18360,Camille Kramer,USA,MD,Consumer
17457,Clementine Mcgowan,USA,NY,Consumer
18883,Shellie Hale,USA,NY,Consumer
20717,Emily Nunez,USA,TX,Consumer
17310,Mechelle Osborn,USA,OR,Consumer
18701,Eleanor Herring,USA,OH,Consumer
15532,Karleigh Cabrera,USA,MA,Consumer
16149,Renee Workman,USA,IL,Consumer
20168,Lenore Hatfield,USA,GA,Consumer
20221,Sacha Ward,USA,CA,Consumer
18554,Sara Lott,USA,GA,Consumer
20220,Hedy Randolph,USA,AZ,Consumer
18996,Jessamine Barlow,USA,NY,Consumer
19804,Katell Hayes,USA,TX,Consumer
17848,Hollee Rivera,USA,IN,Consumer
20271,Clio Slater,USA,AZ,Consumer
17039,Zena Levine,USA,FL,Consumer
15223,Pascale York,USA,IL,Consumer
20122,Kevyn Cole,USA,NY,Consumer
16120,Lysandra Mcgowan,USA,TX,Consumer
20210,Rosa Velez,USA,PA,Consumer
15198,Kylynn Sparks,USA,OH,Consumer
19866,Liberty Taylor,USA,WI,Consumer
18118,Nadine Andrews,USA,WI,Consumer
17891,September Pitts,USA,HI,Consumer
18181,Dorothy Cunningham,USA,IL,Consumer
18090,Callie Sims,USA,CA,Consumer
19070,Ursa Patterson,USA,MI,Consumer
19265,Alice Rodriguez,USA,GA,Consumer
18785,Whitney Herring,USA,CA,Consumer
15813,Hope Little,USA,SC,Consumer
18811,Cheryl Huffman,USA,MI,Consumer
16040,Winifred Rivas,USA,CA,Consumer
20679,Caro Shaw,USA,IL,Consumer
18479,Destiny Little,USA,CA,Consumer
20515,Lael Carson,USA,NJ,Consumer
15927,Teagan Keller,USA,CA,Consumer
18010,Hanna Cochran,USA,GA,Consumer
17375,Tamekah Mayer,USA,NY,Consumer
20476,Keelie Hebert,USA,OR,Consumer
17407,Hayfa Rodgers,USA,PA,Consumer
16082,Alexandra Gamble,USA,NY,Consumer
20542,Virginia Griffin,USA,CA,Consumer
18306,Orli Navarro,USA,PA,Consumer
17636,Quemby Fry,USA,IL,Consumer
17403,Mara Vargas,USA,SC,Consumer
17963,Alexis Pugh,USA,HI,Consumer
15951,Constance Austin,USA,FL,Consumer
18284,Quon Baker,USA,CA,Consumer
18646,Shellie Foley,USA,IL,Consumer
18643,Miriam Fischer,USA,NY,Consumer
18694,Hanna Maxwell,USA,VA,Consumer
20134,Carol Gibson,USA,TX,Consumer
20098,Laura Mcguire,USA,UT,Consumer
16200,Lara Greene,USA,CA,Consumer
19032,Morgan Nash,USA,GA,Consumer
19949,Kim Daniel,USA,MD,Consumer
17183,Xyla Singleton,USA,CA,Consumer
19963,Amber Benton,USA,DC,Consumer
19961,Courtney Landry,USA,NC,Consumer
17248,Jane Lawrence,USA,CA,Consumer
20048,Kiayada Boyer,USA,MA,Consumer
17121,Alma Ward,USA,RI,Consumer
17084,Caryn Mcleod,USA,CA,Consumer
18354,Imogene Reilly,USA,CO,Consumer
17433,Simone Mcgee,USA,PA,Consumer
15346,Olympia Carpenter,USA,IL,Consumer
18547,Petra Foley,USA,NJ,Consumer
1324,Anthony Smith,USA,CA,Consumer
8104,Johnny Smith,USA,MI,Consumer
13448,Kim Donaldson,USA,MD,Consumer
13042,Ima Aguirre,USA,DE,Consumer
14699,Cynthia Duke,USA,MD,Consumer
13932,Basia Wagner,USA,NJ,Consumer
14868,Sloane Heath,USA,NM,Consumer
14903,Melyssa Dunlap,USA,TX,Consumer
14028,Basia Logan,USA,MD,Consumer
15126,Carol Daugherty,USA,PA,Consumer
14239,Zenaida Woodward,USA,CT,Consumer
14383,Iola Gonzales,USA,AR,Consumer
14110,Yetta Reilly,USA,CA,Consumer
14362,Aimee Carter,USA,CA,Consumer
14662,Whitney Gutierrez,USA,AZ,Consumer
13305,Katell Rivers,USA,CA,Consumer
13142,Blythe Carrillo,USA,MA,Consumer
14124,Ella Santos,USA,CA,Consumer
14655,Tasha Potts,USA,CA,Consumer
13515,Katell Page,USA,KY,Consumer
14317,Mechelle Marsh,USA,AZ,Consumer
13405,Ocean Pratt,USA,CA,Consumer
14634,Ora Hammond,USA,FL,Consumer
13260,Danielle Walls,USA,MD,Consumer
13529,Brynn Hernandez,USA,CA,Consumer
14240,Madonna Kane,USA,MI,Consumer
14649,Leigh Peterson,USA,NC,Consumer
14330,Sybil Nicholson,USA,CA,Consumer
13752,Calista Giles,USA,TX,Consumer
13839,Heidi Copeland,USA,UT,Consumer
13605,India Lane,USA,CA,Consumer
13892,Sheila Lloyd,USA,TX,Consumer
13801,Angela Salinas,USA,NY,Consumer
13692,Mona Collier,USA,CA,Consumer
14835,Madonna Kline,USA,MD,Consumer
13565,Nicole Sharpe,USA,CA,Consumer
13763,Hillary Garrison,USA,IL,Consumer
13745,Nell Frank,USA,NM,Consumer
13852,Lareina Moreno,USA,GA,Consumer
14870,Farley ,USA,NC,Consumer
13743,Hedy Pruitt,USA,CA,Consumer
14832,Iona Morales,USA,AZ,Consumer
13580,Miranda Sanchez,USA,NY,Consumer
13633,Iola Rosario,USA,TX,Consumer
14029,Xandra Martinez,USA,PA,Consumer
13846,Kylynn Foster,USA,CA,Consumer
12647,Guinevere Brock,USA,GA,Consumer
12456,Hannah Jacobs,USA,NJ,Consumer
12742,Chastity Underwood,USA,AZ,Consumer
12651,Ivana Allen,USA,NY,Consumer
12849,Heather Pearson,USA,MD,Consumer
14979,Juliet Rivera,USA,AZ,Consumer
12845,Mechelle Sanchez,USA,NC,Consumer
12827,Jamalia Burke,USA,MI,Consumer
14939,Rowan Mckee,USA,CA,Consumer
12880,Summer Burke,USA,CA,Consumer
14953,Gloria Clements,USA,MD,Consumer
15078,Amity Whitley,USA,NY,Consumer
12856,Tara David,USA,TX,Consumer
14983,Ramona Mercado,USA,TX,Consumer
12835,Demetria Ward,USA,NV,Consumer
14648,Renee Carver,USA,IL,Consumer
13527,Chantale Hubbard,USA,AZ,Consumer
13310,Darryl Phelps,USA,AZ,Consumer
14363,Nelle Foley,USA,CA,Consumer
13415,Brianna Bennett,USA,TX,Consumer
12965,Hannah Wood,USA,IL,Consumer
13054,Whilemina Nash,USA,NY,Consumer
14252,Melinda Garza,USA,FL,Consumer
14589,Alexandra Pate,USA,CA,Consumer
13232,Olympia Craft,USA,FL,Consumer
13429,Kay Bryan,USA,OH,Consumer
13105,Sara Sullivan,USA,CA,Consumer
13104,Jillian Bartlett,USA,AZ,Consumer
14194,Glenna Bentley,USA,NY,Consumer
13462,Amber Leon,USA,CA,Consumer
14318,Kendall Lynn,USA,NY,Consumer
13460,Courtney Reese,USA,NY,Consumer
14082,Iola Hubbard,USA,FL,Consumer
14688,Helen Stein,USA,NY,Consumer
13477,Destiny Baxter,USA,CA,Consumer
12973,Kim Lloyd,USA,CA,Consumer
13063,Tatiana Rodriquez,USA,HI,Consumer
14261,Lilah Haney,USA,CA,Consumer
14332,Dana Ray,USA,IL,Consumer
14242,Doris Gregory,USA,TX,Consumer
13044,Simone Kidd,USA,OH,Consumer
14314,Cara Finch,USA,CA,Consumer
14079,Jenna Harrell,USA,NY,Consumer
13627,Nicole Rutledge,USA,VA,Consumer
12796,Kiayada Wiggins,USA,SC,Consumer
13804,Leandra Hewitt,USA,FL,Consumer
14020,Stella Copeland,USA,FL,Consumer
13767,Christine Talley,USA,CA,Consumer
13656,Sybill Hammond,USA,MI,Consumer
14015,Jayme Buckner,USA,MA,Consumer
12789,Lilah Stuart,USA,TX,Consumer
14762,Cally Robbins,USA,IL,Consumer
13725,Eden Brown,USA,VA,Consumer
14922,Sheila Walters,USA,PA,Consumer
14741,Gretchen Orr,USA,CA,Consumer
14865,Ginger Mathis,USA,NY,Consumer
12469,Zenia Simpson,USA,VA,Consumer
12546,Tatiana Alston,USA,OR,Consumer
12652,Ella Gamble,USA,CA,Consumer
15124,Briar Marshall,USA,TX,Consumer
12842,Cara Rich,USA,NC,Consumer
15112,Grace Daniels,USA,PA,Consumer
15111,Shellie Mcmillan,USA,CA,Consumer
14949,Buffy Graves,USA,PA,Consumer
15038,Alfreda Roberson,USA,CA,Consumer
12871,Taylor Cortez,USA,IL,Consumer
14927,Hope Weiss,USA,CA,Consumer
13398,Orli Lindsay,USA,MO,Consumer
14074,Simone Herrera,USA,IL,Consumer
14495,Clio Quinn,USA,OH,Consumer
13265,Kelsie Noel,USA,NJ,Consumer
12755,Hedy Sheppard,USA,IL,Consumer
13850,Beatrice Yates,USA,CA,Consumer
13973,Brenna Juarez,USA,FL,Consumer
14976,Rhiannon Montgomery,USA,IN,Consumer
14955,Glenna Bird,USA,MI,Consumer
14970,Clio Leon,USA,PA,Consumer
2122,Jonathan Smith,USA,CA,Consumer
9787,Pamela Mckinney,USA,WI,Consumer
2760,Mary Smith,USA,CA,Consumer
3278,Patrick Anderson,USA,NY,Consumer
8659,Brenda Wong,USA,AZ,Consumer
12978,Kimberley Sellers,Puerto Rico,PR,Corporate
14196,Sage Pruitt,Puerto Rico,PR,Corporate
13440,Diana Hogan,Puerto Rico,PR,Corporate
13873,Carla Reed,Puerto Rico,PR,Corporate
1007,Gary Sutton,Puerto Rico,PR,Corporate
18265,Jaime Mitchell,Puerto Rico,PR,Corporate
17662,Brenna Soto,Puerto Rico,PR,Corporate
17531,Darrel Williamson,Puerto Rico,PR,Corporate
15945,Cassandra Larson,Puerto Rico,PR,Corporate
15596,Moana James,Puerto Rico,PR,Corporate
15469,Kelsey Hale,Puerto Rico,PR,Corporate
16220,Brianna Massey,Puerto Rico,PR,Corporate
9661,John Snyder,Puerto Rico,PR,Corporate
13818,Samantha Benjamin,Puerto Rico,PR,Corporate
14093,Venus Knight,Puerto Rico,PR,Corporate
14643,Quemby Becker,Puerto Rico,PR,Corporate
13607,Carolyn Richards,Puerto Rico,PR,Corporate
13798,Dawn Wilkins,Puerto Rico,PR,Corporate
14992,Chantale Ashley,Puerto Rico,PR,Corporate
15056,Kimberley Eaton,Puerto Rico,PR,Corporate
14419,Stacy Taylor,Puerto Rico,PR,Corporate
14842,Linda Chandler,Puerto Rico,PR,Corporate
13815,Karly Preston,Puerto Rico,PR,Corporate
13538,Dacey Smith,Puerto Rico,PR,Corporate
12952,Deanna Booth,Puerto Rico,PR,Corporate
12764,Alice Boyle,Puerto Rico,PR,Corporate
16426,Mechelle Russo,Puerto Rico,PR,Corporate
20589,Sydnee Spears,Puerto Rico,PR,Corporate
19158,Kevyn Oneal,Puerto Rico,PR,Corporate
16504,Delilah Bray,Puerto Rico,PR,Corporate
18766,Keiko Raymond,Puerto Rico,PR,Corporate
20553,Jillian Nixon,Puerto Rico,PR,Corporate
20733,Mollie Gilbert,Puerto Rico,PR,Corporate
18459,McKenzie Solis,Puerto Rico,PR,Corporate
18457,Neve Donaldson,Puerto Rico,PR,Corporate
18453,Xantha Jennings,Puerto Rico,PR,Corporate
20665,Paula Landry,Puerto Rico,PR,Corporate
17962,Ocean Meadows,Puerto Rico,PR,Corporate
19900,Martha Valencia,Puerto Rico,PR,Corporate
20222,Hope Marsh,Puerto Rico,PR,Corporate
18900,Alfreda Mit,Puerto Rico,PR,Corporate
18162,Cassandra Weaver,Puerto Rico,PR,Corporate
18068,Miranda Graham,Puerto Rico,PR,Corporate
19279,Hillary Shaw,Puerto Rico,PR,Corporate
15863,Chloe Battle,Puerto Rico,PR,Corporate
15835,Clare Yang,Puerto Rico,PR,Corporate
18388,Kaitlin Mccullough,Puerto Rico,PR,Corporate
20422,Aurora Pierce,Puerto Rico,PR,Corporate
17518,Kirby Larsen,Puerto Rico,PR,Corporate
17387,Inez Harmon,Puerto Rico,PR,Corporate
15538,Charissa Stone,Puerto Rico,PR,Corporate
17535,Megan Ramirez,Puerto Rico,PR,Corporate
19971,Melinda Torres,Puerto Rico,PR,Corporate
17131,Abigail Short,Puerto Rico,PR,Corporate
20002,Aspen Fitzpatrick,Puerto Rico,PR,Corporate
16138,Noelani Figueroa,Puerto Rico,PR,Corporate
15235,Tatum Weiss,Puerto Rico,PR,Corporate
19920,Cara Oliver,Puerto Rico,PR,Corporate
19193,Jena Ferrell,Puerto Rico,PR,Corporate
16389,Medge Hendricks,Puerto Rico,PR,Corporate
16602,Lacey Solomon,Puerto Rico,PR,Corporate
15777,Fay Sanford,Puerto Rico,PR,Corporate
18831,Jenny Kramer,Puerto Rico,PR,Corporate
15425,Basia Rose,Puerto Rico,PR,Corporate
18611,Melodie Miller,Puerto Rico,PR,Corporate
13084,Sopoline Hutchinson,Puerto Rico,PR,Corporate
14547,Winifred Johnston,Puerto Rico,PR,Corporate
14294,Brianna Knox,Puerto Rico,PR,Corporate
8363,Mary Montoya,Puerto Rico,PR,Corporate
12485,Bo Pearson,Puerto Rico,PR,Corporate
14522,Lael Baker,Puerto Rico,PR,Corporate
14374,Emi Warren,Puerto Rico,PR,Corporate
14674,Illana Blankenship,Puerto Rico,PR,Corporate
14524,Rowan Roach,Puerto Rico,PR,Corporate
13492,Amanda Hardy,Puerto Rico,PR,Corporate
13626,Aphrodite Alvarez,Puerto Rico,PR,Corporate
14859,Ainsley Yates,Puerto Rico,PR,Corporate
14696,Hedda Rich,Puerto Rico,PR,Corporate
12774,Lareina Rodriquez,Puerto Rico,PR,Corporate
13585,Eden Vargas,Puerto Rico,PR,Corporate
10174,Mary Wright,Puerto Rico,PR,Corporate
13848,Aiko Pearson,Puerto Rico,PR,Corporate
14045,Charissa Cobb,Puerto Rico,PR,Corporate
13557,Xaviera Summers,Puerto Rico,PR,Corporate
13646,Shellie Brewer,Puerto Rico,PR,Corporate
8623,Mary Sanchez,Puerto Rico,PR,Corporate
12532,Remedios Benjamin,Puerto Rico,PR,Corporate
12616,Lacota Guerra,Puerto Rico,PR,Corporate
12490,Martina Levy,Puerto Rico,PR,Corporate
15016,Kevyn Ayala,Puerto Rico,PR,Corporate
15061,Imani Benton,Puerto Rico,PR,Corporate
15040,Sacha Russo,Puerto Rico,PR,Corporate
15108,Miriam Ruiz,Puerto Rico,PR,Corporate
14612,Priscilla Daugherty,Puerto Rico,PR,Corporate
14219,Rosalyn Hodge,Puerto Rico,PR,Corporate
14519,September Craft,Puerto Rico,PR,Corporate
14344,Violet Lane,Puerto Rico,PR,Corporate
14216,Indira Carpenter,Puerto Rico,PR,Corporate
13520,Quyn Graves,Puerto Rico,PR,Corporate
13228,Morgan Kirk,Puerto Rico,PR,Corporate
14672,Paula Jordan,Puerto Rico,PR,Corporate
14456,Nichole Ramos,Puerto Rico,PR,Corporate
14225,Cassandra Wilkerson,Puerto Rico,PR,Corporate
13696,Kimberly Vazquez,Puerto Rico,PR,Corporate
12812,Fay Frye,Puerto Rico,PR,Corporate
14785,Hedwig Nieves,Puerto Rico,PR,Corporate
13568,Quin Trevino,Puerto Rico,PR,Corporate
13782,Cailin Newman,Puerto Rico,PR,Corporate
13674,Kirby Meyers,Puerto Rico,PR,Corporate
13566,Darryl Gould,Puerto Rico,PR,Corporate
13724,Lydia Miranda,Puerto Rico,PR,Corporate
13813,Orli Yang,Puerto Rico,PR,Corporate
13542,Audra Brennan,Puerto Rico,PR,Corporate
13540,Shellie Osborn,Puerto Rico,PR,Corporate
5697,Doris Shields,Puerto Rico,PR,Corporate
5060,Mary Kelley,Puerto Rico,PR,Corporate
12483,Quail Hanson,Puerto Rico,PR,Corporate
12516,Shafira Kelly,Puerto Rico,PR,Corporate
12443,Noelle Ortega,Puerto Rico,PR,Corporate
12726,Kirsten Acevedo,Puerto Rico,PR,Corporate
12579,Quincy Graves,Puerto Rico,PR,Corporate
15059,Mariam Goodwin,Puerto Rico,PR,Corporate
13498,Alexis Avery,Puerto Rico,PR,Corporate
14032,Alice Maldonado,Puerto Rico,PR,Corporate
12552,Serina Stevenson,Puerto Rico,PR,Corporate
12846,Kendall Snider,Puerto Rico,PR,Corporate
12858,Sybil Cabrera,Puerto Rico,PR,Corporate
16405,Diana Cabrera,Puerto Rico,PR,Corporate
15848,Tatyana Ramsey,Puerto Rico,PR,Corporate
20378,Hadley Mayo,Puerto Rico,PR,Corporate
17244,Bree Rocha,Puerto Rico,PR,Corporate
17133,Farrah Barnett,Puerto Rico,PR,Corporate
17164,Halee Wilder,Puerto Rico,PR,Corporate
16122,Idola Lara,Puerto Rico,PR,Corporate
18097,Venus Moss,Puerto Rico,PR,Corporate
18113,Marcia Love,Puerto Rico,PR,Corporate
18143,Teegan Guzman,Puerto Rico,PR,Corporate
19072,Quintessa Foley,Puerto Rico,PR,Corporate
15861,Ria Thompson,Puerto Rico,PR,Corporate
15807,Cara Hinton,Puerto Rico,PR,Corporate
18825,Nita Anthony,Puerto Rico,PR,Corporate
15784,Ila Hale,Puerto Rico,PR,Corporate
15850,Olga Franks,Puerto Rico,PR,Corporate
20391,Rylee Peterson,Puerto Rico,PR,Corporate
18318,Jaime Howe,Puerto Rico,PR,Corporate
17344,Sopoline Reeves,Puerto Rico,PR,Corporate
4685,Tyler Holt,Puerto Rico,PR,Corporate
18348,Shellie David,Puerto Rico,PR,Corporate
16068,Adele Chavez,Puerto Rico,PR,Corporate
18401,Keelie Coffey,Puerto Rico,PR,Corporate
20563,Whoopi Sims,Puerto Rico,PR,Corporate
17461,Mikayla Keller,Puerto Rico,PR,Corporate
17748,Minerva Lanister,Puerto Rico,PR,Corporate
17511,Martina Paul,Puerto Rico,PR,Corporate
18465,Serina Robinson,Puerto Rico,PR,Corporate
15391,Irma Todd,Puerto Rico,PR,Corporate
15330,Kiara Kane,Puerto Rico,PR,Corporate
18670,Rose Holman,Puerto Rico,PR,Corporate
15363,Simone Levy,Puerto Rico,PR,Corporate
15488,Shannon Jennings,Puerto Rico,PR,Corporate
17227,Brynne Carrillo,Puerto Rico,PR,Corporate
17761,Donna Lambert,Puerto Rico,PR,Corporate
20058,Hadassah Levine,Puerto Rico,PR,Corporate
17060,Chantale Hudson,Puerto Rico,PR,Corporate
20237,Skyler Garner,Puerto Rico,PR,Corporate
18940,Germane Thomas,Puerto Rico,PR,Corporate
17757,Katelyn Whitfield,Puerto Rico,PR,Corporate
16287,Inga Porter,Puerto Rico,PR,Corporate
19815,Chava Sweet,Puerto Rico,PR,Corporate
19006,Melinda Mathews,Puerto Rico,PR,Corporate
16101,Aphrodite Salas,Puerto Rico,PR,Corporate
18631,Sonia Cabrera,Puerto Rico,PR,Corporate
18135,Rose Chandler,Puerto Rico,PR,Corporate
18040,Sacha Wilder,Puerto Rico,PR,Corporate
19125,Christen Wilkerson,Puerto Rico,PR,Corporate
19248,Rosalyn Henderson,Puerto Rico,PR,Corporate
16481,Clio Johnston,Puerto Rico,PR,Corporate
16404,Whitney Clarke,Puerto Rico,PR,Corporate
16512,Camilla Daugherty,Puerto Rico,PR,Corporate
18773,Yvonne Ferguson,Puerto Rico,PR,Corporate
15841,Denise Thomas,Puerto Rico,PR,Corporate
15859,Nell Lara,Puerto Rico,PR,Corporate
15894,Naida Little,Puerto Rico,PR,Corporate
15869,Lilah Floyd,Puerto Rico,PR,Corporate
16004,Azalia Jacobson,Puerto Rico,PR,Corporate
20463,Zelda Randall,Puerto Rico,PR,Corporate
20427,Teagan Cotton,Puerto Rico,PR,Corporate
17702,Astra Pollard,Puerto Rico,PR,Corporate
17305,Heidi Garrison,Puerto Rico,PR,Corporate
20673,Jamalia Walker,Puerto Rico,PR,Corporate
17713,Ivory Hancock,Puerto Rico,PR,Corporate
20652,Whitney Sutton,Puerto Rico,PR,Corporate
17515,Lael Reed,Puerto Rico,PR,Corporate
20417,Danna Barrett,Puerto Rico,PR,Corporate
17745,Maggie Reynolds,Puerto Rico,PR,Corporate
20415,Adele Warren,Puerto Rico,PR,Corporate
15603,Yetta Doyle,Puerto Rico,PR,Corporate
20224,Jaquelyn Mathews,Puerto Rico,PR,Corporate
16257,Katelyn Gordon,Puerto Rico,PR,Corporate
17079,Nelle Flowers,Puerto Rico,PR,Corporate
19842,Melanie Lowe,Puerto Rico,PR,Corporate
16363,Orli Romero,Puerto Rico,PR,Corporate
17095,Josephine Henry,Puerto Rico,PR,Corporate
20147,Pandora West,Puerto Rico,PR,Corporate
18954,Iona Collier,Puerto Rico,PR,Corporate
15202,Tatyana Woodard,Puerto Rico,PR,Corporate
15255,Rachel Morgan,Puerto Rico,PR,Corporate
17878,Tatiana Gilbert,Puerto Rico,PR,Corporate
17176,Jolie Hughes,Puerto Rico,PR,Corporate
18560,Charde Snider,Puerto Rico,PR,Corporate
16225,Danielle Bowman,Puerto Rico,PR,Corporate
19148,Guinevere Wallace,Puerto Rico,PR,Corporate
15732,Zenaida Kramer,Puerto Rico,PR,Corporate
15594,Nerea Graham,Puerto Rico,PR,Corporate
17590,Evelyn Carroll,Puerto Rico,PR,Corporate
16360,Harriet Rogers,Puerto Rico,PR,Corporate
15258,Aspen Boyer,Puerto Rico,PR,Corporate
15645,Vera Briggs,Puerto Rico,PR,Consumer
16560,Mia Mcpherson,Puerto Rico,PR,Consumer
10751,Amber Peterson,Puerto Rico,PR,Consumer
17452,Kimberly Malone,Puerto Rico,PR,Consumer
20407,Hayfa Burke,Puerto Rico,PR,Consumer
18277,Azalia Orr,Puerto Rico,PR,Consumer
17477,Quincy Henderson,Puerto Rico,PR,Consumer
6133,Mary Smith,Puerto Rico,PR,Consumer
20538,Marah Clayton,Puerto Rico,PR,Consumer
18726,Hollee Alford,Puerto Rico,PR,Consumer
19991,Rhoda Carter,Puerto Rico,PR,Consumer
19968,Emma Bernard,Puerto Rico,PR,Consumer
17129,Jolene Palmer,Puerto Rico,PR,Consumer
16233,Mollie Dawson,Puerto Rico,PR,Consumer
18992,Neve Warner,Puerto Rico,PR,Consumer
17863,Orli Curtis,Puerto Rico,PR,Consumer
15183,Jenette Casey,Puerto Rico,PR,Consumer
20263,Heather Kinney,Puerto Rico,PR,Consumer
1755,Mary Smith,Puerto Rico,PR,Consumer
5178,Mary Willis,Puerto Rico,PR,Consumer
4448,Joseph Cisneros,Puerto Rico,PR,Consumer
10393,Barbara Hogan,Puerto Rico,PR,Consumer
14165,Karleigh Hale,Puerto Rico,PR,Consumer
14071,Ivy Morse,Puerto Rico,PR,Consumer
13053,Kirby Gallegos,Puerto Rico,PR,Consumer
13106,Ocean Hodges,Puerto Rico,PR,Consumer
14340,Rhonda Cameron,Puerto Rico,PR,Consumer
13483,Hadley Moreno,Puerto Rico,PR,Consumer
14514,Ima Bradley,Puerto Rico,PR,Consumer
13480,Odette Whitfield,Puerto Rico,PR,Consumer
14913,Daryl Thornton,Puerto Rico,PR,Consumer
14037,Cheyenne Cooke,Puerto Rico,PR,Consumer
13893,Rhiannon Le,Puerto Rico,PR,Consumer
13766,Keiko Kramer,Puerto Rico,PR,Consumer
13603,Miranda Harrell,Puerto Rico,PR,Consumer
14729,Holly Gill,Puerto Rico,PR,Consumer
13996,Hiroko Whitaker,Puerto Rico,PR,Consumer
11057,Mary Smith,Puerto Rico,PR,Consumer
1668,Mary Smith,Puerto Rico,PR,Consumer
12528,Anjolie Crosby,Puerto Rico,PR,Consumer
15030,Nicole Zamora,Puerto Rico,PR,Consumer
15001,Lucy Terrell,Puerto Rico,PR,Consumer
14965,Leslie Benton,Puerto Rico,PR,Consumer
12923,Kylynn Dixon,Puerto Rico,PR,Consumer
7827,Jerry Sandoval,Puerto Rico,PR,Consumer
20483,Veronica Wiggins,Puerto Rico,PR,Consumer
20169,Portia Richard,Puerto Rico,PR,Consumer
17170,Celeste Herrera,Puerto Rico,PR,Consumer
16327,Danielle Garrett,Puerto Rico,PR,Consumer
17892,Lacey Matthews,Puerto Rico,PR,Consumer
18066,Camilla Chambers,Puerto Rico,PR,Consumer
16411,Alyssa Benson,Puerto Rico,PR,Consumer
16570,India Warren,Puerto Rico,PR,Consumer
19262,Cecilia Mclean,Puerto Rico,PR,Consumer
16567,Sheila Nichols,Puerto Rico,PR,Consumer
19188,Constance Andrews,Puerto Rico,PR,Consumer
16544,Selma Terry,Puerto Rico,PR,Consumer
19218,Madonna Nielsen,Puerto Rico,PR,Consumer
15782,Quail Shepard,Puerto Rico,PR,Consumer
6715,Mary Edwards,Puerto Rico,PR,Consumer
17924,Leigh Guevara,Puerto Rico,PR,Consumer
11811,Mary Smith,Puerto Rico,PR,Consumer
20747,Jacqueline Garrett,Puerto Rico,PR,Consumer
17358,Tamara Tate,Puerto Rico,PR,Consumer
1529,Mary Foster,Puerto Rico,PR,Consumer
17918,Shea Griffin,Puerto Rico,PR,Consumer
17970,Clio Leblanc,Puerto Rico,PR,Consumer
18344,Angelica Carey,Puerto Rico,PR,Consumer
20470,Ursula Robbins,Puerto Rico,PR,Consumer
17967,Zenaida Curry,Puerto Rico,PR,Consumer
17634,Heidi Gordon,Puerto Rico,PR,Consumer
15412,Ursa Miller,Puerto Rico,PR,Consumer
15535,Lydia Deleon,Puerto Rico,PR,Consumer
18693,Ciara Graham,Puerto Rico,PR,Consumer
18691,Martha Giles,Puerto Rico,PR,Consumer
15618,Megan Barker,Puerto Rico,PR,Consumer
15671,Eugenia Pugh,Puerto Rico,PR,Consumer
17581,Zia Hewitt,Puerto Rico,PR,Consumer
16277,Montana Young,Puerto Rico,PR,Consumer
18556,Ocean Bennett,Puerto Rico,PR,Consumer
20312,Unity Sykes,Puerto Rico,PR,Consumer
19898,Fallon Wiggins,Puerto Rico,PR,Consumer
17044,Quincy Ortiz,Puerto Rico,PR,Consumer
20113,Maryam Jensen,Puerto Rico,PR,Consumer
16290,Virginia Middleton,Puerto Rico,PR,Consumer
18534,Violet Baldwin,Puerto Rico,PR,Consumer
18552,Kevyn Benton,Puerto Rico,PR,Consumer
20129,Jolene Lee,Puerto Rico,PR,Consumer
19822,Belle Lancaster,Puerto Rico,PR,Consumer
16343,Shelley Boyle,Puerto Rico,PR,Consumer
20306,Jorden Atkinson,Puerto Rico,PR,Consumer
20053,Galena Jacobson,Puerto Rico,PR,Consumer
19962,Mechelle Webb,Puerto Rico,PR,Consumer
20177,Kirby Mcleod,Puerto Rico,PR,Consumer
19942,Daryl Peters,Puerto Rico,PR,Consumer
20049,Nevada Guerra,Puerto Rico,PR,Consumer
19832,Mechelle Rose,Puerto Rico,PR,Consumer
17840,Gail Lester,Puerto Rico,PR,Consumer
17767,Irma Thompson,Puerto Rico,PR,Consumer
3014,Mary Beck,Puerto Rico,PR,Consumer
6549,Megan Perkins,Puerto Rico,PR,Consumer
4173,Helen Smith,Puerto Rico,PR,Consumer
1552,Mary Wolfe,Puerto Rico,PR,Consumer
2976,Mary Rivers,Puerto Rico,PR,Consumer
8190,Michael Smith,Puerto Rico,PR,Consumer
11927,Mary Harris,Puerto Rico,PR,Consumer
6000,Mary Wilkins,Puerto Rico,PR,Consumer
5610,Mary Wheeler,Puerto Rico,PR,Consumer
13969,Cally Poole,Puerto Rico,PR,Consumer
14799,Blythe Brown,Puerto Rico,PR,Consumer
12622,Stephanie Ashley,Puerto Rico,PR,Consumer
12513,Linda Giles,Puerto Rico,PR,Consumer
15079,Ila Farmer,Puerto Rico,PR,Consumer
13311,Carolyn Delgado,Puerto Rico,PR,Consumer
14574,Jordan Porter,Puerto Rico,PR,Consumer
13524,Neve Graves,Puerto Rico,PR,Consumer
14307,Demetria Kline,Puerto Rico,PR,Consumer
13288,Chava Love,Puerto Rico,PR,Consumer
14535,Tatiana Hardy,Puerto Rico,PR,Consumer
14499,Hayfa Porter,Puerto Rico,PR,Consumer
13251,Maggy Hobbs,Puerto Rico,PR,Consumer
14660,Karina Fitzpatrick,Puerto Rico,PR,Consumer
14359,Katelyn Chaney,Puerto Rico,PR,Consumer
13214,Carly Malone,Puerto Rico,PR,Consumer
13033,Tamara Navarro,Puerto Rico,PR,Consumer
14193,Gwendolyn Mccarthy,Puerto Rico,PR,Consumer
13066,Darrel Marsh,Puerto Rico,PR,Consumer
14600,Yvonne Stevenson,Puerto Rico,PR,Consumer
13406,Lydia Mcmillan,Puerto Rico,PR,Consumer
13478,Rebecca Thompson,Puerto Rico,PR,Consumer
14280,Petra Arnold,Puerto Rico,PR,Consumer
13045,Sarah Wagner,Puerto Rico,PR,Consumer
14687,Adrienne Jennings,Puerto Rico,PR,Consumer
14241,Mary Morrow,Puerto Rico,PR,Consumer
13385,Imani Battle,Puerto Rico,PR,Consumer
13259,Eden Mcdaniel,Puerto Rico,PR,Consumer
14313,Jorden Pate,Puerto Rico,PR,Consumer
13240,Jorden Michael,Puerto Rico,PR,Consumer
13528,Skyler Roman,Puerto Rico,PR,Consumer
14258,Shelley House,Puerto Rico,PR,Consumer
14078,Jolie Mejia,Puerto Rico,PR,Consumer
2109,Mary Smith,Puerto Rico,PR,Consumer
13789,Simone Santos,Puerto Rico,PR,Consumer
9339,Ann Moyer,Puerto Rico,PR,Consumer
3294,Michael Smith,Puerto Rico,PR,Consumer
14895,Idola Ellison,Puerto Rico,PR,Consumer
2304,Mary Oconnell,Puerto Rico,PR,Consumer
14857,Imani Hall,Puerto Rico,PR,Consumer
7235,Brandon Dillon,Puerto Rico,PR,Consumer
13677,Lareina Dorsey,Puerto Rico,PR,Consumer
13587,Lee Thomas,Puerto Rico,PR,Consumer
13891,Dora Justice,Puerto Rico,PR,Consumer
3897,Mary Carlson,Puerto Rico,PR,Consumer
13711,Zephr Fox,Puerto Rico,PR,Consumer
14711,Halla Knight,Puerto Rico,PR,Consumer
14016,Jordan Henry,Puerto Rico,PR,Consumer
5077,Donald Thompson,Puerto Rico,PR,Consumer
12826,Reagan Alvarez,Puerto Rico,PR,Consumer
9262,Mary Conway,Puerto Rico,PR,Consumer
14853,Noel Ballard,Puerto Rico,PR,Consumer
13654,Shelley Hubbard,Puerto Rico,PR,Consumer
13564,Taylor Morton,Puerto Rico,PR,Consumer
12806,Clio Delacruz,Puerto Rico,PR,Consumer
14049,Meredith Hendricks,Puerto Rico,PR,Consumer
13904,Rebecca Lancaster,Puerto Rico,PR,Consumer
6292,Marie Smith,Puerto Rico,PR,Consumer
6039,Theresa Mills,Puerto Rico,PR,Consumer
12749,Olga Welch,Puerto Rico,PR,Consumer
13721,Wynter Wheeler,Puerto Rico,PR,Consumer
14828,Nita Webb,Puerto Rico,PR,Consumer
12818,Kelsie Torres,Puerto Rico,PR,Consumer
13971,Martina Merritt,Puerto Rico,PR,Consumer
14881,Victoria Rodriquez,Puerto Rico,PR,Consumer
14701,Cynthia Fields,Puerto Rico,PR,Consumer
13988,Shafira Battle,Puerto Rico,PR,Consumer
12422,Mary Blevins,Puerto Rico,PR,Consumer
6939,Amber Jimenez,Puerto Rico,PR,Consumer
3335,Mary Ramirez,Puerto Rico,PR,Consumer
8976,Dennis Smith,Puerto Rico,PR,Consumer
2036,Deborah Smith,Puerto Rico,PR,Consumer
11035,Evelyn Fritz,Puerto Rico,PR,Consumer
12349,Mary Arnold,Puerto Rico,PR,Consumer
5444,Amy Stevenson,Puerto Rico,PR,Consumer
12560,Alice Mcintosh,Puerto Rico,PR,Consumer
12716,Regan Buckley,Puerto Rico,PR,Consumer
12661,Myra Odonnell,Puerto Rico,PR,Consumer
12571,Quintessa Heath,Puerto Rico,PR,Consumer
12638,Yetta Irwin,Puerto Rico,PR,Consumer
12565,Cheyenne Moss,Puerto Rico,PR,Consumer
12633,Laura Shaffer,Puerto Rico,PR,Consumer
12829,Mariam Wright,Puerto Rico,PR,Consumer
15010,Hanna Bush,Puerto Rico,PR,Consumer
15136,Alexis Downs,Puerto Rico,PR,Consumer
12933,Emma Harrison,Puerto Rico,PR,Consumer
12929,Naida Horton,Puerto Rico,PR,Consumer
12911,Iola Wallace,Puerto Rico,PR,Consumer
12852,Ella Snider,Puerto Rico,PR,Consumer
12942,Hayfa Wilder,Puerto Rico,PR,Consumer
1752,Mary Merritt,Puerto Rico,PR,Consumer
11084,Mary Mejia,Puerto Rico,PR,Consumer
2011,Ashley Stanton,Puerto Rico,PR,Consumer
2090,Cynthia Rosario,Puerto Rico,PR,Consumer
8438,Joyce Trevino,Puerto Rico,PR,Consumer
6687,Julie Hamilton,Puerto Rico,PR,Consumer
4878,Sandra Smith,Puerto Rico,PR,Consumer
2700,Ruth Le,Puerto Rico,PR,Consumer
12252,Carol Smith,Puerto Rico,PR,Consumer
17502,Carissa Travis,Puerto Rico,PR,Consumer
20419,Ivory Cannon,Puerto Rico,PR,Consumer
15454,Kevyn Lott,Puerto Rico,PR,Consumer
18155,Ruth Salas,Puerto Rico,PR,Consumer
18082,Callie Jordan,Puerto Rico,PR,Consumer
18224,Jaden Richards,Puerto Rico,PR,Consumer
18260,Sara Brooks,Puerto Rico,PR,Consumer
18253,Ocean Lee,Puerto Rico,PR,Consumer
18195,Daryl Carr,Puerto Rico,PR,Consumer
18192,Kameko Dejesus,Puerto Rico,PR,Consumer
16483,Ramona Randolph,Puerto Rico,PR,Consumer
16627,Lacy Mcclain,Puerto Rico,PR,Consumer
19209,Jade Nunez,Puerto Rico,PR,Consumer
19135,Phyllis Dale,Puerto Rico,PR,Consumer
16511,Petra Webster,Puerto Rico,PR,Consumer
19061,Alice Alexan,Puerto Rico,PR,Consumer
16401,Nola Terrell,Puerto Rico,PR,Consumer
19095,Jenna Cotton,Puerto Rico,PR,Consumer
16396,Melyssa Bush,Puerto Rico,PR,Consumer
15737,Skyler Flynn,Puerto Rico,PR,Consumer
15802,Whitney Spence,Puerto Rico,PR,Consumer
15765,Martha Munoz,Puerto Rico,PR,Consumer
18780,Suki Singleton,Puerto Rico,PR,Consumer
18797,Isabella Sexton,Puerto Rico,PR,Consumer
18761,Giselle Stark,Puerto Rico,PR,Consumer
15867,Emi Randolph,Puerto Rico,PR,Consumer
15865,Myra Coleman,Puerto Rico,PR,Consumer
15883,Chloe Aguirre,Puerto Rico,PR,Consumer
1296,Mary King,Puerto Rico,PR,Consumer
479,Christopher Curtis,Puerto Rico,PR,Consumer
20625,Vielka Morrison,Puerto Rico,PR,Consumer
20715,Camille Koch,Puerto Rico,PR,Consumer
17379,Yoshi Bird,Puerto Rico,PR,Consumer
16074,Anika Spears,Puerto Rico,PR,Consumer
17414,Sybill Washington,Puerto Rico,PR,Consumer
17976,Rhiannon Wagner,Puerto Rico,PR,Consumer
1396,Mary Smith,Puerto Rico,PR,Consumer
1077,Mary Williamson,Puerto Rico,PR,Consumer
17700,Lara York,Puerto Rico,PR,Consumer
20442,Sade Skinner,Puerto Rico,PR,Consumer
17395,Maryam Wood,Puerto Rico,PR,Consumer
17340,Hermione Velez,Puerto Rico,PR,Consumer
17716,Maggy Donaldson,Puerto Rico,PR,Consumer
16088,Halee Andrews,Puerto Rico,PR,Consumer
16070,Sara Farley,Puerto Rico,PR,Consumer
17698,Winter Richmond,Puerto Rico,PR,Consumer
18009,Frances Bolton,Puerto Rico,PR,Consumer
17625,Vielka Richardson,Puerto Rico,PR,Consumer
1829,Mary Cain,Puerto Rico,PR,Consumer
20708,Cassady Wilkins,Puerto Rico,PR,Consumer
18006,Myra Jordan,Puerto Rico,PR,Consumer
16066,Lila Burgess,Puerto Rico,PR,Consumer
1778,Mary Bishop,Puerto Rico,PR,Consumer
17730,Kelsie Lyons,Puerto Rico,PR,Consumer
4587,Anthony Smith,Puerto Rico,PR,Consumer
16029,Lynn Bowers,Puerto Rico,PR,Consumer
3632,Albert Flores,Puerto Rico,PR,Consumer
811,Jean Mcintyre,Puerto Rico,PR,Consumer
20687,Charlotte Fields,Puerto Rico,PR,Consumer
17692,Cynthia Rosales,Puerto Rico,PR,Consumer
18021,Eleanor Odonnell,Puerto Rico,PR,Consumer
18397,Fiora Roberson,Puerto Rico,PR,Consumer
20614,Velma Conley,Puerto Rico,PR,Consumer
15937,Kellie Mayo,Puerto Rico,PR,Consumer
17494,Rachel Riddle,Puerto Rico,PR,Consumer
17948,Hadley Jimenez,Puerto Rico,PR,Consumer
20577,Kyla Henderson,Puerto Rico,PR,Consumer
6861,Brenda Smith,Puerto Rico,PR,Consumer
20612,Illana Rhodes,Puerto Rico,PR,Consumer
20575,Isabella Henson,Puerto Rico,PR,Consumer
17330,Joan Whitney,Puerto Rico,PR,Consumer
20610,Guinevere Butler,Puerto Rico,PR,Consumer
20556,Kylie Wynn,Puerto Rico,PR,Consumer
18375,Mari Rodriguez,Puerto Rico,PR,Consumer
18357,Lacota Church,Puerto Rico,PR,Consumer
17980,Katell Sloan,Puerto Rico,PR,Consumer
7626,Mary Jones,Puerto Rico,PR,Consumer
15339,Kylynn Murphy,Puerto Rico,PR,Consumer
15607,Hedy Levy,Puerto Rico,PR,Consumer
18732,Carolyn Valencia,Puerto Rico,PR,Consumer
15586,Venus Martin,Puerto Rico,PR,Consumer
15568,Ila Stuart,Puerto Rico,PR,Consumer
15638,Audrey Cortez,Puerto Rico,PR,Consumer
15386,Rhiannon Brock,Puerto Rico,PR,Consumer
15673,Jade Herman,Puerto Rico,PR,Consumer
15565,Rosalyn Owens,Puerto Rico,PR,Consumer
15401,Keelie Ortiz,Puerto Rico,PR,Consumer
15540,Haviva Mccoy,Puerto Rico,PR,Consumer
10014,Janet Williams,USA,CO,Consumer
4947,Mary Hobbs,USA,FL,Consumer
5662,Mary Figueroa,USA,AZ,Consumer
5794,Bruce Werner,USA,PA,Consumer
5912,Mary Palmer,USA,FL,Consumer
4950,Brittany Henry,USA,TX,Consumer
6801,Douglas Smith,Puerto Rico,PR,Consumer
11709,Mary Harrison,Puerto Rico,PR,Consumer
9893,Janice Smith,Puerto Rico,PR,Consumer
7374,Brenda Smith,Puerto Rico,PR,Consumer
2196,Mary Jacobs,USA,FL,Home Office
3445,Andrew Smith,Puerto Rico,PR,Consumer
10446,Christina Krause,USA,MD,Home Office
5975,Mary Smith,Puerto Rico,PR,Home Office
6116,Kimberly Tanner,USA,PA,Home Office
303,Thomas Rowe,Puerto Rico,PR,Consumer
7385,Richard Arellano,USA,AZ,Home Office
10045,Sean Bradley,USA,CA,Home Office
11740,Jacob Foster,USA,CA,Home Office
5641,Eric Cohen,Puerto Rico,PR,Consumer
2314,Donald Smith,Puerto Rico,PR,Consumer
8779,Margaret Barber,USA,FL,Home Office
10520,Jeremy Williams,USA,WA,Home Office
11795,Eugene Lewis,USA,PA,Home Office
1227,Mary Fields,USA,NY,Home Office
10732,Melissa Robertson,USA,NC,Home Office
7496,Mary Hicks,Puerto Rico,PR,Home Office
147,Mary Smith,USA,PA,Home Office
9092,James Smith,USA,TN,Home Office
18064,Ruth Bradley,USA,AZ,Consumer
18222,Maris Davidson,USA,CA,Consumer
18272,Jane Powers,USA,CA,Consumer
18196,Hiroko Reynolds,USA,FL,Consumer
16458,Kim Michael,USA,TX,Consumer
19185,Courtney Page,USA,CA,Consumer
16453,Gloria Christensen,USA,MO,Consumer
15681,Regan Singleton,USA,CA,Consumer
15986,Christen Madden,USA,PA,Consumer
18406,Shellie Clarke,USA,NY,Consumer
17691,Audrey Pearson,USA,OK,Consumer
18734,Joan Dudley,USA,AZ,Consumer
18709,Uta Rose,USA,NY,Consumer
17588,Halee Austin,USA,CA,Consumer
17189,Sage Gonzales,USA,TX,Consumer
20365,Myra Emerson,USA,CA,Consumer
17043,Leila Sweet,USA,MN,Consumer
20127,Sandra Clements,USA,CA,Consumer
19926,Lois Sullivan,USA,AZ,Consumer
18985,Bo Sellers,USA,NY,Consumer
18079,Ila Bass,USA,CA,Consumer
18203,Yuri Rocha,USA,CA,Consumer
18038,Alfreda White,USA,KS,Consumer
18254,Xena Mcpherson,USA,NV,Consumer
18124,Briar Bean,USA,CA,Consumer
18211,Ila Snow,USA,TX,Consumer
19233,Karina Holmes,USA,OR,Consumer
19223,Glenna Britt,USA,NC,Consumer
19222,Gwendolyn Lara,USA,NY,Consumer
16400,Xerxes Webster,USA,NY,Consumer
19147,Christine Luna,USA,NC,Consumer
16416,Leilani Zamora,USA,CA,Consumer
19236,Octavia Wolfe,USA,OH,Consumer
19090,Alfreda Cardenas,USA,NC,Consumer
15789,Amena Short,USA,MA,Consumer
15788,Mercedes Jones,USA,IL,Consumer
18824,Mary Golden,USA,CT,Consumer
15804,Lenore Figueroa,USA,NV,Consumer
15821,Tara Dorsey,USA,CA,Consumer
15817,Ella Workman,USA,OR,Consumer
15744,Bree Gill,USA,VA,Consumer
18781,Jeanette Oliver,USA,NJ,Consumer
15905,Yetta Campbell,USA,HI,Consumer
18760,Mira Jennings,USA,VA,Consumer
18793,Aspen Gilmore,USA,MI,Consumer
17961,Dorothy Good,USA,TX,Consumer
18517,Clio Boyer,USA,OH,Consumer
17435,Yeo Espinoza,USA,IL,Consumer
17996,Quintessa Barker,USA,TX,Consumer
17308,Audrey Tyler,USA,OH,Consumer
17958,Kim Wolfe,USA,MN,Consumer
20641,Renee Garrett,USA,NC,Consumer
20676,Lacy Sutton,USA,IL,Consumer
18296,Jane Shepard,USA,IL,Consumer
16069,Jillian Huber,USA,TX,Consumer
17714,Elaine Farmer,USA,FL,Consumer
17917,Oprah Roman,USA,CA,Consumer
18491,Rhoda Webster,USA,FL,Consumer
17372,Rose Matthews,USA,DC,Consumer
15959,Tatyana Greer,USA,FL,Consumer
16030,Sydnee Ochoa,USA,CA,Consumer
17389,Fallon Glass,USA,PA,Consumer
17262,Maya Cantu,USA,KY,Consumer
16083,Sydney Faulkner,USA,MD,Consumer
18289,Mary Dickerson,USA,NY,Consumer
16026,Gwendolyn Kelley,USA,CO,Consumer
18466,Brenna Brooks,USA,IL,Consumer
15953,Orli Atkinson,USA,NJ,Consumer
18000,Wynne Sharp,USA,TX,Consumer
17329,Amity Mccoy,USA,AZ,Consumer
20393,Lana Lynn,USA,NY,Consumer
17490,Mallory Williams,USA,CA,Consumer
15485,Nora Goff,USA,CA,Consumer
15431,Rhea Haynes,USA,MN,Consumer
15321,Erica Sanford,USA,NY,Consumer
15464,Martina Henderson,USA,NV,Consumer
15369,Kellie Conrad,USA,HI,Consumer
15585,Mikayla Goff,USA,TX,Consumer
18710,Xerxes Jarvis,USA,IL,Consumer
15493,Anjolie Jackson,USA,IL,Consumer
15455,Martina Wolf,USA,NJ,Consumer
15668,Lenore Campbell,USA,CA,Consumer
15379,Charissa Burton,USA,UT,Consumer
17585,Yolanda Alvarado,USA,CA,Consumer
17619,Farrah Mcmillan,USA,NJ,Consumer
15214,Daryl Atkins,USA,IL,Consumer
17820,Xerxes Dawson,USA,CA,Consumer
15250,Whitney Gallegos,USA,IL,Consumer
17047,Risa West,USA,NJ,Consumer
17154,Kendall Lyons,USA,NJ,Consumer
17081,Lacota Mendez,USA,PA,Consumer
20204,Gwendolyn Branch,USA,GA,Consumer
20131,Abigail Carpenter,USA,LA,Consumer
18590,Eve Burgess,USA,OH,Consumer
20311,Kendall Delaney,USA,OK,Consumer
15174,Uta Mcpherson,USA,AZ,Consumer
17186,Gwendolyn Guy,USA,CA,Consumer
17150,Wynter Shannon,USA,NY,Consumer
20075,Iola Bean,USA,CA,Consumer
17059,Jenna Bradford,USA,CA,Consumer
20056,Summer Small,USA,FL,Consumer
17255,Fatima Cotton,USA,CA,Consumer
17111,Christine Webster,USA,NM,Consumer
17792,Blythe Robbins,USA,OH,Consumer
17109,Bertha Noble,USA,OR,Consumer
17810,Blythe Bartlett,USA,FL,Consumer
20052,Julie Vang,USA,IN,Consumer
20178,Brianna Malone,USA,TX,Consumer
18601,Camilla Herring,USA,TX,Consumer
20376,Iola Cabrera,USA,MD,Consumer
16194,Cynthia Patterson,USA,UT,Consumer
19997,Remedios Clements,USA,MD,Consumer
15273,Hilary Shaffer,USA,GA,Consumer
16373,Idona Farmer,USA,CA,Consumer
16355,Stella Parks,USA,CA,Consumer
17232,Zenaida Harrison,USA,TX,Consumer
19023,Nadine Dominguez,USA,FL,Consumer
17157,Jena Blanchard,USA,HI,Consumer
15215,Moana Lee,USA,OH,Consumer
16189,Hedda Thompson,USA,CA,Consumer
18101,Lesley Walters,USA,CA,Consumer
18205,Madeline Evans,USA,AZ,Consumer
18219,Quynn Mccoy,USA,GA,Consumer
18107,Nita Aguirre,USA,CA,Consumer
18213,Renee Simpson,USA,NY,Consumer
17900,Xerxes Mercado,USA,TX,Consumer
18120,Iola Dalton,USA,CT,Consumer
16395,Remedios Spencer,USA,FL,Consumer
19087,Cleo Pate,USA,CO,Consumer
16573,Natalie Mayer,USA,AZ,Consumer
19211,Blythe Workman,USA,CA,Consumer
16621,Sybill Pruitt,USA,MN,Consumer
16583,Veronica Shaw,USA,MA,Consumer
19060,Tatyana Ballard,USA,CO,Consumer
16436,Moana Mcdowell,USA,TN,Consumer
19039,Kalia Nolan,USA,IL,Consumer
19037,Quyn Mayo,USA,TN,Consumer
19180,Willow Bowers,USA,CA,Consumer
15766,Kelly Patton,USA,MD,Consumer
16058,Blossom Oneal,USA,NY,Consumer
20697,Olympia Velasquez,USA,OH,Consumer
17378,Hadley Shepherd,USA,TX,Consumer
18876,Aiko Sanford,USA,CA,Consumer
17306,Jorden West,USA,KY,Consumer
17269,Jacqueline Roth,USA,MD,Consumer
17503,Imani Hood,USA,IL,Consumer
17993,Skyler Day,USA,CA,Consumer
17412,Stacy Massey,USA,NY,Consumer
17974,Isabella Baker,USA,CA,Consumer
18493,Anjolie Fry,USA,NC,Consumer
17410,Taylor Slater,USA,MO,Consumer
17338,Hedy Hutchinson,USA,TX,Consumer
17373,Odessa Cline,USA,OK,Consumer
18275,Ayanna Melton,USA,CA,Consumer
20744,Hyacinth Terry,USA,PA,Consumer
17405,Yetta Frazier,USA,NY,Consumer
18468,Emma Guerrero,USA,HI,Consumer
20523,Bree Blankenship,USA,GA,Consumer
17277,Fay Morris,USA,TX,Consumer
17726,Quon Hansen,USA,TN,Consumer
20377,Renee Morris,USA,CO,Consumer
20611,Astra Paul,USA,FL,Consumer
17652,Whitney Glover,USA,NC,Consumer
18464,Martina Valenzuela,USA,NC,Consumer
17651,Zephr Irwin,USA,PA,Consumer
15628,Michelle Guerra,USA,CA,Consumer
15502,Aspen Herring,USA,MD,Consumer
18663,Xena Henderson,USA,TX,Consumer
15625,Dawn Richard,USA,GA,Consumer
15589,Christen Welch,USA,TX,Consumer
18733,Kylynn Horne,USA,CA,Consumer
15372,Quon Drake,USA,CA,Consumer
15390,Idola Conrad,USA,WV,Consumer
15371,Ariel Moreno,USA,TN,Consumer
15639,Ariana Vazquez,USA,NY,Consumer
15674,Blossom Ferguson,USA,NY,Consumer
15544,Quincy Fischer,USA,TX,Consumer
15399,Anjolie Booker,USA,CA,Consumer
15361,Pamela Perez,USA,TX,Consumer
17589,Sydnee Hurley,USA,FL,Consumer
17550,Nomlanga Rosales,USA,RI,Consumer
20368,Tana Sweet,USA,FL,Consumer
15177,Fiona Humphrey,USA,CA,Consumer
18575,Irma Best,USA,NY,Consumer
18538,Ainsley Stone,USA,CA,Consumer
18574,Alfreda Christensen,USA,ND,Consumer
17151,Sybill Madden,USA,VA,Consumer
16292,Blythe Shaffer,USA,TX,Consumer
17851,Caryn Mccarty,USA,CA,Consumer
17833,Geraldine Chase,USA,OR,Consumer
18961,Desirae Pacheco,USA,IL,Consumer
18979,Lillith Cook,USA,PA,Consumer
16254,Stacey Huff,USA,AZ,Consumer
15280,Candice Dunn,USA,NC,Consumer
17795,Raya George,USA,VA,Consumer
16199,Zorita Fisher,USA,MI,Consumer
20362,Beatrice Cantu,USA,NV,Consumer
16234,Gretchen Shepherd,USA,NJ,Consumer
17793,Chantale Cannon,USA,AZ,Consumer
15241,Sybil Blankenship,USA,TX,Consumer
17056,Summer Workman,USA,CO,Consumer
20126,Myra Oneil,USA,IL,Consumer
16269,Kitra Bruce,USA,CO,Consumer
17128,Michelle Macias,USA,NC,Consumer
17809,Deanna Bates,USA,OH,Consumer
17879,Barbara Pruitt,USA,TX,Consumer
17124,Wynter Mathews,USA,OR,Consumer
18935,Regina Nixon,USA,CA,Consumer
18989,Kevyn Melendez,USA,FL,Consumer
20230,Bo Contreras,USA,TX,Consumer
20265,Martha Burt,USA,CA,Consumer
16264,Mona Tyler,USA,TX,Consumer
18898,Simone Vang,USA,AZ,Consumer
20211,Minerva Webster,USA,NC,Consumer
20084,Caryn Key,USA,TX,Consumer
17841,Karina James,USA,IL,Consumer
17230,Bo Galloway,USA,TX,Consumer
15288,Lesley Ochoa,USA,NC,Consumer
17067,Simone Carpenter,USA,CA,Consumer
20227,Brynne Clements,USA,NC,Consumer
17210,Rosalyn Morales,USA,GA,Consumer
17192,Aspen Moody,USA,GA,Consumer
18967,Regan Pickett,USA,CA,Consumer
15161,Kimberly Roy,USA,GA,Consumer
18142,Lareina Colon,USA,WI,Consumer
16502,Ainsley Cherry,USA,NY,Consumer
16435,Ivy Cantu,USA,NY,Consumer
18746,Ila Weaver,USA,CA,Consumer
17960,Bethany Bright,USA,NJ,Consumer
16021,Alyssa Combs,USA,IL,Consumer
20637,Shannon Davis,USA,KY,Consumer
18362,Vivien Dawson,USA,CA,Consumer
18503,Kalia Myers,USA,FL,Consumer
15419,Iona Noel,USA,OH,Consumer
15380,Hedda Vega,USA,CA,Consumer
17045,Madison Hunter,USA,TX,Consumer
19844,Yvette Lynch,USA,OH,Consumer
15175,Xerxes Ryan,USA,IL,Consumer
19916,Brianna Aguirre,USA,CA,Consumer
18536,Wynne Hunter,USA,AZ,Consumer
19778,Melissa Hodge,USA,CA,Consumer
1526,Mary Smith,USA,NY,Consumer
2012,Ethan Smith,USA,WI,Consumer
6548,Mary Parker,USA,CA,Consumer
3842,Susan Smith,USA,IL,Consumer
8359,Walter Pierce,USA,CA,Consumer
9922,Mary Thomas,USA,CT,Consumer
7168,Mary Schmitt,USA,FL,Consumer
10904,Mary Brown,Puerto Rico,PR,Home Office
8985,Helen Russo,USA,MI,Home Office
9982,Carol Smith,Puerto Rico,PR,Home Office
4146,Mary Brock,Puerto Rico,PR,Consumer
539,Marilyn Smith,USA,CA,Home Office
3698,John Smith,Puerto Rico,PR,Consumer
11237,Zachary Watkins,Puerto Rico,PR,Consumer
992,Randy Brown,USA,NY,Home Office
6063,Judith Meadows,Puerto Rico,PR,Home Office
12356,Rose Shepherd,Puerto Rico,PR,Consumer
10919,Shirley Turner,USA,CA,Home Office
2428,Andrea Smith,USA,CA,Home Office
795,Mary Knox,Puerto Rico,PR,Consumer
292,Mary Estrada,USA,OH,Home Office
9093,Andrew Flores,USA,OH,Home Office
1536,Mary Smith,USA,CA,Home Office
825,George Ross,USA,CO,Home Office
1238,Angela Massey,Puerto Rico,PR,Home Office
1888,Julia Smith,USA,MI,Home Office
4007,Amanda Brady,USA,TN,Home Office
13221,Azalia Booker,Puerto Rico,PR,Home Office
13148,Demetria Bullock,Puerto Rico,PR,Home Office
13468,Kessie Ratliff,Puerto Rico,PR,Home Office
8176,Charles Hernandez,Puerto Rico,PR,Home Office
12695,Lenore Armstrong,Puerto Rico,PR,Home Office
3958,Ashley Moreno,Puerto Rico,PR,Home Office
16444,Emi Bowers,Puerto Rico,PR,Home Office
15854,Blossom Berry,Puerto Rico,PR,Home Office
15792,Jamalia Velazquez,Puerto Rico,PR,Home Office
17719,Amity Boyle,Puerto Rico,PR,Home Office
18455,Martina Young,Puerto Rico,PR,Home Office
18678,Teegan Smith,Puerto Rico,PR,Home Office
16366,Hillary Velez,Puerto Rico,PR,Home Office
14568,Genevieve Kinney,Puerto Rico,PR,Home Office
20510,Sarah Slater,Puerto Rico,PR,Home Office
17593,Yvonne Garrett,Puerto Rico,PR,Home Office
16382,Rowan Robbins,Puerto Rico,PR,Home Office
16250,Naomi Rocha,Puerto Rico,PR,Home Office
14772,Remedios Banks,Puerto Rico,PR,Home Office
12901,Cynthia Walton,Puerto Rico,PR,Home Office
18188,Patience Rivera,Puerto Rico,PR,Home Office
18054,Kitra Turner,Puerto Rico,PR,Home Office
16412,Iris Ashley,Puerto Rico,PR,Home Office
16590,Callie Dominguez,Puerto Rico,PR,Home Office
20389,Fallon Oneill,Puerto Rico,PR,Home Office
18477,Lael Mitchell,Puerto Rico,PR,Home Office
20622,Idola Lewis,Puerto Rico,PR,Home Office
17483,Veronica Solis,Puerto Rico,PR,Home Office
17418,Karina Morgan,Puerto Rico,PR,Home Office
15531,Sophia Haynes,Puerto Rico,PR,Home Office
15512,Lynn Miller,Puerto Rico,PR,Home Office
17250,Yoko Reed,Puerto Rico,PR,Home Office
10531,Jennifer Palmer,Puerto Rico,PR,Home Office
8465,Dorothy Schneider,Puerto Rico,PR,Home Office
13145,Guinevere Clarke,Puerto Rico,PR,Home Office
13335,Felicia Juarez,Puerto Rico,PR,Home Office
14227,Hedy Richardson,Puerto Rico,PR,Home Office
14878,Lydia Carver,Puerto Rico,PR,Home Office
13715,Xandra Mack,Puerto Rico,PR,Home Office
14893,May Monroe,Puerto Rico,PR,Home Office
14018,Tatiana Patton,Puerto Rico,PR,Home Office
9870,Betty Cortez,Puerto Rico,PR,Home Office
13744,Kylynn Suarez,Puerto Rico,PR,Home Office
14740,Mollie Spears,Puerto Rico,PR,Home Office
14900,Bertha Velazquez,Puerto Rico,PR,Home Office
13718,Jenette Ortega,Puerto Rico,PR,Home Office
12676,Melanie Hickman,Puerto Rico,PR,Home Office
2248,Mary Smith,Puerto Rico,PR,Home Office
19105,Shay Holmes,Puerto Rico,PR,Home Office
19253,Roanna Rush,Puerto Rico,PR,Home Office
18365,Alfreda Colon,Puerto Rico,PR,Home Office
18378,Kai Frazier,Puerto Rico,PR,Home Office
17707,Brittany Buchanan,Puerto Rico,PR,Home Office
18034,Dominique Pate,Puerto Rico,PR,Home Office
15460,Nomlanga Snider,Puerto Rico,PR,Home Office
19937,Nola Hall,Puerto Rico,PR,Home Office
16206,Belle Mccullough,Puerto Rico,PR,Home Office
19882,Noel Pickett,Puerto Rico,PR,Home Office
17062,Hiroko Willis,Puerto Rico,PR,Home Office
16380,Brianna Mcfadden,Puerto Rico,PR,Home Office
20200,Octavia Duran,Puerto Rico,PR,Home Office
20199,Robin Lloyd,Puerto Rico,PR,Home Office
17147,Pandora Cline,Puerto Rico,PR,Home Office
19009,Anastasia Grant,Puerto Rico,PR,Home Office
17107,Hedy Lynn,Puerto Rico,PR,Home Office
16103,Constance Cain,Puerto Rico,PR,Home Office
15165,Chastity Reyes,Puerto Rico,PR,Home Office
17034,Ursa Gibson,Puerto Rico,PR,Home Office
17104,Molly Branch,Puerto Rico,PR,Home Office
19849,Kim Trevino,Puerto Rico,PR,Home Office
20352,Katelyn Sampson,Puerto Rico,PR,Home Office
7860,Mary Smith,Puerto Rico,PR,Home Office
9013,Lawrence Ward,Puerto Rico,PR,Home Office
2474,James Hernandez,Puerto Rico,PR,Home Office
14572,Britanni Bridges,Puerto Rico,PR,Home Office
13940,Paloma Valdez,Puerto Rico,PR,Home Office
13631,Sonia Phelps,Puerto Rico,PR,Home Office
4934,Richard Warner,Puerto Rico,PR,Home Office
5743,Mary Ball,Puerto Rico,PR,Home Office
12463,Sylvia Daugherty,Puerto Rico,PR,Home Office
14582,Isabella Mccall,Puerto Rico,PR,Home Office
14528,Alyssa Powers,Puerto Rico,PR,Home Office
14205,Blair Castro,Puerto Rico,PR,Home Office
14889,Rowan Buck,Puerto Rico,PR,Home Office
14932,Lesley Wynn,Puerto Rico,PR,Home Office
16473,Hope Solis,Puerto Rico,PR,Home Office
19038,Aspen Rodriguez,Puerto Rico,PR,Home Office
16577,Reagan Knapp,Puerto Rico,PR,Home Office
15794,Mariam Kirby,Puerto Rico,PR,Home Office
15982,Freya Larson,Puerto Rico,PR,Home Office
17935,Ivy Mccoy,Puerto Rico,PR,Home Office
15978,Ingrid Delacruz,Puerto Rico,PR,Home Office
15940,Ciara Blevins,Puerto Rico,PR,Home Office
17743,Kaitlin Ray,Puerto Rico,PR,Home Office
15529,Madonna Juarez,Puerto Rico,PR,Home Office
18655,Iola Bennett,Puerto Rico,PR,Home Office
17544,Yael Morse,Puerto Rico,PR,Home Office
20151,Sybill Bishop,Puerto Rico,PR,Home Office
19011,Kylie Galloway,Puerto Rico,PR,Home Office
17180,Suki Mccoy,Puerto Rico,PR,Home Office
18564,Rhoda Henderson,Puerto Rico,PR,Home Office
9797,Sandra Andrews,Puerto Rico,PR,Home Office
4418,Mary Mills,Puerto Rico,PR,Home Office
4692,Mary Smith,Puerto Rico,PR,Home Office
13101,Lila Pratt,Puerto Rico,PR,Home Office
13842,Carol Davenport,Puerto Rico,PR,Home Office
13704,Alexis Potter,Puerto Rico,PR,Home Office
12607,Jenna Cantu,Puerto Rico,PR,Home Office
16536,Mariam Roman,Puerto Rico,PR,Home Office
18864,Amelia Munoz,Puerto Rico,PR,Home Office
15466,Brenna Wynn,Puerto Rico,PR,Home Office
17198,Blair Salazar,Puerto Rico,PR,Home Office
886,Mary Henderson,Puerto Rico,PR,Home Office
12969,Lucy Rodriquez,Puerto Rico,PR,Home Office
13037,Carissa Patrick,Puerto Rico,PR,Home Office
13270,Marah Patterson,Puerto Rico,PR,Home Office
13048,Hilary Atkins,Puerto Rico,PR,Home Office
14137,Jolene Clayton,Puerto Rico,PR,Home Office
14690,Rhoda Guzman,Puerto Rico,PR,Home Office
14352,Summer Barron,Puerto Rico,PR,Home Office
13132,Demetria Franco,Puerto Rico,PR,Home Office
13770,Tatum Stokes,Puerto Rico,PR,Home Office
14055,Kiayada Cox,Puerto Rico,PR,Home Office
12823,Mercedes Merrill,Puerto Rico,PR,Home Office
13884,Odette Warner,Puerto Rico,PR,Home Office
13827,Shaeleigh Ramos,Puerto Rico,PR,Home Office
12613,Gretchen Herrera,Puerto Rico,PR,Home Office
12502,Deanna Merrill,Puerto Rico,PR,Home Office
15065,Susan Oconnor,Puerto Rico,PR,Home Office
14367,Charity Caldwell,Puerto Rico,PR,Home Office
8219,Mary Morton,Puerto Rico,PR,Home Office
19116,Audrey Andrews,Puerto Rico,PR,Home Office
16384,Cara Delacruz,Puerto Rico,PR,Home Office
17398,Emma Sharp,Puerto Rico,PR,Home Office
20535,Megan Espinoza,Puerto Rico,PR,Home Office
17487,Constance Bauer,Puerto Rico,PR,Home Office
20750,Naomi Shaw,Puerto Rico,PR,Home Office
20568,Adele Holloway,Puerto Rico,PR,Home Office
2745,Mary Escobar,Puerto Rico,PR,Home Office
20549,Sopoline Sosa,Puerto Rico,PR,Home Office
20581,Zia Hayes,Puerto Rico,PR,Home Office
20742,Melissa Holt,Puerto Rico,PR,Home Office
15309,Karleigh Mercado,Puerto Rico,PR,Home Office
17537,Xandra Davis,Puerto Rico,PR,Home Office
19775,Frances Gordon,Puerto Rico,PR,Home Office
18927,Ria Bryan,Puerto Rico,PR,Home Office
16246,Roanna Hale,Puerto Rico,PR,Home Office
20241,Zoe Lamb,Puerto Rico,PR,Home Office
19802,Calista Callahan,Puerto Rico,PR,Home Office
5342,Willie Flynn,USA,CA,Home Office
5768,Sandra Byrd,Puerto Rico,PR,Consumer
10795,William Smith,Puerto Rico,PR,Home Office
5357,Jean Smith,Puerto Rico,PR,Consumer
244,Mary Hutchinson,USA,CA,Home Office
6869,Mary Smith,USA,NJ,Home Office
7351,Mary Mosley,Puerto Rico,PR,Consumer
7808,Mary Ward,USA,TX,Home Office
536,Elizabeth Smith,Puerto Rico,PR,Consumer
3093,Brian Smith,Puerto Rico,PR,Home Office
6717,Stephen Smith,Puerto Rico,PR,Consumer
3654,Mary Smith,Puerto Rico,PR,Home Office
860,Terry Smith,USA,TX,Home Office
8222,Crystal Smith,Puerto Rico,PR,Consumer
8594,Mary Baker,USA,OH,Home Office
6832,Patricia Smith,USA,MO,Consumer
3507,Mary Mathews,Puerto Rico,PR,Home Office
6112,Peter Smith,USA,CA,Home Office
4075,Amanda Atkins,Puerto Rico,PR,Consumer
8826,Donna Smith,USA,NC,Home Office
2672,Kathryn Jenkins,Puerto Rico,PR,Consumer
4222,William Gonzales,USA,WI,Home Office
2396,Mary Payne,USA,AZ,Corporate
11815,Mary Smith,Puerto Rico,PR,Home Office
9696,Mary Smith,Puerto Rico,PR,Home Office
14203,Jolene Bass,Puerto Rico,PR,Home Office
14412,Yetta Knapp,Puerto Rico,PR,Home Office
14146,Ariana Preston,Puerto Rico,PR,Home Office
14254,Nayda Kidd,Puerto Rico,PR,Home Office
13069,Harriet Haney,Puerto Rico,PR,Home Office
13050,Lael Dale,Puerto Rico,PR,Home Office
13427,Lacey Howell,Puerto Rico,PR,Home Office
14175,Lenore Lindsay,Puerto Rico,PR,Home Office
14336,Amity Hampton,Puerto Rico,PR,Home Office
14173,Claire Hernandez,Puerto Rico,PR,Home Office
13459,Leigh David,Puerto Rico,PR,Home Office
14063,Summer Grimes,Puerto Rico,PR,Home Office
13224,Hedda Mullins,Puerto Rico,PR,Home Office
13170,Hanae Avila,Puerto Rico,PR,Home Office
14260,Dacey Morton,Puerto Rico,PR,Home Office
14543,Mara Ford,Puerto Rico,PR,Home Office
14596,Sydnee Padilla,Puerto Rico,PR,Home Office
14734,Deborah Rodgers,Puerto Rico,PR,Home Office
14715,Cassady Baker,Puerto Rico,PR,Home Office
13984,Lael Blackburn,Puerto Rico,PR,Home Office
13658,Blair Mcfadden,Puerto Rico,PR,Home Office
9794,Jeffrey Smith,Puerto Rico,PR,Home Office
13599,Ruth Delaney,Puerto Rico,PR,Home Office
14797,Virginia Schmidt,Puerto Rico,PR,Home Office
13652,Chiquita Levine,Puerto Rico,PR,Home Office
13773,Yvonne Cole,Puerto Rico,PR,Home Office
13755,Lani Wiley,Puerto Rico,PR,Home Office
14007,Justina Bolton,Puerto Rico,PR,Home Office
5188,Margaret Grant,Puerto Rico,PR,Home Office
12733,Blair Woods,Puerto Rico,PR,Home Office
12674,Ariana Larsen,Puerto Rico,PR,Home Office
12526,Rhoda Stephenson,Puerto Rico,PR,Home Office
12937,Cleo Joseph,Puerto Rico,PR,Home Office
12879,Sopoline Mcneil,Puerto Rico,PR,Home Office
15133,Lilah Schneider,Puerto Rico,PR,Home Office
14637,Myra Barron,Puerto Rico,PR,Home Office
14402,Maryam Baker,Puerto Rico,PR,Home Office
13693,Ciara Sullivan,Puerto Rico,PR,Home Office
8828,Mary Baxter,Puerto Rico,PR,Home Office
18190,Eden White,Puerto Rico,PR,Home Office
18257,Carolyn Dean,Puerto Rico,PR,Home Office
18182,Paloma Bentley,Puerto Rico,PR,Home Office
18177,Fiona Ashley,Puerto Rico,PR,Home Office
16574,Florence Ramos,Puerto Rico,PR,Home Office
16520,Ocean Bond,Puerto Rico,PR,Home Office
16518,Sara Gray,Puerto Rico,PR,Home Office
16423,Sarah Schneider,Puerto Rico,PR,Home Office
19041,Courtney Tran,Puerto Rico,PR,Home Office
16615,Idona Hardin,Puerto Rico,PR,Home Office
19108,Jenna Roman,Puerto Rico,PR,Home Office
15896,Noel Dalton,Puerto Rico,PR,Home Office
18801,Raven Cooper,Puerto Rico,PR,Home Office
15724,Jaquelyn Sharp,Puerto Rico,PR,Home Office
15900,Wynter Pollard,Puerto Rico,PR,Home Office
15846,Kitra Horton,Puerto Rico,PR,Home Office
20608,Macy Small,Puerto Rico,PR,Home Office
20499,Jade Jarvis,Puerto Rico,PR,Home Office
20660,Sybill Meyers,Puerto Rico,PR,Home Office
18423,Deanna Cunningham,Puerto Rico,PR,Home Office
20658,Jennifer Ramos,Puerto Rico,PR,Home Office
17733,Mollie Keith,Puerto Rico,PR,Home Office
18384,Dora Welch,Puerto Rico,PR,Home Office
17409,Felicia Ware,Puerto Rico,PR,Home Office
20384,Danielle Jones,Puerto Rico,PR,Home Office
5961,Kevin Ruiz,Puerto Rico,PR,Home Office
18504,Tatiana Hines,Puerto Rico,PR,Home Office
20738,Cathleen Kaufman,Puerto Rico,PR,Home Office
20503,Imani Vargas,Puerto Rico,PR,Home Office
18321,Erica Conway,Puerto Rico,PR,Home Office
15987,Constance Pate,Puerto Rico,PR,Home Office
20429,Evelyn Mccoy,Puerto Rico,PR,Home Office
18662,Lacy Ashley,Puerto Rico,PR,Home Office
15312,Ariel Ayers,Puerto Rico,PR,Home Office
17608,Macy Wilkins,Puerto Rico,PR,Home Office
19002,Deanna West,Puerto Rico,PR,Home Office
17046,Rhonda Campbell,Puerto Rico,PR,Home Office
16205,Jorden Hancock,Puerto Rico,PR,Home Office
19845,Deanna Ballard,Puerto Rico,PR,Home Office
16186,Azalia Berg,Puerto Rico,PR,Home Office
15157,Mona Ruiz,Puerto Rico,PR,Home Office
16237,Germaine Owen,Puerto Rico,PR,Home Office
20292,Jamalia Moody,Puerto Rico,PR,Home Office
16183,Rhoda Mason,Puerto Rico,PR,Home Office
17185,Beverly Doyle,Puerto Rico,PR,Home Office
17149,Courtney Riddle,Puerto Rico,PR,Home Office
19840,Cherokee Mejia,Puerto Rico,PR,Home Office
16181,Helen Leonard,Puerto Rico,PR,Home Office
16127,Ora Frederick,Puerto Rico,PR,Home Office
18976,Quyn Ashley,Puerto Rico,PR,Home Office
19911,Shay Wiley,Puerto Rico,PR,Home Office
16143,Carla Rogers,Puerto Rico,PR,Home Office
17865,Maggie Rivas,Puerto Rico,PR,Home Office
18921,Rhiannon Myers,Puerto Rico,PR,Home Office
20143,Katelyn Sweet,Puerto Rico,PR,Home Office
19981,Shafira Summers,Puerto Rico,PR,Home Office
17145,Vera Suarez,Puerto Rico,PR,Home Office
17215,Martena Strickland,Puerto Rico,PR,Home Office
19924,Idola Page,Puerto Rico,PR,Home Office
19870,Morgan Arnold,Puerto Rico,PR,Home Office
17070,Amy Dawson,Puerto Rico,PR,Home Office
17196,Jolene Barber,Puerto Rico,PR,Home Office
18970,Scarlett Duran,Puerto Rico,PR,Home Office
17141,Melanie Lamb,Puerto Rico,PR,Home Office
18950,Blaine Daniels,Puerto Rico,PR,Home Office
17139,Ariana Buck,Puerto Rico,PR,Home Office
16369,Anastasia Vance,Puerto Rico,PR,Home Office
16207,Brittany Moody,Puerto Rico,PR,Home Office
19974,Anastasia Branch,Puerto Rico,PR,Home Office
18931,Joelle Castro,Puerto Rico,PR,Home Office
19171,Jaquelyn Mcdowell,Puerto Rico,PR,Home Office
19077,Ainsley Mccarthy,Puerto Rico,PR,Home Office
18777,Mechelle Foster,Puerto Rico,PR,Home Office
18508,Jay Sampson,Puerto Rico,PR,Home Office
20522,Irma Miles,Puerto Rico,PR,Home Office
17292,Jamalia Whitehead,Puerto Rico,PR,Home Office
826,Mary Delacruz,Puerto Rico,PR,Home Office
17618,Farrah Rocha,Puerto Rico,PR,Home Office
19847,Ivory Cervantes,Puerto Rico,PR,Home Office
16311,Ivory Blair,Puerto Rico,PR,Home Office
17058,Hadassah Crawford,Puerto Rico,PR,Home Office
17770,Katell Fischer,Puerto Rico,PR,Home Office
19868,Darrel Durham,Puerto Rico,PR,Home Office
18913,Kai Robinson,Puerto Rico,PR,Home Office
17066,Venus Perez,Puerto Rico,PR,Home Office
8318,Bryan Smith,Puerto Rico,PR,Home Office
955,Mary Marks,Puerto Rico,PR,Home Office
4616,George Smith,Puerto Rico,PR,Home Office
14444,Kellie Guzman,Puerto Rico,PR,Home Office
13735,Joelle Kaufman,Puerto Rico,PR,Home Office
13590,Eve Camacho,Puerto Rico,PR,Home Office
13551,Kevyn Nunez,Puerto Rico,PR,Home Office
13544,Frances Santana,Puerto Rico,PR,Home Office
15771,Clio Stokes,Puerto Rico,PR,Home Office
15694,Margaret Gilmore,Puerto Rico,PR,Home Office
18314,Bryar Hall,Puerto Rico,PR,Home Office
20494,Rachel Norman,Puerto Rico,PR,Home Office
18889,Imogene Velazquez,Puerto Rico,PR,Home Office
17481,Simone Hayes,Puerto Rico,PR,Home Office
18417,Catherine Jacobson,Puerto Rico,PR,Home Office
15919,Ivory Glenn,Puerto Rico,PR,Home Office
20541,Ainsley Carpenter,Puerto Rico,PR,Home Office
17402,Cleo Villarreal,Puerto Rico,PR,Home Office
20501,Roanna Whitfield,Puerto Rico,PR,Home Office
20063,Aileen Vincent,Puerto Rico,PR,Home Office
19013,Linda Baxter,Puerto Rico,PR,Home Office
19904,Denise Morse,Puerto Rico,PR,Home Office
13058,Bree Kent,Puerto Rico,PR,Home Office
14474,Illana Tillman,Puerto Rico,PR,Home Office
12672,Rina Joyner,Puerto Rico,PR,Home Office
16554,Kitra Cantu,Puerto Rico,PR,Home Office
17451,Constance Raymond,Puerto Rico,PR,Home Office
17659,Riley Parker,Puerto Rico,PR,Home Office
11940,Richard Reese,Puerto Rico,PR,Consumer
6749,Mary Brooks,USA,WI,Home Office
4131,Mary Butler,Puerto Rico,PR,Consumer
665,Mary Smith,Puerto Rico,PR,Consumer
7311,John Smith,Puerto Rico,PR,Consumer
402,Mary Brooks,Puerto Rico,PR,Consumer
10209,Mary Smith,USA,NY,Home Office
6207,Daniel Smith,USA,TX,Consumer
12181,Barbara Jordan,Puerto Rico,PR,Consumer
3312,Jane Smith,USA,NY,Consumer
7155,Richard Thompson,USA,MA,Home Office
7818,Matthew Ellis,Puerto Rico,PR,Consumer
7184,Mary Lewis,Puerto Rico,PR,Consumer
18576,Sacha Bond,Puerto Rico,PR,Consumer
15213,Renee Chase,Puerto Rico,PR,Consumer
18593,Stella Graham,Puerto Rico,PR,Consumer
16259,Fiona Noel,Puerto Rico,PR,Consumer
15284,Quon Sweet,Puerto Rico,PR,Consumer
19827,Zoe Good,Puerto Rico,PR,Consumer
18609,Florence Delacruz,Puerto Rico,PR,Consumer
20276,Xyla Hughes,Puerto Rico,PR,Consumer
17852,Asley Foley,Puerto Rico,PR,Consumer
20310,Mechelle Morales,Puerto Rico,PR,Consumer
19896,Harriet Salinas,Puerto Rico,PR,Consumer
20328,Jayme Holmes,Puerto Rico,PR,Consumer
20004,Tatiana Joseph,Puerto Rico,PR,Consumer
17220,Hedy Hensley,Puerto Rico,PR,Consumer
20037,India Lester,Puerto Rico,PR,Consumer
17038,Charissa Sears,Puerto Rico,PR,Consumer
17254,Lilah Perkins,Puerto Rico,PR,Consumer
18621,Nadine Callahan,Puerto Rico,PR,Consumer
17811,Ivory James,Puerto Rico,PR,Consumer
17846,Noel Henry,Puerto Rico,PR,Consumer
17108,Carissa Nichols,Puerto Rico,PR,Consumer
17162,Bell Kim,Puerto Rico,PR,Consumer
17881,Abra Blankenship,Puerto Rico,PR,Consumer
20214,Olga Klein,Puerto Rico,PR,Consumer
18546,Hanna Kim,Puerto Rico,PR,Consumer
18990,Martina Holmes,Puerto Rico,PR,Consumer
20266,Kelly Hardin,Puerto Rico,PR,Consumer
20248,Jane Perry,Puerto Rico,PR,Consumer
20194,Margaret Chandler,Puerto Rico,PR,Consumer
17789,Dominique Valencia,Puerto Rico,PR,Consumer
17052,Julie Oneal,Puerto Rico,PR,Consumer
19024,Shannon Davenport,Puerto Rico,PR,Consumer
20013,Stella Moss,Puerto Rico,PR,Consumer
16155,Whitney Terry,Puerto Rico,PR,Consumer
15163,Cheyenne Bray,Puerto Rico,PR,Consumer
19022,Avye Kane,Puerto Rico,PR,Consumer
20191,Kirsten Nunez,Puerto Rico,PR,Consumer
20065,Rosalyn Gibbs,Puerto Rico,PR,Consumer
19777,Carissa Gray,Puerto Rico,PR,Consumer
17085,Mikayla Frazier,Puerto Rico,PR,Consumer
17821,Nita Boone,Puerto Rico,PR,Consumer
5101,Mary Ball,Puerto Rico,PR,Consumer
135,Mary Smith,Puerto Rico,PR,Consumer
7325,Mary Smith,Puerto Rico,PR,Consumer
2331,Mary Smith,Puerto Rico,PR,Consumer
5141,Marie Smith,Puerto Rico,PR,Consumer
7691,Samuel Sanchez,Puerto Rico,PR,Consumer
6128,Mary Larsen,Puerto Rico,PR,Consumer
12987,Kimberly Harmon,Puerto Rico,PR,Consumer
4895,Edward Spencer,Puerto Rico,PR,Consumer
13147,Illana Ortega,Puerto Rico,PR,Consumer
13093,Blossom Buckner,Puerto Rico,PR,Consumer
12984,Nichole Guzman,Puerto Rico,PR,Consumer
14482,Naida Salas,Puerto Rico,PR,Consumer
13285,Naomi Stafford,Puerto Rico,PR,Consumer
12997,Martina Spears,Puerto Rico,PR,Consumer
13463,Adara Lindsay,Puerto Rico,PR,Consumer
12793,Felicia Butler,Puerto Rico,PR,Consumer
13977,Lillian Harrell,Puerto Rico,PR,Consumer
11944,Tammy Ferguson,Puerto Rico,PR,Consumer
12641,Rinah Gilbert,Puerto Rico,PR,Consumer
12479,Lillith Barber,Puerto Rico,PR,Consumer
13291,Cherokee Daniels,Puerto Rico,PR,Consumer
14069,Hiroko Ferguson,Puerto Rico,PR,Consumer
14140,Farrah Reid,Puerto Rico,PR,Consumer
13121,Aimee Britt,Puerto Rico,PR,Consumer
9330,Mary Conley,Puerto Rico,PR,Consumer
14035,Gwendolyn Zimmerman,Puerto Rico,PR,Consumer
13738,Yuri Terrell,Puerto Rico,PR,Consumer
14917,Quincy Reed,Puerto Rico,PR,Consumer
12921,Carolyn Preston,Puerto Rico,PR,Consumer
12918,Chloe Robbins,Puerto Rico,PR,Consumer
13509,Isabella Mccoy,Puerto Rico,PR,Consumer
13344,Deanna Gutierrez,Puerto Rico,PR,Consumer
14191,Faith Haley,Puerto Rico,PR,Consumer
14963,Alexis Head,Puerto Rico,PR,Consumer
8022,Jessica Smith,Puerto Rico,PR,Consumer
18166,Eleanor Phelps,Puerto Rico,PR,Consumer
18355,Olga Bell,Puerto Rico,PR,Consumer
17959,Reagan Whitehead,Puerto Rico,PR,Consumer
18307,Darrel Compton,Puerto Rico,PR,Consumer
18502,Aspen Langley,Puerto Rico,PR,Consumer
17886,May Paul,Puerto Rico,PR,Consumer
15189,Lydia Reyes,Puerto Rico,PR,Consumer
19114,Gretchen Forbes,Puerto Rico,PR,Consumer
19164,Michelle Holder,Puerto Rico,PR,Consumer
15916,Dacey Bradley,Puerto Rico,PR,Consumer
17738,Cathleen Alexander,Puerto Rico,PR,Consumer
7341,Jennifer Bennett,Puerto Rico,PR,Consumer
15354,Imogene Berg,Puerto Rico,PR,Consumer
20045,Madison Hopkins,Puerto Rico,PR,Consumer
16169,Gay Boyd,Puerto Rico,PR,Consumer
18999,Martina Pollard,Puerto Rico,PR,Consumer
18905,Rhonda Edwards,Puerto Rico,PR,Consumer
15683,Xyla Ruiz,Puerto Rico,PR,Consumer
15826,Anika Oneil,Puerto Rico,PR,Consumer
15892,Patience Martin,Puerto Rico,PR,Consumer
18853,Jaime Robbins,Puerto Rico,PR,Consumer
15759,Nayda Francis,Puerto Rico,PR,Consumer
15962,Martina Brennan,Puerto Rico,PR,Consumer
18328,Dakota Quinn,Puerto Rico,PR,Consumer
18884,Rana Robinson,Puerto Rico,PR,Consumer
20701,Sybil Ballard,Puerto Rico,PR,Consumer
19017,Shafira Gilliam,Puerto Rico,PR,Consumer
16252,Lee Glass,Puerto Rico,PR,Consumer
16212,Brianna Sanders,Puerto Rico,PR,Consumer
18635,Regina Hunter,Puerto Rico,PR,Consumer
17843,Shelley Reed,Puerto Rico,PR,Consumer
20083,Selma Shields,Puerto Rico,PR,Consumer
19956,Hope Haynes,Puerto Rico,PR,Consumer
15685,Beverly Solomon,Puerto Rico,PR,Consumer
17303,Aiko Valencia,Puerto Rico,PR,Consumer
16192,Cynthia Hart,Puerto Rico,PR,Consumer
14579,Genevieve Slater,Puerto Rico,PR,Consumer
14551,Yael Ryan,Puerto Rico,PR,Consumer
13787,Candice Copeland,Puerto Rico,PR,Consumer
14694,Charlotte Huff,Puerto Rico,PR,Consumer
14564,Aubrey Edwards,Puerto Rico,PR,Consumer
13786,Dawn Beard,Puerto Rico,PR,Consumer
12541,Desiree Mccormick,Puerto Rico,PR,Consumer
12538,Kalia Salas,Puerto Rico,PR,Consumer
12844,Blythe Beasley,Puerto Rico,PR,Consumer
12897,Beatrice Curtis,Puerto Rico,PR,Consumer
15754,Lilah Robbins,Puerto Rico,PR,Consumer
15968,Avye Whitney,Puerto Rico,PR,Consumer
17263,Heather Myers,Puerto Rico,PR,Consumer
17055,Minerva Dawson,Puerto Rico,PR,Consumer
16231,Lee Castaneda,Puerto Rico,PR,Consumer
18226,Giselle Carson,Puerto Rico,PR,Consumer
19067,Sophia Douglas,Puerto Rico,PR,Consumer
16562,Sara Kim,Puerto Rico,PR,Consumer
18844,Karleigh Compton,Puerto Rico,PR,Consumer
18806,Karyn Baker,Puerto Rico,PR,Consumer
18860,Isabelle Carson,Puerto Rico,PR,Consumer
17453,Orli Nixon,Puerto Rico,PR,Consumer
17313,Hope Hubbard,Puerto Rico,PR,Consumer
15442,Skyler Rose,Puerto Rico,PR,Consumer
15450,Bo Hansen,Puerto Rico,PR,Consumer
17831,Deirdre Patterson,Puerto Rico,PR,Consumer
18993,Aubrey Little,Puerto Rico,PR,Consumer
20103,Yetta Watts,Puerto Rico,PR,Consumer
15926,Joan Witt,Puerto Rico,PR,Consumer
16080,Caryn Bowers,Puerto Rico,PR,Consumer
5160,Steven White,Puerto Rico,PR,Consumer
14447,Ciara Benjamin,Puerto Rico,PR,Consumer
14588,Zia Guthrie,Puerto Rico,PR,Consumer
14476,Rhoda Byrd,Puerto Rico,PR,Consumer
13188,Karina Walsh,Puerto Rico,PR,Consumer
14723,Maggy Barrett,Puerto Rico,PR,Consumer
14450,Kimberley Rodriguez,Puerto Rico,PR,Consumer
12967,Roary Howard,Puerto Rico,PR,Consumer
14555,Deanna Fletcher,Puerto Rico,PR,Consumer
13158,Kirestin Delacruz,Puerto Rico,PR,Consumer
13140,Priscilla Lowery,Puerto Rico,PR,Consumer
13408,Idona Poole,Puerto Rico,PR,Consumer
12762,Brynne Reynolds,Puerto Rico,PR,Consumer
13823,Yen Hudson,Puerto Rico,PR,Consumer
14838,Deirdre Gilliam,Puerto Rico,PR,Consumer
13549,Melyssa Sears,Puerto Rico,PR,Consumer
13868,Pamela Avery,Puerto Rico,PR,Consumer
15034,Dominique Nash,Puerto Rico,PR,Consumer
12904,Lilah Rosa,Puerto Rico,PR,Consumer
15098,Iola Workman,Puerto Rico,PR,Consumer
15096,Sonia Wooten,Puerto Rico,PR,Consumer
13091,Kylie Garner,Puerto Rico,PR,Consumer
14669,Brenna Kelly,Puerto Rico,PR,Consumer
12704,Portia Collier,Puerto Rico,PR,Consumer
12630,Josephine Holt,Puerto Rico,PR,Consumer
12543,Jayme Howe,Puerto Rico,PR,Consumer
13518,Ramona Castaneda,Puerto Rico,PR,Consumer
14767,Alisa Ferguson,Puerto Rico,PR,Consumer
5703,Mary Chang,Puerto Rico,PR,Consumer
5649,Mary Nguyen,Puerto Rico,PR,Consumer
322,Barbara Kemp,Puerto Rico,PR,Consumer
7433,Gregory Sutton,Puerto Rico,PR,Consumer
18700,Chastity Hancock,Puerto Rico,PR,Consumer
18983,Quail Lopez,Puerto Rico,PR,Consumer
19833,Petra Weeks,Puerto Rico,PR,Consumer
18157,Mona Burke,Puerto Rico,PR,Consumer
16550,Eden Herring,Puerto Rico,PR,Consumer
18770,Tatum Pugh,Puerto Rico,PR,Consumer
15932,Roary Nash,Puerto Rico,PR,Consumer
10660,Zachary Smith,Puerto Rico,PR,Consumer
20565,Britanni Clements,Puerto Rico,PR,Consumer
17637,Shannon Cherry,Puerto Rico,PR,Consumer
18359,Jenette Estrada,Puerto Rico,PR,Consumer
15663,Margaret Robles,Puerto Rico,PR,Consumer
15572,Jenna Wilcox,Puerto Rico,PR,Consumer
15570,Amy Stevens,Puerto Rico,PR,Consumer
18911,Rowan Vargas,Puerto Rico,PR,Consumer
19950,Marny Horne,Puerto Rico,PR,Consumer
19834,Josephine Harding,Puerto Rico,PR,Consumer
19960,Leigh Lambert,Puerto Rico,PR,Consumer
15803,Aiko Wooten,Puerto Rico,PR,Consumer
20680,Adrienne Waller,Puerto Rico,PR,Consumer
17361,Ria Gilmore,Puerto Rico,PR,Consumer
20386,Carolyn Burch,Puerto Rico,PR,Consumer
16043,Rachel Mckee,Puerto Rico,PR,Consumer
15541,Ainsley Blake,Puerto Rico,PR,Consumer
16346,Noel Wood,Puerto Rico,PR,Consumer
15154,Mari Clemons,Puerto Rico,PR,Consumer
20272,Farrah Holmes,Puerto Rico,PR,Consumer
19945,Dorothy Flynn,Puerto Rico,PR,Consumer
17213,Xaviera Hines,Puerto Rico,PR,Consumer
15739,Lareina Kelley,Puerto Rico,PR,Consumer
15551,Cleo Rodriquez,Puerto Rico,PR,Consumer
20174,Blossom Simon,Puerto Rico,PR,Consumer
6097,Heather Smith,Puerto Rico,PR,Consumer
12386,Ruth Mccarthy,Puerto Rico,PR,Consumer
13397,Fallon Hudson,Puerto Rico,PR,Consumer
13152,Lacota Rosales,Puerto Rico,PR,Consumer
13800,Imelda Velez,Puerto Rico,PR,Consumer
14706,Zorita Frost,Puerto Rico,PR,Consumer
12547,Lynn Chambers,Puerto Rico,PR,Consumer
14311,Lenore Hewitt,Puerto Rico,PR,Consumer
13255,Brianna Fowler,Puerto Rico,PR,Consumer
14425,Karina Burgess,Puerto Rico,PR,Consumer
14423,Dacey Leach,Puerto Rico,PR,Consumer
13282,Jacqueline Black,Puerto Rico,PR,Consumer
13156,Kirsten Wilcox,Puerto Rico,PR,Consumer
13007,Mechelle Garner,Puerto Rico,PR,Consumer
13861,Imogene Jimenez,Puerto Rico,PR,Consumer
14897,Lois Peterson,Puerto Rico,PR,Consumer
13878,Ariel Forbes,Puerto Rico,PR,Consumer
14804,Petra Callahan,Puerto Rico,PR,Consumer
13803,Jane Terry,Puerto Rico,PR,Consumer
7689,Mary Heath,Puerto Rico,PR,Consumer
12808,Petra Stewart,Puerto Rico,PR,Consumer
14921,Marny Duke,Puerto Rico,PR,Consumer
13974,Deanna Mcfadden,Puerto Rico,PR,Consumer
14027,Carolyn Carter,Puerto Rico,PR,Consumer
14883,Beatrice Fischer,Puerto Rico,PR,Consumer
13917,Nell Mckay,Puerto Rico,PR,Consumer
14826,Isabella Clemons,Puerto Rico,PR,Consumer
6519,Mary Myers,Puerto Rico,PR,Consumer
12664,Jolene Rosales,Puerto Rico,PR,Consumer
12644,Bertha Branch,Puerto Rico,PR,Consumer
12715,Suki Riley,Puerto Rico,PR,Consumer
12886,Karly Jones,Puerto Rico,PR,Consumer
14954,Leigh Trevino,Puerto Rico,PR,Consumer
14952,Evangeline Best,Puerto Rico,PR,Consumer
14130,Roary Monroe,Puerto Rico,PR,Consumer
13452,Oprah Weiss,Puerto Rico,PR,Consumer
13308,Bertha Hodge,Puerto Rico,PR,Consumer
14127,Sheila Brady,Puerto Rico,PR,Consumer
13487,Evangeline May,Puerto Rico,PR,Consumer
13449,Marny Roy,Puerto Rico,PR,Consumer
14408,Cally Haley,Puerto Rico,PR,Consumer
13322,Inga Stein,Puerto Rico,PR,Consumer
13303,Katell Scott,Puerto Rico,PR,Consumer
14658,Zephr Villarreal,Puerto Rico,PR,Consumer
13357,Anika Dyer,Puerto Rico,PR,Consumer
14123,Ivana Buckley,Puerto Rico,PR,Consumer
13500,Leslie Lane,Puerto Rico,PR,Consumer
14104,Fiona Bush,Puerto Rico,PR,Consumer
14283,Xyla Curtis,Puerto Rico,PR,Consumer
13103,Adele Velez,Puerto Rico,PR,Consumer
14372,Myra Mccall,Puerto Rico,PR,Consumer
13154,Farrah French,Puerto Rico,PR,Consumer
14454,Germane Sullivan,Puerto Rico,PR,Consumer
14452,Cassandra Hughes,Puerto Rico,PR,Consumer
14060,Galena Medina,Puerto Rico,PR,Consumer
13915,Noelle Kinney,Puerto Rico,PR,Consumer
13698,Cheyenne Hoover,Puerto Rico,PR,Consumer
12797,Maya Noel,Puerto Rico,PR,Consumer
14750,Kaitlin Guerra,Puerto Rico,PR,Consumer
13728,Petra Frank,Puerto Rico,PR,Consumer
14871,Martha Chase,Puerto Rico,PR,Consumer
14869,Fallon Mcmillan,Puerto Rico,PR,Consumer
14011,Tatiana Huber,Puerto Rico,PR,Consumer
14867,Harriet Joseph,Puerto Rico,PR,Consumer
12802,Tallulah Tyler,Puerto Rico,PR,Consumer
13900,Avye Weeks,Puerto Rico,PR,Consumer
12799,Pearl Mercado,Puerto Rico,PR,Consumer
13952,Tashya Lamb,Puerto Rico,PR,Consumer
14754,Jacqueline Knox,Puerto Rico,PR,Consumer
12449,Ruth Acosta,Puerto Rico,PR,Consumer
12519,Signe Wong,Puerto Rico,PR,Consumer
12643,Carissa Wheeler,Puerto Rico,PR,Consumer
12455,Leigh Velez,Puerto Rico,PR,Consumer
12868,Rhonda Carey,Puerto Rico,PR,Consumer
15122,Alma Deleon,Puerto Rico,PR,Consumer
14977,Mara Holder,Puerto Rico,PR,Consumer
15043,Yuri Shannon,Puerto Rico,PR,Consumer
15131,Danielle Flowers,Puerto Rico,PR,Consumer
12836,Kylie Dean,Puerto Rico,PR,Consumer
15072,Carolyn Michael,Puerto Rico,PR,Consumer
12834,Orli Mclean,Puerto Rico,PR,Consumer
13417,Rowan Adams,Puerto Rico,PR,Consumer
14073,Venus Carson,Puerto Rico,PR,Consumer
13375,Gail Cherry,Puerto Rico,PR,Consumer
14120,Maryam Hamilton,Puerto Rico,PR,Consumer
14858,Caryn Prince,Puerto Rico,PR,Consumer
14851,Kathleen Ayers,Puerto Rico,PR,Consumer
14760,Chava Kidd,Puerto Rico,PR,Consumer
13579,Selma Curry,Puerto Rico,PR,Consumer
13847,Adele Mayer,Puerto Rico,PR,Consumer
14756,Jayme Long,Puerto Rico,PR,Consumer
14937,Ivy Guerrero,Puerto Rico,PR,Consumer
14985,Quyn Baxter,Puerto Rico,PR,Consumer
12888,Breanna Guerrero,Puerto Rico,PR,Consumer
593,Juan Ashley,Puerto Rico,PR,Consumer
5380,Mary Cole,Puerto Rico,PR,Consumer
10714,Samuel Smith,Puerto Rico,PR,Consumer
2273,Jacob Smith,Puerto Rico,PR,Consumer
6712,Olivia Smith,Puerto Rico,PR,Consumer
4385,Mary Smith,Puerto Rico,PR,Consumer
4389,Heather Walker,Puerto Rico,PR,Consumer
18237,Penelope Sykes,Puerto Rico,PR,Consumer
18212,Aphrodite Dean,Puerto Rico,PR,Consumer
18048,Kaye Castro,Puerto Rico,PR,Consumer
15730,Bo Crane,Puerto Rico,PR,Consumer
15910,Taylor Grant,Puerto Rico,PR,Consumer
17642,Leigh Holt,Puerto Rico,PR,Consumer
18467,Deanna Doyle,Puerto Rico,PR,Consumer
15356,Giselle Richard,Puerto Rico,PR,Consumer
18666,Danielle Mullen,Puerto Rico,PR,Consumer
18909,Rosalyn Schultz,Puerto Rico,PR,Consumer
20290,Patience Lamb,Puerto Rico,PR,Consumer
20324,Blossom Olson,Puerto Rico,PR,Consumer
19026,Leilani Witt,Puerto Rico,PR,Consumer
19795,Fiona Byrd,Puerto Rico,PR,Consumer
18119,Shelley Lynn,Puerto Rico,PR,Consumer
18063,Kyra Burns,Puerto Rico,PR,Consumer
18045,Miranda Herman,Puerto Rico,PR,Consumer
18197,Carolyn Dyer,Puerto Rico,PR,Consumer
16394,Kay Pruitt,Puerto Rico,PR,Consumer
16528,Rhoda Kline,Puerto Rico,PR,Consumer
15790,Patience Velazquez,Puerto Rico,PR,Consumer
18804,Maile Steele,Puerto Rico,PR,Consumer
15691,Kirsten Mcfadden,Puerto Rico,PR,Consumer
18739,Veronica Hatfield,Puerto Rico,PR,Consumer
16076,Deborah Kim,Puerto Rico,PR,Consumer
17291,Reagan Peterson,Puerto Rico,PR,Consumer
20695,Ivory Blanchard,Puerto Rico,PR,Consumer
20605,Priscilla Eaton,Puerto Rico,PR,Consumer
16090,Evelyn Odom,Puerto Rico,PR,Consumer
20640,Ainsley Le,Puerto Rico,PR,Consumer
18875,Adele Dejesus,Puerto Rico,PR,Consumer
20603,Constance Hood,Puerto Rico,PR,Consumer
18475,Yoshi Lee,Puerto Rico,PR,Consumer
17447,Germane Stevenson,Puerto Rico,PR,Consumer
17371,Linda Cooper,Puerto Rico,PR,Consumer
18469,Kelsey Hudson,Puerto Rico,PR,Consumer
18376,Rowan Schroeder,Puerto Rico,PR,Consumer
18339,Kylynn Simpson,Puerto Rico,PR,Consumer
18017,Shelby Wade,Puerto Rico,PR,Consumer
17926,Mechelle Caldwell,Puerto Rico,PR,Consumer
18664,Sonya Owens,Puerto Rico,PR,Consumer
15376,Rowan Morin,Puerto Rico,PR,Consumer
18735,Joelle Emerson,Puerto Rico,PR,Consumer
15320,Shaeleigh Fox,Puerto Rico,PR,Consumer
15298,Shoshana Cleveland,Puerto Rico,PR,Consumer
15657,Jena Todd,Puerto Rico,PR,Consumer
15495,Amena Maxwell,Puerto Rico,PR,Consumer
15543,Leila Long,Puerto Rico,PR,Consumer
18668,Lilah Hale,Puerto Rico,PR,Consumer
15415,Blaine York,Puerto Rico,PR,Consumer
15343,Beatrice Kennedy,Puerto Rico,PR,Consumer
17548,Deanna Hoover,Puerto Rico,PR,Consumer
20314,Heather Jennings,Puerto Rico,PR,Consumer
16293,Chantale Higgins,Puerto Rico,PR,Consumer
17224,Jaquelyn Olson,Puerto Rico,PR,Consumer
17834,Morgan Haynes,Puerto Rico,PR,Consumer
19878,Sydney Shields,Puerto Rico,PR,Consumer
20256,Charissa Cooley,Puerto Rico,PR,Consumer
17222,Hope Hoffman,Puerto Rico,PR,Consumer
16308,Yvette Mack,Puerto Rico,PR,Consumer
19769,Mollie Bailey,Puerto Rico,PR,Consumer
20326,Anika Landry,Puerto Rico,PR,Consumer
19894,Ginger Alvarez,Puerto Rico,PR,Consumer
20020,Carolyn Baker,Puerto Rico,PR,Consumer
16270,Katell Marsh,Puerto Rico,PR,Consumer
17794,Cheryl Mckinney,Puerto Rico,PR,Consumer
20361,Ria Kerr,Puerto Rico,PR,Consumer
20270,Leigh Herrera,Puerto Rico,PR,Consumer
19028,Hedy Roy,Puerto Rico,PR,Consumer
16195,Ivory Nichols,Puerto Rico,PR,Consumer
16159,Riley Barber,Puerto Rico,PR,Consumer
20159,Mikayla Bradford,Puerto Rico,PR,Consumer
18600,Susan Hancock,Puerto Rico,PR,Consumer
15274,Quyn Briggs,Puerto Rico,PR,Consumer
20015,Justina Hartman,Puerto Rico,PR,Consumer
17088,Ria Stark,Puerto Rico,PR,Consumer
19887,Caryn Cohen,Puerto Rico,PR,Consumer
16263,Kelsie Mcfadden,Puerto Rico,PR,Consumer
20120,Sheila Levy,Puerto Rico,PR,Consumer
18897,Vivien Preston,Puerto Rico,PR,Consumer
20209,Indira Noble,Puerto Rico,PR,Consumer
18209,Kylynn Weaver,Puerto Rico,PR,Consumer
18204,Veronica Lowery,Puerto Rico,PR,Consumer
18075,Faith Page,Puerto Rico,PR,Consumer
16430,Pascale Mayo,Puerto Rico,PR,Consumer
19231,Madeson Sheppard,Puerto Rico,PR,Consumer
19227,Kirsten Frederick,Puerto Rico,PR,Consumer
19260,Jaquelyn Cameron,Puerto Rico,PR,Consumer
16584,Zelda Espinoza,Puerto Rico,PR,Consumer
19234,Blair Holder,Puerto Rico,PR,Consumer
15898,Emma Knapp,Puerto Rico,PR,Consumer
15750,Yoko Chaney,Puerto Rico,PR,Consumer
18814,Dawn Howard,Puerto Rico,PR,Consumer
18516,Katell Guerrero,Puerto Rico,PR,Consumer
17272,Farrah Osborne,Puerto Rico,PR,Consumer
17469,Rhoda Patterson,Puerto Rico,PR,Consumer
18371,Ariel Pratt,Puerto Rico,PR,Consumer
18351,Martina Alexander,Puerto Rico,PR,Consumer
20530,Sydnee Hughes,Puerto Rico,PR,Consumer
20404,Jennifer Houston,Puerto Rico,PR,Consumer
20656,Cally Fuller,Puerto Rico,PR,Consumer
20745,Maggie Mullins,Puerto Rico,PR,Consumer
20528,Tatiana Mckenzie,Puerto Rico,PR,Consumer
20654,Ann Sweeney,Puerto Rico,PR,Consumer
17694,Cynthia Mcfadden,Puerto Rico,PR,Consumer
18887,Tatiana Jones,Puerto Rico,PR,Consumer
16084,Calista Talley,Puerto Rico,PR,Consumer
17914,Marny Levy,Puerto Rico,PR,Consumer
18290,Nita Keith,Puerto Rico,PR,Consumer
17985,Quyn Padilla,Puerto Rico,PR,Consumer
20434,Lucy Neal,Puerto Rico,PR,Consumer
17727,Deborah Caldwell,Puerto Rico,PR,Consumer
16027,Evangeline Terry,Puerto Rico,PR,Consumer
17475,Naida Henson,Puerto Rico,PR,Consumer
17259,Nayda Flynn,Puerto Rico,PR,Consumer
17456,Irene Wynn,Puerto Rico,PR,Consumer
15989,Giselle Robbins,Puerto Rico,PR,Consumer
16078,Carol Howard,Puerto Rico,PR,Consumer
20753,Chava Velez,Puerto Rico,PR,Consumer
15647,Pandora Weaver,Puerto Rico,PR,Consumer
18718,Jenette Wilson,Puerto Rico,PR,Consumer
15555,Minerva Wolf,Puerto Rico,PR,Consumer
15627,Cassandra Alford,Puerto Rico,PR,Consumer
15605,Mikayla Kiney,Puerto Rico,PR,Consumer
15388,Kaitlin Hancock,Puerto Rico,PR,Consumer
15315,Imani Vaughan,Puerto Rico,PR,Consumer
15382,Ori Castro,Puerto Rico,PR,Consumer
15632,Laurel Gutierrez,Puerto Rico,PR,Consumer
15451,Yvette Rodriquez,Puerto Rico,PR,Consumer
15360,Camille Carney,Puerto Rico,PR,Consumer
17540,Winifred Le,Puerto Rico,PR,Consumer
17568,Adele Sharp,Puerto Rico,PR,Consumer
17604,Shafira Carlson,Puerto Rico,PR,Consumer
16151,Zephr Kennedy,Puerto Rico,PR,Consumer
17190,Maia Lamb,Puerto Rico,PR,Consumer
17765,Remedios Noble,Puerto Rico,PR,Consumer
15176,Zephr Kim,Puerto Rico,PR,Consumer
17099,Phyllis Lloyd,Puerto Rico,PR,Consumer
16167,Illana Barker,Puerto Rico,PR,Consumer
17241,Zoe Valenzuela,Puerto Rico,PR,Consumer
15282,Simone Hendricks,Puerto Rico,PR,Consumer
15246,Jeanette Valdez,Puerto Rico,PR,Consumer
16201,Sybil Mcfadden,Puerto Rico,PR,Consumer
18960,Basia Thompson,Puerto Rico,PR,Consumer
18924,Lois Lucas,Puerto Rico,PR,Consumer
18570,Dominique Stevens,Puerto Rico,PR,Consumer
16376,Beatrice Bird,Puerto Rico,PR,Consumer
19909,Idona Chan,Puerto Rico,PR,Consumer
20268,Cora Mcdaniel,Puerto Rico,PR,Consumer
20340,Hermione Waters,Puerto Rico,PR,Consumer
17252,Kimberly Sampson,Puerto Rico,PR,Consumer
17233,Madonna Lott,Puerto Rico,PR,Consumer
18934,Anjolie Yang,Puerto Rico,PR,Consumer
17231,Kaitlin Hines,Puerto Rico,PR,Consumer
19005,Lillian Coffey,Puerto Rico,PR,Consumer
17158,Karleigh Roberts,Puerto Rico,PR,Consumer
17211,Minerva Delan,Puerto Rico,PR,Consumer
19885,Charity England,Puerto Rico,PR,Consumer
18541,Shellie Blake,Puerto Rico,PR,Consumer
15179,Mariko Vaughn,Puerto Rico,PR,Consumer
18232,Christine Donovan,Puerto Rico,PR,Consumer
18838,Cassandra Kelley,Puerto Rico,PR,Consumer
20642,Leigh Avila,Puerto Rico,PR,Consumer
18369,Kellie Jennings,Puerto Rico,PR,Consumer
17690,Brenna Hamilton,Puerto Rico,PR,Consumer
15409,Lillian Beck,Puerto Rico,PR,Consumer
15636,Jessica Emerson,Puerto Rico,PR,Consumer
17624,Calista Horn,Puerto Rico,PR,Consumer
17620,Lysandra Potter,Puerto Rico,PR,Consumer
17561,Genevieve Webb,Puerto Rico,PR,Consumer
16188,Haviva Mccullough,Puerto Rico,PR,Consumer
15263,Zelda Singleton,Puerto Rico,PR,Consumer
18957,Felicia Foreman,Puerto Rico,PR,Consumer
20161,Piper Quinn,Puerto Rico,PR,Consumer
20106,Rinah Carver,Puerto Rico,PR,Consumer
7494,Rebecca Moore,Puerto Rico,PR,Consumer
832,Mary Carroll,Puerto Rico,PR,Consumer
5258,Mary Hoffman,Puerto Rico,PR,Consumer
1319,Angela Chapman,Puerto Rico,PR,Consumer
668,Phillip Lewis,USA,AZ,Home Office
8783,Eric Ramsey,USA,CA,Home Office
12506,Melinda Mosley,USA,CA,Home Office
12467,Regan Mullins,USA,NM,Home Office
12725,Maia Phillips,USA,NJ,Home Office
12617,Patricia Durham,USA,PA,Home Office
12507,Jena Atkinson,USA,PA,Home Office
12867,Morgan Palmer,USA,OH,Home Office
15049,Jael Cantu,USA,IL,Home Office
12914,Yoshi Cunningham,USA,IL,Home Office
12877,Eliana Hull,USA,NY,Home Office
12925,Dakota Shepherd,USA,OR,Home Office
15053,Rhoda Vaughn,USA,CA,Home Office
14532,Minerva Melton,USA,NY,Home Office
14492,Harriet Fernandez,USA,IL,Home Office
14654,Zenaida Robinson,USA,CA,Home Office
13100,Britanni Rich,USA,MI,Home Office
13333,Josephine Ward,USA,IL,Home Office
14735,Hedda Blackwell,USA,AZ,Home Office
14821,Pascale Randolph,USA,CA,Home Office
13864,Lacota Cooley,USA,KY,Home Office
13898,Irma Hodges,USA,CA,Home Office
12740,Maya Ballard,USA,CT,Home Office
12678,Katelyn Ryan,USA,HI,Home Office
12615,Audrey Preston,USA,CA,Home Office
3588,Sharon Carson,USA,CA,Home Office
10054,Zachary Hunt,USA,IL,Home Office
12395,Mary Smith,USA,UT,Home Office
2280,Mary Smith,USA,OR,Home Office
7592,Mary Smith,USA,MI,Home Office
3777,Mary Smith,USA,CA,Home Office
7264,Mary Baker,USA,CA,Home Office
6091,Alan Hunt,USA,OH,Home Office
8223,Mary Smith,USA,MI,Home Office
11994,Crystal Mills,USA,WI,Home Office
18198,Kylynn Myers,USA,IL,Home Office
18178,Darryl Emerson,USA,CA,Home Office
19251,Martena Kennedy,USA,CA,Home Office
19107,Jolie Avery,USA,CA,Home Office
16575,Faith Craig,USA,CA,Home Office
16521,Eleanor Petty,USA,CA,Home Office
16610,Maggie Kim,USA,CA,Home Office
19172,Jessica Good,USA,IL,Home Office
15751,Shelley Sanders,USA,VA,Home Office
18859,Madeline Drake,USA,TX,Home Office
18803,Vivien Clarke,USA,AZ,Home Office
18802,Mariam Daugherty,USA,NY,Home Office
15800,Demetria Holt,USA,CA,Home Office
15852,Katelyn Weiss,USA,TX,Home Office
15723,Abra Combs,USA,HI,Home Office
1683,Christopher Sloan,USA,TX,Home Office
4287,Stephen Smith,USA,CA,Home Office
20392,Patience Whitehead,USA,CA,Home Office
17363,Chloe Randall,USA,MA,Home Office
17345,Summer Valdez,USA,TX,Home Office
2432,Mary Moyer,USA,NM,Home Office
18368,Lisandra Watkins,USA,MA,Home Office
15963,Zelda Rivas,USA,CA,Home Office
16071,Ocean Mcdowell,USA,CA,Home Office
20620,Lysandra Sheppard,USA,CT,Home Office
18383,Karleigh Lester,USA,MA,Home Office
18310,Margaret Terry,USA,RI,Home Office
20437,Kellie Barker,USA,VA,Home Office
18309,Karleigh Turner,USA,NY,Home Office
20724,Eden Horn,USA,IL,Home Office
17280,Alma Allen,USA,NY,Home Office
16046,Willa Adkins,USA,VA,Home Office
17279,Yvette Powers,USA,CA,Home Office
20668,Xena Sharp,USA,MI,Home Office
20505,Dahlia Frazier,USA,PA,Home Office
20666,Desiree Key,USA,TX,Home Office
17744,Hyacinth Odonnell,USA,CA,Home Office
20630,Myra Hudson,USA,CA,Home Office
17474,Quin Landry,USA,IL,Home Office
20502,Carissa Villarreal,USA,NV,Home Office
17945,Odette Casey,USA,CA,Home Office
18016,Kevyn Alston,USA,IL,Home Office
15557,Leandra Merrill,USA,CA,Home Office
18661,Carol Hart,USA,TX,Home Office
15480,Imogene Valentine,USA,CO,Home Office
15406,Shellie Kemp,USA,TX,Home Office
18712,Fiona Mcneil,USA,PA,Home Office
15313,Madeson Diaz,USA,NJ,Home Office
15385,Sheila Romero,USA,PA,Home Office
15492,Hedy Giles,USA,PA,Home Office
18667,Gisela Stuart,USA,NY,Home Office
9959,Jerry Smith,USA,LA,Home Office
8561,Mary Smith,USA,AZ,Home Office
17539,Fay Velazquez,USA,FL,Home Office
17615,Mary Koch,USA,NY,Home Office
18540,Delilah Mccoy,USA,CA,Home Office
19973,Teegan Waller,USA,CA,Home Office
16187,Charlotte Galloway,USA,NJ,Home Office
19828,Blythe Clemons,USA,CA,Home Office
17100,Iola Duran,USA,WI,Home Office
17764,Mona Dickerson,USA,FL,Home Office
15230,Shana Leonard,USA,CA,Home Office
16095,Stella Morin,USA,PA,Home Office
20203,Libby Mooney,USA,NM,Home Office
17869,Anastasia Drake,USA,GA,Home Office
20003,Kalia Oneill,USA,NC,Home Office
16307,Zia Haley,USA,IL,Home Office
18923,Kaitlin Ferguson,USA,CA,Home Office
16217,Emily Burris,USA,MI,Home Office
18532,Quintessa Cabrera,USA,CA,Home Office
18975,Britanney Payne,USA,OR,Home Office
19982,Kai Golden,USA,CA,Home Office
15205,Madeline Nguyen,USA,HI,Home Office
19910,Victoria Jacobson,USA,TX,Home Office
20252,Kimberly Byers,USA,CA,Home Office
16142,Leigh Nielsen,USA,OH,Home Office
17217,Roanna Kidd,USA,CA,Home Office
20341,Denise Valenzuela,USA,CA,Home Office
19872,Xerxes Leblanc,USA,IL,Home Office
19871,Linda Beach,USA,IL,Home Office
16140,Ainsley Tate,USA,AZ,Home Office
19008,Teegan Perez,USA,CA,Home Office
17197,Karina Patton,USA,CA,Home Office
17771,Chelsea Harmon,USA,CA,Home Office
16283,Evelyn Hendricks,USA,MO,Home Office
17106,Rinah Chan,USA,OH,Home Office
16102,Basia Boyer,USA,NJ,Home Office
20247,Nayda Cline,USA,NM,Home Office
19869,Geraldine Huffman,USA,NJ,Home Office
19923,Blythe Massey,USA,TX,Home Office
15164,Victoria Herring,USA,FL,Home Office
17769,Kitra Sheppard,USA,IL,Home Office
16245,Maggie Cantu,USA,NJ,Home Office
18969,Zenia Cleveland,USA,NV,Home Office
16227,Deborah Abbott,USA,NY,Home Office
17140,Emerald Pickett,USA,CA,Home Office
18968,Paloma Floyd,USA,NM,Home Office
17193,Abra Byrd,USA,TX,Home Office
20208,Christen Nichols,USA,CA,Home Office
16598,Iola Yang,USA,NY,Home Office
15855,Aimee Collier,USA,NY,Home Office
18817,Simone Landry,USA,MO,Home Office
20583,Sydney Solis,USA,CA,Home Office
18382,Ori Holcomb,USA,IL,Home Office
17401,Cally Whitfield,USA,TX,Home Office
15327,Joan Mitchell,USA,CA,Home Office
17617,Lacota Nunez,USA,PA,Home Office
20206,Alexa Chan,USA,FL,Home Office
17873,Idona Johnston,USA,TX,Home Office
17763,Kelsie Cochran,USA,IL,Home Office
17169,Portia Fleming,USA,CA,Home Office
20183,Xyla Douglas,USA,NY,Home Office
17216,Kelsie Glover,USA,CA,Home Office
19907,Lydia Hewitt,USA,CA,Home Office
78,Jeremy Smith,USA,MD,Home Office
12078,Mary Oliver,USA,IL,Home Office
8945,Edward Chang,USA,CA,Home Office
1287,Mary Davis,USA,MA,Home Office
2226,Jonathan Nash,USA,AZ,Home Office
14683,Lacy Burris,USA,TX,Home Office
13219,Gillian Hardy,USA,CO,Home Office
13146,Astra French,USA,WA,Home Office
13272,Germaine Velazquez,USA,MI,Home Office
13290,Cally Fox,USA,TX,Home Office
14497,Mallory Carroll,USA,TN,Home Office
14407,Wynter Mcdaniel,USA,WA,Home Office
13211,Lacy Medina,USA,TX,Home Office
14920,Kim Rivers,USA,NC,Home Office
14043,Quintessa Klein,USA,NJ,Home Office
14845,Faith Duran,USA,IL,Home Office
12465,September Joseph,USA,TX,Home Office
12462,Haley Chen,USA,IL,Home Office
12478,Jemima Carson,USA,GA,Home Office
9983,Jason Wright,USA,CA,Home Office
20493,Basia Mccullough,USA,CA,Home Office
15424,Callie Rodriguez,USA,CA,Home Office
19015,Imogene Bradley,USA,OH,Home Office
17895,Remedios Ewing,USA,KS,Home Office
16498,Violet Daniels,USA,CA,Home Office
19127,September Terry,USA,CO,Home Office
15749,Olympia Schwartz,USA,MO,Home Office
20587,Darryl Bauer,USA,CT,Home Office
17735,Marah Vasquez,USA,PA,Home Office
17355,Aimee Dawson,USA,CA,Home Office
15977,Quincy Mccarthy,USA,GA,Home Office
18679,Moana Valentine,USA,CA,Home Office
15403,Wynter Brady,USA,FL,Home Office
18690,Ruth Burgess,USA,TX,Home Office
17543,Rachel Mccormick,USA,PA,Home Office
17850,Imani Clayton,USA,IL,Home Office
19010,Yoshi Jordan,USA,CA,Home Office
19817,Gloria Hull,USA,IA,Home Office
20032,Karleigh Cook,USA,TX,Home Office
19905,Anastasia Horton,USA,TX,Home Office
20082,Patricia Farmer,USA,NJ,Home Office
8131,Thomas Gonzalez,USA,NY,Home Office
6124,William Walter,USA,TX,Home Office
19274,Violet Hines,USA,AZ,Home Office
16470,Clau Bradley,USA,CA,Home Office
17708,Cassady Witt,USA,CA,Home Office
18863,Dakota Hopkins,USA,CO,Home Office
20009,Jordan Powell,USA,NY,Home Office
16381,Abra Jensen,USA,OR,Home Office
17200,Octavia Obrien,USA,MI,Home Office
17199,Robin Crawford,USA,CA,Home Office
20334,Xerxes Elliott,USA,TX,Home Office
14558,Alma Patton,USA,CA,Home Office
12966,Quail Mason,USA,NJ,Home Office
13047,September Morton,USA,CA,Home Office
14353,Kitra Vaughan,USA,CA,Home Office
14668,Lani Emerson,USA,KY,Home Office
14771,Mona Jarvis,USA,CA,Home Office
13894,Amelia Mcclain,USA,PA,Home Office
14906,Amela Lane,USA,CA,Home Office
12612,Candice Odom,USA,MD,Home Office
12476,Quyn Kent,USA,CA,Home Office
12902,Emi Herman,USA,NY,Home Office
19819,Evelyn Farmer,USA,OH,Home Office
18187,Azalia Tran,USA,UT,Home Office
18184,Dahlia Shaw,USA,IL,Home Office
16443,Rebecca Weiss,USA,TN,Home Office
16442,Destiny Eaton,USA,NJ,Home Office
16565,Susan Vaughn,USA,NY,Home Office
16527,Fredericka Poole,USA,NY,Home Office
18776,Sybil Clark,USA,WA,Home Office
15774,Debra Gentry,USA,MA,Home Office
20518,Kirby Morgan,USA,CA,Home Office
17739,Frances Sweeney,USA,NY,Home Office
15930,Hannah Jennings,USA,CA,Home Office
20569,Jillian Patterson,USA,NY,Home Office
20387,Inez Serrano,USA,CA,Home Office
15979,Selma Shepherd,USA,CA,Home Office
17929,Le ,USA,HI,Home Office
15310,Margaret Stuart,USA,CA,Home Office
17838,Faith Salinas,USA,TN,Home Office
16185,Iona Terry,USA,CA,Home Office
16131,Shaine Sheppard,USA,OR,Home Office
19860,Ori Parrish,USA,NY,Home Office
18624,Gemma Rose,USA,CA,Home Office
19821,Cassandra Banks,USA,IL,Home Office
20251,Shelley Madden,USA,TX,Home Office
16105,Priscilla Owens,USA,CA,Home Office
17161,Piper Sweeney,USA,VA,Home Office
18932,Rebecca Faulkner,USA,CA,Home Office
20118,Megan Ortiz,USA,OH,Home Office
10465,Cynthia Spence,USA,CA,Home Office
13030,Cora Everett,USA,WA,Home Office
12677,Aileen Barrera,USA,OH,Home Office
15051,Diana Jenkins,USA,CA,Home Office
12985,Erica Meyer,USA,TX,Home Office
14290,Kelsie George,USA,CA,Home Office
14397,Dakota Pickett,USA,OH,Home Office
14375,Tana Johnston,USA,CA,Home Office
13336,Quin Cole,USA,MI,Home Office
14174,TaShya Deleon,USA,MI,Home Office
14335,Jayme Glenn,USA,VA,Home Office
14689,Cleo Henson,USA,TN,Home Office
14206,Robin Moreno,USA,PA,Home Office
13169,Heidi Norton,USA,TX,Home Office
13717,Paloma Gilliam,USA,CA,Home Office
14716,Willow Steele,USA,OR,Home Office
14021,Martina Atkinson,USA,IA,Home Office
14019,Lynn Turner,USA,TX,Home Office
13851,Angelica Tanner,USA,CA,Home Office
13923,Camilla Sims,USA,VA,Home Office
13616,Meghan Dean,USA,MI,Home Office
13614,Ila Rivers,USA,FL,Home Office
14901,Kay Mack,USA,CA,Home Office
13630,Sylvia Combs,USA,CA,Home Office
14008,Quyn Neal,USA,AZ,Home Office
12734,Robin Vaughn,USA,IL,Home Office
12514,Destiny Fuentes,USA,MD,Home Office
12710,Blythe Figueroa,USA,TX,Home Office
12673,Audrey Boyle,USA,CA,Home Office
12489,Kevyn Donaldson,USA,GA,Home Office
12938,Mara Ramsey,USA,NY,Home Office
15047,Dora Wilkerson,USA,NY,Home Office
15062,Sara Pate,USA,CA,Home Office
12876,Denise Jordan,USA,NY,Home Office
12869,Xerxes Hinton,USA,NV,Home Office
3108,Mary Smith,USA,TX,Home Office
18056,Kimberley Yang,USA,GA,Home Office
18015,Grace Morton,USA,VA,Home Office
20498,Tamara Sharp,USA,CA,Home Office
20388,Kylynn Bowen,USA,MI,Home Office
20521,Alyssa Roy,USA,CA,Home Office
19838,Meredith Sharpe,USA,CA,Home Office
20342,Eliana Wolfe,USA,HI,Home Office
17898,Christine Huff,USA,GA,Home Office
18208,Hedy Cunningham,USA,OH,Home Office
18136,Alexis Woodward,USA,NM,Home Office
18099,Josephine Copeland,USA,CA,Home Office
18035,Sloane Molina,USA,CA,Home Office
17901,Nola Morton,USA,GA,Home Office
19123,Stephanie Glenn,USA,MA,Home Office
16552,Lee Collins,USA,IL,Home Office
16623,Blair Ware,USA,GA,Home Office
16533,Quin Hines,USA,CO,Home Office
16586,Nadine Roberson,USA,CA,Home Office
19208,Veronica Conrad,USA,FL,Home Office
19170,Carolyn Farley,USA,OH,Home Office
16422,Ora Valdez,USA,HI,Home Office
19096,Chantale Sutton,USA,NY,Home Office
19042,Desiree Byers,USA,GA,Home Office
16491,Rhoda Hudson,USA,NY,Home Office
19252,Kelsie Harri,USA,WI,Home Office
18836,Whitney Flynn,USA,CA,Home Office
15851,Karly Daniels,USA,CA,Home Office
15725,Imani Golden,USA,CA,Home Office
15901,Cally Hobbs,USA,CA,Home Office
17488,Clio Haynes,USA,HI,Home Office
17289,Amena Oneill,USA,NY,Home Office
20585,Yolanda Patton,USA,FL,Home Office
18366,Carla Blackburn,USA,NY,Home Office
20619,Farrah Tucker,USA,CO,Home Office
20439,Huff ,USA,CA,Home Office
17732,Jenette Walker,USA,HI,Home Office
17731,Lee Richmond,USA,OH,Home Office
17426,Joan Logan,USA,AZ,Home Office
18507,Mary Whitfield,USA,WV,Home Office
20598,Winifred Newton,USA,TX,Home Office
18379,Charissa Gentry,USA,CA,Home Office
18505,Courtney Suarez,USA,GA,Home Office
16045,Mara Schultz,USA,FL,Home Office
20504,Azalia Patrick,USA,CA,Home Office
16007,Ima Avery,USA,TX,Home Office
17706,Belle Melton,USA,PA,Home Office
17346,Kitra Patton,USA,NJ,Home Office
15556,Summer Bennett,USA,CO,Home Office
15465,Serina Owens,USA,CA,Home Office
15429,Aspen Juarez,USA,GA,Home Office
18658,Blair Gray,USA,IL,Home Office
18724,Lydia Richard,USA,MI,Home Office
15558,Hadassah Cherry,USA,GA,Home Office
16098,Winifred Monroe,USA,NY,Home Office
17065,Rosalyn Daniels,USA,NY,Home Office
17874,Victoria Thomas,USA,NC,Home Office
18612,Reagan Mckenzie,USA,NY,Home Office
19883,Aimee Hill,USA,AZ,Home Office
15231,Keiko Compton,USA,CA,Home Office
16096,Mira Macdonald,USA,TX,Home Office
17800,Felicia Wilkins,USA,CA,Home Office
16094,Signe Tran,USA,CA,Home Office
20184,Faith Mcleod,USA,TX,Home Office
16272,Madeline Aguilar,USA,VA,Home Office
15208,Hedy Witt,USA,CA,Home Office
15279,Dawn Meadows,USA,TX,Home Office
19912,Beatty Holt,USA,SC,Home Office
17148,Allegra Perry,USA,NJ,Home Office
16144,Ila Heath,USA,OH,Home Office
15206,Mallory Mccormick,USA,CA,Home Office
16162,Brenna Mclean,USA,CA,Home Office
17866,Hillary Maddox,USA,NC,Home Office
20234,Mary Wilkerson,USA,CA,Home Office
16305,Ignacia Holmes,USA,CA,Home Office
19856,Xerxes King,USA,CT,Home Office
16286,Belle Stein,USA,TX,Home Office
18920,Sheila Dorsey,USA,CO,Home Office
16196,Brianna Potter,USA,CA,Home Office
18918,Karleigh Bolton,USA,FL,Home Office
20033,Maxine Coleman,USA,CA,Home Office
20087,Stephanie Garcia,USA,NY,Home Office
16157,Audrey Walton,USA,MI,Home Office
16228,Hedda Randall,USA,CA,Home Office
17105,Mikayla Parrish,USA,PA,Home Office
16226,Quon Cote,USA,GA,Home Office
19776,Aphrodite Nieves,USA,WV,Home Office
17785,Cassandra Camacho,USA,CO,Home Office
17138,Audrey Oneill,USA,IL,Home Office
20226,Cecilia Arnold,USA,PA,Home Office
2178,Martha Young,USA,OH,Home Office
2849,Rebecca Reed,USA,TX,Home Office
14945,Odette Rutledge,USA,FL,Home Office
13327,Blythe Morris,USA,OR,Home Office
13545,Hanna Pierce,USA,LA,Home Office
12556,Basia Tillman,USA,NY,Home Office
12474,Amela Henderson,USA,LA,Home Office
15055,Eve Wise,USA,MI,Home Office
13434,Amela Gates,USA,CA,Home Office
13218,Rhoda Hewitt,USA,TX,Home Office
14571,Sade Mcdonald,USA,CA,Home Office
14394,Inez Savage,USA,PA,Home Office
13372,Ainsley Lynn,USA,CA,Home Office
13942,Scarlett Combs,USA,MD,Home Office
13941,Zenia Daugherty,USA,CA,Home Office
14044,India Guzman,USA,FL,Home Office
5517,Mary Wagner,USA,NJ,Home Office
12464,Aspen Ramirez,USA,WA,Home Office
13015,Victoria Mann,USA,LA,Home Office
19889,Astra Booker,USA,CT,Home Office
19102,Venus Potts,USA,OR,Home Office
16474,Isabella Poole,USA,IL,Home Office
19255,Jana Terry,USA,CA,Home Office
17955,Glenna Mayer,USA,TX,Home Office
15920,Amy Walton,USA,NY,Home Office
20397,Xerxes Ortiz,USA,CA,Home Office
18680,Moana Gallegos,USA,FL,Home Office
17555,Xantha Collins,USA,IL,Home Office
20150,Wynter Clark,USA,CA,Home Office
15224,Jaden Schwartz,USA,NV,Home Office
19169,Farrah Huber,USA,CA,Home Office
19256,Hedy Workman,USA,FL,Home Office
16576,Melodie Best,USA,OH,Home Office
15769,Jacqueline Trujillo,USA,MI,Home Office
17720,Brianna Hammond,USA,PA,Home Office
20748,Minerva Massey,USA,NY,Home Office
17265,Martha Emerson,USA,NM,Home Office
20152,Constance Oneal,USA,OR,Home Office
19888,Ainsley Shannon,USA,NY,Home Office
17179,Azalia Wheeler,USA,AZ,Home Office
519,Hannah Ruiz,USA,UT,Home Office
6821,Dennis Lopez,USA,CA,Home Office
13102,Jordan Garrison,USA,FL,Home Office
14195,Emily Ramirez,USA,NY,Home Office
14567,Dana Santos,USA,VA,Home Office
13841,Autumn Perkins,USA,OH,Home Office
13934,Haley Wooten,USA,TX,Home Office
12624,Christen Brock,USA,CA,Home Office
16232,Jenette Wilkins,USA,FL,Home Office
20508,Jillian Britt,USA,NY,Home Office
15422,Felicia Callahan,USA,IL,Home Office
17596,Mira Rivera,USA,CA,Home Office
16538,Alfreda Livingston,USA,LA,Home Office
16471,Ria Conrad,USA,TX,Home Office
18805,Germaine Watson,USA,OH,Home Office
17524,Macy Day,USA,OH,Home Office
20532,Dominique Short,USA,CA,Home Office
20511,Martina Potts,USA,AZ,Home Office
1370,Frank Wheeler,USA,MI,Home Office
17594,Signe May,USA,TX,Home Office
17028,Gwendolyn Mcconnell,USA,CO,Home Office
20335,Clare Riddle,USA,CO,Home Office
18861,Angelica Owens,USA,CA,Home Office
13870,Simone Oneill,USA,OH,Home Office
13070,Megan Haley,USA,CA,Home Office
14366,Nell Rose,USA,MN,Home Office
13653,Nadine Velazquez,USA,IL,Home Office
12602,Simone Ochoa,USA,MO,Home Office
15120,Iola Farley,USA,FL,Home Office
15028,Rhoda Hogan,USA,TX,Home Office
13271,Karyn Juarez,USA,CA,Home Office
14086,Nelle Hyde,USA,NJ,Home Office
14005,Lani Rodgers,USA,CA,Home Office
13666,Danielle Palmer,USA,CA,Home Office
12599,Ivy Bender,USA,NM,Home Office
12473,Donna Garcia,USA,VA,Home Office
13535,Wynne Thornton,USA,DC,Home Office
13930,Deanna Hughes,USA,OR,Home Office
16130,Myra Armstrong,USA,MI,Home Office
18186,Wynter Rios,USA,VA,Home Office
16566,Camilla Lowe,USA,PA,Home Office
17397,Xerxes Logan,USA,OH,Home Office
17635,Hanae Sharpe,USA,CA,Home Office
15550,Gemma Hansen,USA,MT,Home Office
18656,Sybill Merrill,USA,CA,Home Office
18654,Shelley Wolf,USA,FL,Home Office
16368,Denise Wheeler,USA,NC,Home Office
19773,Germaine Roberson,USA,OH,Home Office
18926,Irma Case,USA,FL,Home Office
19034,Lani Orr,USA,CA,Home Office
16184,Gillian Burt,USA,CA,Home Office
20139,Ariana Levine,USA,UT,Home Office
20373,Odessa Robertson,USA,NJ,Home Office
16585,Dakota Page,USA,NY,Home Office
19202,Claire Boyer,USA,CO,Home Office
15773,Petra Kirkland,USA,MD,Home Office
17934,Kaitlin House,USA,AZ,Home Office
15921,Libby Beasley,USA,CA,Home Office
20735,Marah Sharpe,USA,AZ,Home Office
18681,Shana Roach,USA,TX,Home Office
19803,Irma Davenport,USA,MN,Home Office
16341,Karina Robinson,USA,CA,Home Office
19837,Quin Webster,USA,CA,Home Office
16139,Nora Branch,USA,CA,Home Office
5963,Johnny Smith,USA,CA,Home Office
12435,Laura Horton,USA,SC,Home Office
13151,Ivana Hayden,USA,IA,Home Office
13005,Ursula Whitaker,USA,ID,Home Office
13113,Carol Valencia,USA,IL,Home Office
13144,Velma Underwood,USA,AZ,Home Office
13392,Desiree Rowland,USA,NY,Home Office
13281,Roanna Garrett,USA,CA,Home Office
13227,Cynthia Wilcox,USA,MI,Home Office
13223,Haviva Zimmerman,USA,NJ,Home Office
13006,Zenaida Kline,USA,NY,Home Office
14204,Karina Brooks,USA,NV,Home Office
13987,Imogene Best,USA,NJ,Home Office
12779,Bree Ball,USA,TX,Home Office
13914,Leilani Parks,USA,NY,Home Office
14733,Quon Jones,USA,CA,Home Office
13695,Cora Best,USA,WA,Home Office
13694,Hanna Finch,USA,TX,Home Office
13872,Alfreda Oneal,USA,TX,Home Office
14014,Mallory Marshall,USA,FL,Home Office
13978,Melinda Leon,USA,LA,Home Office
13883,Rowan Palmer,USA,DE,Home Office
13882,Mari Roth,USA,TN,Home Office
14718,Anastasia Coffey,USA,CA,Home Office
12712,Kirby Brock,USA,CA,Home Office
12477,Skyler Sanford,USA,NY,Home Office
12675,Emerald Garcia,USA,TX,Home Office
14931,Tamara Schultz,USA,NY,Home Office
13166,Shaine Williamson,USA,NY,Home Office
14148,Melanie Evans,USA,PA,Home Office
13021,Christen Norris,USA,NY,Home Office
14360,Breanna Sampson,USA,AZ,Home Office
14396,Fallon Ayers,USA,DE,Home Office
13051,Alexa Lynch,USA,TX,Home Office
14638,Shaine Goodman,USA,TX,Home Office
14636,Sonia Mckee,USA,TX,Home Office
14207,Octavia Hayes,USA,NJ,Home Office
14597,Evelyn Grimes,USA,CA,Home Office
14259,Kimberly Ayers,USA,FL,Home Office
13543,Hiroko Mueller,USA,HI,Home Office
12488,Xantha Koch,USA,IL,Home Office
12627,Ariel Oneill,USA,OR,Home Office
12728,Abra Weiss,USA,OH,Home Office
12601,Venus Evans,USA,CA,Home Office
15121,Sybill Vance,USA,WI,Home Office
15013,Jescie Cochran,USA,TX,Home Office
15077,Reagan Dotson,USA,TX,Home Office
14081,Ainsley Dixon,USA,NY,Home Office
13771,Eliana Harrison,USA,FL,Home Office
11168,Cynthia Smith,USA,NJ,Home Office
104,Debra Wood,USA,MN,Home Office
18183,Jenette Huffman,USA,TX,Home Office
19254,Cassandra Kline,USA,NY,Home Office
17473,Rosalyn Dudley,USA,GA,Home Office
15322,Roanna Wright,USA,AZ,Home Office
17766,Calista Beasley,USA,MI,Home Office
18076,Melodie Delgado,USA,MD,Home Office
18158,Ciara Leblanc,USA,NJ,Home Office
16553,Rhoda Cox,USA,NC,Home Office
18835,Stella Cain,USA,MA,Home Office
18778,Sophia Randolph,USA,CA,Home Office
20421,Libby Pate,USA,CA,Home Office
20492,Hayfa Ward,USA,TX,Home Office
18377,Odette Stevens,USA,TX,Home Office
15954,Tana Austin,USA,CA,Home Office
15637,Rina Mullins,USA,NY,Home Office
15384,Dora Sheppard,USA,CA,Home Office
15308,Karly Mccall,USA,NY,Home Office
16242,Melissa Bailey,USA,CA,Home Office
17101,Nayda Robertson,USA,CA,Home Office
16240,Aphrodite Gaines,USA,MD,Home Office
16239,Frances Johnston,USA,CA,Home Office
20293,Rae Byrd,USA,NY,Home Office
16359,Jaden Mathis,USA,NM,Home Office
16197,Olympia Hopkins,USA,CA,Home Office
19925,Medge Dodson,USA,NJ,Home Office
17142,Aileen Massey,USA,VA,Home Office
17249,Olympia Le,USA,CA,Home Office
19850,Paola Lindsay,USA,IL,Home Office
16135,Hanae Maddox,USA,CA,Home Office
18613,Amity Lynch,USA,CA,Home Office
18151,Fatima Morales,USA,CA,Home Office
18105,Aphrodite Marsh,USA,IL,Home Office
17902,Kerry Bryan,USA,NY,Home Office
19249,Xaviera Workman,USA,OH,Home Office
16519,Chanda Schneider,USA,MI,Home Office
16532,Madeson Elliott,USA,NY,Home Office
15845,Summer Long,USA,PA,Home Office
15899,Hyacinth Albert,USA,NC,Home Office
15842,Eliana Hartman,USA,TX,Home Office
20428,Jael Hull,USA,CO,Home Office
15967,Illana Douglas,USA,CO,Home Office
20659,Riley Lee,USA,HI,Home Office
18380,Hedda Bradshaw,USA,OH,Home Office
16005,Dahlia Holmes,USA,UT,Home Office
15482,Kai Roach,USA,MD,Home Office
15366,Carla Navarro,USA,NJ,Home Office
15383,Karleigh Wheeler,USA,CA,Home Office
17613,Demetria Duncan,USA,IL,Home Office
17552,Gemma Sutton,USA,PA,Home Office
17560,Dana Meyers,USA,MA,Home Office
16241,Carissa Moran,USA,MA,Home Office
16133,Maite Holmes,USA,MI,Home Office
19846,Blythe Lott,USA,DE,Home Office
16238,Cathleen Tate,USA,FL,Home Office
16182,Cleo Lee,USA,WA,Home Office
17867,Oprah Byrd,USA,GA,Home Office
20235,Doris Logan,USA,TX,Home Office
18922,Amelia Frederick,USA,IL,Home Office
19873,Ainsley Wynn,USA,MI,Home Office
15166,Eleanor Collins,USA,NY,Home Office
16156,Cally Workman,USA,CA,Home Office
19976,Kylie Mccormick,USA,PA,Home Office
19975,Yoshi Reynolds,USA,CA,Home Office
20262,Maya Kim,USA,WA,Home Office
18098,Iola Pitts,USA,PA,Home Office
20730,Kelsie Cardenas,USA,FL,Home Office
20635,Hanae Ramirez,USA,MA,Home Office
20670,Katell Burns,USA,CA,Home Office
17609,Velma Morin,USA,CA,Home Office
17545,Mara Harvey,USA,FL,Home Office
15156,Martha Baxter,USA,MI,Home Office
18587,Lee Jennings,USA,NV,Home Office
18956,Hannah Fernandez,USA,CA,Home Office
19848,Melyssa Henry,USA,MI,Home Office
12275,Mary Dudley,USA,CA,Home Office
7154,Mary Thomas,USA,IL,Home Office
3779,Emma Dougherty,USA,CA,Home Office
13506,Ria Meyers,Puerto Rico,PR,Consumer
14498,Brynn Rowland,Puerto Rico,PR,Consumer
14160,Illana Beasley,Puerto Rico,PR,Consumer
14268,Kiayada Saunders,Puerto Rico,PR,Consumer
14840,Geraldine Faulkner,Puerto Rico,PR,Consumer
493,Joseph Smith,Puerto Rico,PR,Consumer
12460,Basia West,Puerto Rico,PR,Consumer
12459,Callie Colon,Puerto Rico,PR,Consumer
14941,Cheryl Bird,Puerto Rico,PR,Consumer
18149,Stella Perez,Puerto Rico,PR,Consumer
16439,Rowan Vaughn,Puerto Rico,PR,Consumer
16618,Nadine Zimmerman,Puerto Rico,PR,Consumer
18812,Azalia Collins,Puerto Rico,PR,Consumer
16037,Xandra Bolton,Puerto Rico,PR,Consumer
17639,Nora Stevens,Puerto Rico,PR,Consumer
15336,Aretha Phelps,Puerto Rico,PR,Consumer
15630,Jolene Hull,Puerto Rico,PR,Consumer
20061,Cynthia Ellison,Puerto Rico,PR,Consumer
20347,Ifeoma Thomas,Puerto Rico,PR,Consumer
18907,Quon Obrien,Puerto Rico,PR,Consumer
17076,Pearl Sharp,Puerto Rico,PR,Consumer
18995,Nomlanga Dalton,Puerto Rico,PR,Consumer
17884,Cara Mcmillan,Puerto Rico,PR,Consumer
17120,Sheila Randolph,Puerto Rico,PR,Consumer
13502,Zenaida Sawyer,Puerto Rico,PR,Consumer
13061,Gwendolyn Boone,Puerto Rico,PR,Consumer
12720,Beverly Stokes,Puerto Rico,PR,Consumer
16557,Gloria Roberson,Puerto Rico,PR,Consumer
19273,Skyler Ball,Puerto Rico,PR,Consumer
18846,Samantha Rocha,Puerto Rico,PR,Consumer
14647,Ainsley Bird,Puerto Rico,PR,Consumer
13340,Ignacia Riley,Puerto Rico,PR,Consumer
14641,Heidi Mayer,Puerto Rico,PR,Consumer
13999,Hedy Martinez,Puerto Rico,PR,Consumer
13889,Ori Bird,Puerto Rico,PR,Consumer
13853,Olympia Shannon,Puerto Rico,PR,Consumer
18247,Cailin Neal,Puerto Rico,PR,Consumer
19196,Lenore Macdonald,Puerto Rico,PR,Consumer
19212,Jolie Kirkland,Puerto Rico,PR,Consumer
16547,Dora Roy,Puerto Rico,PR,Consumer
15908,Wanda Puckett,Puerto Rico,PR,Consumer
18481,Shafira Mcguire,Puerto Rico,PR,Consumer
15949,Nichole Holloway,Puerto Rico,PR,Consumer
18390,Idola Mcbride,Puerto Rico,PR,Consumer
20571,Ocean Cabrera,Puerto Rico,PR,Consumer
15929,Evelyn Williams,Puerto Rico,PR,Consumer
18513,Mara Mckenzie,Puerto Rico,PR,Consumer
17377,Renee Hubbard,Puerto Rico,PR,Consumer
17427,Teagan Lopez,Puerto Rico,PR,Consumer
15588,Ria Jennings,Puerto Rico,PR,Consumer
18695,Cora James,Puerto Rico,PR,Consumer
15407,Leilani Whitfield,Puerto Rico,PR,Consumer
17599,Carol Mcleod,Puerto Rico,PR,Consumer
18981,Mona Hutchinson,Puerto Rico,PR,Consumer
20185,Beverly Frazier,Puerto Rico,PR,Consumer
17849,Charity Preston,Puerto Rico,PR,Consumer
19836,Felicia Francis,Puerto Rico,PR,Consumer
16279,Chava Suarez,Puerto Rico,PR,Consumer
13004,Rhoda Workman,Puerto Rico,PR,Consumer
14346,Lara Bartlett,Puerto Rico,PR,Consumer
14238,Kaitlin Kinney,Puerto Rico,PR,Consumer
14328,Tara Campos,Puerto Rico,PR,Consumer
14539,Dominique Burnett,Puerto Rico,PR,Consumer
14464,Clementine Valencia,Puerto Rico,PR,Consumer
13522,Mari Armstrong,Puerto Rico,PR,Consumer
13143,Macy Greene,Puerto Rico,PR,Consumer
14158,Sybill Tyler,Puerto Rico,PR,Consumer
14390,Chloe Fox,Puerto Rico,PR,Consumer
14101,Nerea Cantrell,Puerto Rico,PR,Consumer
13513,Destiny Valentine,Puerto Rico,PR,Consumer
13027,Hayfa Hendrix,Puerto Rico,PR,Consumer
14436,Evelyn Keller,Puerto Rico,PR,Consumer
13730,Daryl Powell,Puerto Rico,PR,Consumer
13637,Lacey Perkins,Puerto Rico,PR,Consumer
13582,Dora Espinoza,Puerto Rico,PR,Consumer
14030,Freya Rosario,Puerto Rico,PR,Consumer
14831,Ori Kirkland,Puerto Rico,PR,Consumer
14902,Remedios Kirkland,Puerto Rico,PR,Consumer
13809,Danielle Charles,Puerto Rico,PR,Consumer
12650,Phyllis Ortega,Puerto Rico,PR,Consumer
12646,Christine Byers,Puerto Rico,PR,Consumer
12447,Ursa Avila,Puerto Rico,PR,Consumer
12497,Cally Chang,Puerto Rico,PR,Consumer
12568,Maxine Mclean,Puerto Rico,PR,Consumer
12729,Margaret Curry,Puerto Rico,PR,Consumer
12691,Leigh Moses,Puerto Rico,PR,Consumer
12492,Neve Gould,Puerto Rico,PR,Consumer
12850,Alyssa Mcgee,Puerto Rico,PR,Consumer
12848,Hope Acosta,Puerto Rico,PR,Consumer
14974,Isabella Montoya,Puerto Rico,PR,Consumer
15008,Hiroko Pruitt,Puerto Rico,PR,Consumer
14971,Ria Maynard,Puerto Rico,PR,Consumer
12870,Clare Battle,Puerto Rico,PR,Consumer
14982,Ayanna Lawson,Puerto Rico,PR,Consumer
7909,Aaron Mann,Puerto Rico,PR,Consumer
1047,Carolyn Clark,Puerto Rico,PR,Consumer
18117,Chiquita Armstrong,Puerto Rico,PR,Consumer
18170,Kelsey Avery,Puerto Rico,PR,Consumer
18201,Demetria Santiago,Puerto Rico,PR,Consumer
18141,Amanda Morse,Puerto Rico,PR,Consumer
18103,Christine Emerson,Puerto Rico,PR,Consumer
19063,Eugenia Rivas,Puerto Rico,PR,Consumer
19203,TaShya Cain,Puerto Rico,PR,Consumer
16417,Oprah Tucker,Puerto Rico,PR,Consumer
19075,Zena Sharpe,Puerto Rico,PR,Consumer
15761,Kiayada Carson,Puerto Rico,PR,Consumer
15743,Hillary Petty,Puerto Rico,PR,Consumer
18759,Jaden Sears,Puerto Rico,PR,Consumer
15722,Hope Gardner,Puerto Rico,PR,Consumer
18829,Angela Crane,Puerto Rico,PR,Consumer
17362,Beatrice Nielsen,Puerto Rico,PR,Consumer
17941,Cheryl Bailey,Puerto Rico,PR,Consumer
17307,Cara Burke,Puerto Rico,PR,Consumer
20713,Ivory Duncan,Puerto Rico,PR,Consumer
18333,Stella Cantrell,Puerto Rico,PR,Consumer
8329,Mary Hall,Puerto Rico,PR,Consumer
18405,Germane Bean,Puerto Rico,PR,Consumer
18440,Britanney Dyer,Puerto Rico,PR,Consumer
17339,Lara Huff,Puerto Rico,PR,Consumer
18295,Sage Goodman,Puerto Rico,PR,Consumer
17374,Cherokee Aguilar,Puerto Rico,PR,Consumer
18026,Piper Sykes,Puerto Rico,PR,Consumer
16032,Dominique Le,Puerto Rico,PR,Consumer
18472,Jena Holland,Puerto Rico,PR,Consumer
18024,Charde Hutchinson,Puerto Rico,PR,Consumer
20398,Emma Huff,Puerto Rico,PR,Consumer
17278,Ina Mayo,Puerto Rico,PR,Consumer
20647,Zenaida Vargas,Puerto Rico,PR,Consumer
20431,Quail Brennan,Puerto Rico,PR,Consumer
15934,Lucy Orr,Puerto Rico,PR,Consumer
15358,Kimberly Haley,Puerto Rico,PR,Consumer
15370,Rhonda Chase,Puerto Rico,PR,Consumer
9929,Charles Owens,Puerto Rico,PR,Consumer
15622,Kevyn Stanton,Puerto Rico,PR,Consumer
18711,Zephr Kane,Puerto Rico,PR,Consumer
15296,Jane Marks,Puerto Rico,PR,Consumer
15559,Jenna Gray,Puerto Rico,PR,Consumer
15666,Claire Wood,Puerto Rico,PR,Consumer
15576,Pearl Bond,Puerto Rico,PR,Consumer
17557,Aubrey Berg,Puerto Rico,PR,Consumer
17584,Calista Gilliam,Puerto Rico,PR,Consumer
17565,Britanni Landry,Puerto Rico,PR,Consumer
19020,Signe Walton,Puerto Rico,PR,Consumer
18539,Dacey Roman,Puerto Rico,PR,Consumer
15159,Hanna Conrad,Puerto Rico,PR,Consumer
15266,Raven Rasmussen,Puerto Rico,PR,Consumer
20042,Meredith Dyer,Puerto Rico,PR,Consumer
20077,Candice Pierce,Puerto Rico,PR,Consumer
16145,Lynn Webster,Puerto Rico,PR,Consumer
20074,Ainsley Mccullough,Puerto Rico,PR,Consumer
20344,Sopoline Rocha,Puerto Rico,PR,Consumer
17072,Jenna Brock,Puerto Rico,PR,Consumer
15149,Stella Cline,Puerto Rico,PR,Consumer
18617,Callie Gallegos,Puerto Rico,PR,Consumer
20085,Mikayla Munoz,Puerto Rico,PR,Consumer
18543,Audra Long,Puerto Rico,PR,Consumer
20228,Amanda Macias,Puerto Rico,PR,Consumer
8213,Betty Rollins,Puerto Rico,PR,Consumer
3657,Mary Davis,Puerto Rico,PR,Consumer
13473,Rachel Robles,Puerto Rico,PR,Consumer
13201,Desiree Craft,Puerto Rico,PR,Consumer
13326,Zoe Fox,Puerto Rico,PR,Consumer
13342,Zia Cunningham,Puerto Rico,PR,Consumer
13465,Pascale Stokes,Puerto Rico,PR,Consumer
13373,Faith Wilcox,Puerto Rico,PR,Consumer
14265,Felicia Harrison,Puerto Rico,PR,Consumer
14491,Madonna Lucas,Puerto Rico,PR,Consumer
13315,Eve Harrington,Puerto Rico,PR,Consumer
13313,Hedwig Bishop,Puerto Rico,PR,Consumer
14505,Tamara Campbell,Puerto Rico,PR,Consumer
14887,Brianna Mccray,Puerto Rico,PR,Consumer
14793,Belle Aguilar,Puerto Rico,PR,Consumer
13936,Aspen Bridges,Puerto Rico,PR,Consumer
14810,Abra Mullen,Puerto Rico,PR,Consumer
14042,Lydia Velazquez,Puerto Rico,PR,Consumer
12739,Gwendolyn Klein,Puerto Rico,PR,Consumer
12666,Abigail Downs,Puerto Rico,PR,Consumer
12683,Allegra Petty,Puerto Rico,PR,Consumer
12693,Karleigh Buckner,Puerto Rico,PR,Consumer
12958,Ainsley Snider,Puerto Rico,PR,Consumer
12956,Libby Peck,Puerto Rico,PR,Consumer
12899,Medge Hunt,Puerto Rico,PR,Consumer
15020,Ocean Spence,Puerto Rico,PR,Consumer
15018,Sara Clarke,Puerto Rico,PR,Consumer
13212,Susan Haley,Puerto Rico,PR,Consumer
6647,Tyler Rivera,Puerto Rico,PR,Consumer
14943,Rebecca Pennington,Puerto Rico,PR,Consumer
7014,Mary Carey,Puerto Rico,PR,Consumer
18164,Victoria Underwood,Puerto Rico,PR,Consumer
18180,Xandra Wilcox,Puerto Rico,PR,Consumer
19141,Mikayla Warren,Puerto Rico,PR,Consumer
16497,Naida Mcmillan,Puerto Rico,PR,Consumer
19083,Risa Wise,Puerto Rico,PR,Consumer
19168,Laurel Chavez,Puerto Rico,PR,Consumer
16509,Frances Stanton,Puerto Rico,PR,Consumer
16507,Audra Vance,Puerto Rico,PR,Consumer
19110,Ainsley Adkins,Puerto Rico,PR,Consumer
19216,Suki Walters,Puerto Rico,PR,Consumer
18755,Lani Oneal,Puerto Rico,PR,Consumer
15734,Mary Trevino,Puerto Rico,PR,Consumer
15912,Stacy Galloway,Puerto Rico,PR,Consumer
18763,Hillary Melton,Puerto Rico,PR,Consumer
18757,Maris Conley,Puerto Rico,PR,Consumer
18444,Lillith Osborn,Puerto Rico,PR,Consumer
18372,Quon Rivers,Puerto Rico,PR,Consumer
17957,Amanda Fulton,Puerto Rico,PR,Consumer
17268,Cora Sweet,Puerto Rico,PR,Consumer
18311,Samantha Joyce,Puerto Rico,PR,Consumer
20453,Orli Hardin,Puerto Rico,PR,Consumer
20632,Francesca Miles,Puerto Rico,PR,Consumer
20596,Mira Sheppard,Puerto Rico,PR,Consumer
17384,Danielle Rodriguez,Puerto Rico,PR,Consumer
17723,Ayanna Golden,Puerto Rico,PR,Consumer
17382,Beverly Simpson,Puerto Rico,PR,Consumer
17436,Alma Hurley,Puerto Rico,PR,Consumer
15305,Brynn Bass,Puerto Rico,PR,Consumer
18682,Carly Hunt,Puerto Rico,PR,Consumer
18644,Donna Mccarty,Puerto Rico,PR,Consumer
15499,Sharon Knowles,Puerto Rico,PR,Consumer
15404,Rachel Daniels,Puerto Rico,PR,Consumer
15294,Angela Massey,Puerto Rico,PR,Consumer
18707,Sierra Bauer,Puerto Rico,PR,Consumer
15578,Gretchen Workman,Puerto Rico,PR,Consumer
20189,Sage Kirby,Puerto Rico,PR,Consumer
20080,Audrey Mercado,Puerto Rico,PR,Consumer
17871,Lydia Knowles,Puerto Rico,PR,Consumer
20006,Desiree Pratt,Puerto Rico,PR,Consumer
16148,Tasha Henderson,Puerto Rico,PR,Consumer
17041,Ainsley Thomas,Puerto Rico,PR,Consumer
19031,Amena Hawkins,Puerto Rico,PR,Consumer
17885,Brees Franco,Puerto Rico,PR,Consumer
15185,Alika Dalton,Puerto Rico,PR,Consumer
17178,Brianna Baker,Puerto Rico,PR,Consumer
19995,Amena Mcfadden,Puerto Rico,PR,Consumer
20264,Pearl Wilder,Puerto Rico,PR,Consumer
19166,Jolene Burgess,Puerto Rico,PR,Consumer
18808,Hilary Sanford,Puerto Rico,PR,Consumer
20684,Gillian Gilliam,Puerto Rico,PR,Consumer
17982,Ayanna Hodges,Puerto Rico,PR,Consumer
15352,Tatiana Frost,Puerto Rico,PR,Consumer
16319,Isabella Pickett,Puerto Rico,PR,Consumer
16335,Linda Nolan,Puerto Rico,PR,Consumer
4525,Mary Wong,Puerto Rico,PR,Consumer
14537,Sydnee Smith,Puerto Rico,PR,Consumer
14615,Macy Roy,Puerto Rico,PR,Consumer
13660,Tara Rodgers,Puerto Rico,PR,Consumer
12786,Shelley Clarke,Puerto Rico,PR,Consumer
13956,Lunea Armstrong,Puerto Rico,PR,Consumer
14808,Quin Potts,Puerto Rico,PR,Consumer
12718,Xyla Shaffer,Puerto Rico,PR,Consumer
12588,Galena Carson,Puerto Rico,PR,Consumer
12584,Nevada Holloway,Puerto Rico,PR,Consumer
14999,Blair Olsen,Puerto Rico,PR,Consumer
12604,Shay Nieves,Puerto Rico,PR,Consumer
18263,Zelda Burch,Puerto Rico,PR,Consumer
19098,Hiroko Scott,Puerto Rico,PR,Consumer
19276,Amena Hayes,Puerto Rico,PR,Consumer
15727,Brynne Cooper,Puerto Rico,PR,Consumer
18847,Ariel Ford,Puerto Rico,PR,Consumer
18012,Camilla Nixon,Puerto Rico,PR,Consumer
15943,Kimberley David,Puerto Rico,PR,Consumer
17657,Audrey Gonzales,Puerto Rico,PR,Consumer
17675,Aubrey Larson,Puerto Rico,PR,Consumer
17315,Alyssa Warren,Puerto Rico,PR,Consumer
15643,Katelyn Colon,Puerto Rico,PR,Consumer
17529,Lynn Diaz,Puerto Rico,PR,Consumer
20094,Nerea Wooten,Puerto Rico,PR,Consumer
19913,Sydnee Salinas,Puerto Rico,PR,Consumer
20092,Ariel Estrada,Puerto Rico,PR,Consumer
19890,Echo Sexton,Puerto Rico,PR,Consumer
15271,Karyn Suarez,Puerto Rico,PR,Consumer
20008,Jayme Chase,Puerto Rico,PR,Consumer
12466,Rhea Cole,Puerto Rico,PR,Home Office
14626,Farrah Pierce,Puerto Rico,PR,Home Office
13071,Mara Mills,Puerto Rico,PR,Home Office
14586,Phoebe Hancock,Puerto Rico,PR,Home Office
14656,Renee Norton,Puerto Rico,PR,Home Office
13078,Rachel Paul,Puerto Rico,PR,Home Office
13536,Lucy Cardenas,Puerto Rico,PR,Home Office
13871,Tallulah Ray,Puerto Rico,PR,Home Office
1642,Mary Smith,Puerto Rico,PR,Home Office
12724,Sage Wilkinson,Puerto Rico,PR,Home Office
18218,Sage Kane,Puerto Rico,PR,Home Office
16495,Faith Moran,Puerto Rico,PR,Home Office
16132,Francesca Melton,Puerto Rico,PR,Home Office
17894,Kay Barr,Puerto Rico,PR,Home Office
19046,Kameko Odonnell,Puerto Rico,PR,Home Office
15875,Tamekah Roberson,Puerto Rico,PR,Home Office
17288,Mercedes Bowen,Puerto Rico,PR,Home Office
17465,Vivian Clements,Puerto Rico,PR,Home Office
18412,Ursa Lowe,Puerto Rico,PR,Home Office
17206,Alexa Atkinson,Puerto Rico,PR,Home Office
18586,Diana Tran,Puerto Rico,PR,Home Office
16322,Anika Davenport,Puerto Rico,PR,Home Office
18579,Yuri Smith,Puerto Rico,PR,Home Office
16244,Hyacinth Witt,Puerto Rico,PR,Home Office
2677,Mary Davis,Puerto Rico,PR,Home Office
